X Y
11.7603 63.0285
4.7001 58.8174
-45.298 -32.7504
47.2086 -21.1501
41.6016 -23.1546
9.4431 60.6687
-49.0049 -22.4989
35.8409 -29.9396
-51.9943 -31.1044
10.5657 58.2267
8.5102 59.0402
-49.8165 -30.6945
40.7548 -25.6946
9.4872 55.5323
10.1602 57.9978
-54.63 -26.9328
40.1635 -17.7394
-50.9508 -29.2925
-52.0273 -29.036
-51.483 -28.0731
45.1902 -24.4361
-48.6708 -33.649
36.2378 -21.9181
-50.6141 -31.144
8.914 59.2622
9.074 57.0974
33.4335 -15.9758
38.3221 -20.6404
44.3375 -18.8179
3.8801 58.5745
11.1209 56.6797
34.679 -18.3102
-46.6166 -37.1252
12.6407 63.2632
-48.5713 -30.5845
35.6159 -13.707
45.181 -21.5206
38.5256 -21.637
10.682 58.8643
13.088 59.1662
37.7433 -18.2711
39.2843 -20.4554
38.7328 -20.7503
36.3321 -13.948
-49.0977 -26.2017
41.4094 -20.8686
13.5804 61.1573
-51.3975 -29.2027
38.6142 -13.8452
-52.8151 -27.1811
9.409 59.1592
-50.9315 -31.1454
7.9875 57.4813
7.4612 61.3543
42.1793 -17.2481
-51.1204 -31.9997
5.8369 59.1701
-53.021 -33.353
-48.8316 -32.2036
-55.7991 -26.001
5.8089 62.2077
-48.3478 -37.3708
-50.6762 -36.2529
40.7604 -18.2666
13.3873 59.5522
9.9702 62.8156
8.8287 57.4258
13.0348 64.8598
-50.6364 -29.7711
38.5403 -18.208
9.3752 61.4186
42.9714 -14.021
37.7907 -22.6445
38.269 -19.8138
7.2591 57.4912
10.6212 56.4685
38.533 -15.4208
-53.058 -32.5646
7.2973 61.3033
42.1968 -15.9798
-49.3246 -22.6622
-50.9941 -34.9146
40.4553 -17.5587
5.2617 62.1259
47.864 -18.5344
-46.8298 -30.9185
37.9946 -25.0802
12.0722 63.6495
-49.8547 -23.1027
11.3491 57.5507
10.7715 61.6689
-42.7423 -36.1184
8.4996 62.9106
43.9396 -20.0398
6.0205 60.1861
40.7587 -26.6686
36.6215 -17.9679
-50.1372 -25.3125
15.3964 59.5399
-51.3507 -29.6571
-45.7137 -31.2153
-48.9787 -30.5518
41.4477 -14.3705
42.5872 -16.9027
12.278 60.4064
42.9592 -15.7854
-51.594 -31.2032
40.3564 -25.3241
37.025 -22.6899
36.0446 -24.4737
13.5137 65.3269
39.8584 -24.1208
11.3768 57.6158
7.9385 60.5863
-50.3776 -34.8877
-47.3602 -30.5109
-51.0583 -31.1744
14.4858 59.0667
39.4311 -16.8509
7.9111 57.023
12.1284 56.1396
10.7 57.4452
-43.9217 -33.2694
-50.5936 -21.2833
-46.3185 -29.3701
-51.0045 -26.4662
9.2339 59.731
-50.9027 -32.3658
-48.476 -29.3627
12.0383 61.5428
8.5034 59.2613
40.7324 -16.3078
39.8284 -21.6491
10.9884 57.4795
13.6791 64.8895
8.5107 59.019
3.9599 57.2916
-52.1116 -32.3399
38.8932 -16.4891
11.8847 58.91
-49.2667 -31.24
38.675 -17.151
9.6805 57.8834
6.8359 56.609
10.6122 60.3121
38.4108 -24.1173
-45.3033 -28.2699
36.5932 -19.2325
-39.8639 -30.889
6.8487 57.4569
3.52 62.3848
9.9204 62.2908
-45.1803 -29.5088
9.5039 52.1384
9.0111 62.1318
39.1685 -19.8477
35.9461 -25.9056
38.221 -23.0024
-49.5173 -25.8137
-49.0072 -31.2895
-55.0289 -32.8005
-49.443 -26.509
33.7194 -19.1853
41.5593 -23.318
18.1204 59.7495
-48.5049 -28.1059
-51.173 -26.2717
40.7109 -16.7017
35.5112 -16.3867
-48.5587 -30.0481
-51.7018 -26.3131
16.6599 57.3181
38.5549 -20.2411
31.8529 -16.6809
39.7281 -18.0769
12.5481 56.2579
-50.3951 -30.4553
-55.5501 -25.4714
-51.5705 -27.0881
12.3894 56.2999
10.5295 55.8575
-46.7866 -25.5745
39.2454 -21.6007
-47.9921 -31.0361
35.6899 -22.6703
39.0805 -16.1649
-50.0034 -30.115
-51.0632 -24.8903
37.5137 -22.7804
36.7876 -19.9626
9.5981 58.7255
-51.3469 -25.8167
-48.8034 -26.5162
41.2519 -19.1634
10.432 60.7636
-50.0076 -29.7545
42.7199 -20.5282
14.1607 59.265
39.0064 -18.7997
9.2997 58.5856
-50.1079 -23.7294
-46.7563 -28.3547
-52.6153 -30.8496
-51.6324 -25.6388
3.3254 57.7422
12.6652 55.7998
-48.695 -32.968
9.5445 55.336
44.6085 -16.1959
36.46 -21.4444
-47.1334 -30.5262
11.9648 60.3819
-47.5677 -37.2875
11.5651 61.761
-44.9727 -27.633
8.7396 54.055
-50.0245 -28.7505
11.7017 61.0521
39.6193 -22.3156
-48.4388 -31.8056
-45.1625 -30.4863
42.0719 -23.6982
-54.6769 -31.4679
-51.7032 -33.4504
15.2485 64.1423
41.8331 -21.2801
14.9111 58.2149
8.4109 63.8221
43.6056 -17.3014
-47.3631 -35.171
-47.5808 -23.2163
10.1923 57.1486
37.9215 -21.2042
13.2517 58.0703
14.0692 60.3469
6.8458 59.3531
8.6592 60.5061
14.7316 59.4478
-49.5729 -32.8067
39.2046 -21.7482
37.2239 -22.3865
43.3446 -20.4451
-44.8906 -28.4791
36.8051 -18.0205
-49.0552 -29.755
42.0797 -18.1791
8.5267 54.5821
32.6496 -17.2738
8.976 56.604
37.6134 -15.4595
-53.2087 -29.4003
11.3065 61.8614
8.8568 56.4768
40.1589 -19.804
12.8135 60.6858
14.5115 61.5871
13.175 65.267
36.3714 -16.5709
37.8627 -21.5271
14.4075 63.0229
4.9104 63.9141
37.7988 -18.3128
14.8616 57.5341
39.7077 -23.1861
-47.0819 -32.6976
16.8725 60.2762
-54.4369 -28.8583
42.4646 -24.0266
-45.9878 -30.2881
10.6542 64.4537
40.2062 -16.7827
14.2123 56.5369
12.4976 64.8444
39.021 -22.3632
12.4823 65.4383
-48.3965 -32.2856
7.335 59.3556
9.9933 57.9
41.0227 -22.3721
37.3138 -23.5034
13.5403 62.5083
39.2016 -20.8909
-48.819 -33.9369
41.0945 -17.6191
41.9416 -23.4926
-50.6198 -32.0499
39.0756 -20.2085
38.4359 -23.9443
-48.6009 -28.3153
-50.2606 -29.7356
-49.8976 -32.3545
40.8362 -19.9847
38.6078 -18.642
-43.7302 -27.3054
-49.1367 -35.8767
-57.6228 -27.2457
10.2964 52.0558
40.7948 -19.7082
-47.1976 -26.758
-53.2418 -29.5303
8.1069 61.5073
38.9397 -22.0777
1.8105 58.5978
42.3012 -17.5907
-50.1958 -23.3689
46.9462 -20.4576
-52.0836 -32.5222
40.9307 -16.6679
11.2104 58.7113
17.5836 58.4549
-50.4062 -27.8018
11.3321 63.7397
40.4102 -17.5263
-47.7488 -31.8435
36.5592 -21.2931
9.2637 63.1601
39.2868 -23.5557
36.2482 -19.8436
5.8562 55.1507
45.7339 -22.9062
39.9813 -17.6851
-50.3298 -30.5351
-50.7324 -30.7892
8.2201 63.8487
-47.3995 -32.0926
8.3095 62.5407
-1.4803 61.5026
-52.2095 -21.18
11.8953 58.1202
-48.4156 -32.9027
-52.361 -32.7483
17.3427 59.5954
42.6395 -20.9869
15.5155 59.9246
38.4029 -19.9469
-52.2541 -33.1377
9.3136 62.0775
7.4779 57.7944
38.3402 -22.0873
-45.7854 -23.9928
-56.6463 -28.3752
12.4313 62.639
41.0159 -22.1598
-44.872 -30.0171
39.6732 -22.5925
-50.7724 -24.4348
-50.7515 -33.0355
-46.3551 -31.0922
38.9641 -15.5574
13.5969 61.1633
40.2713 -22.8463
4.6916 56.1138
-52.5416 -30.773
39.4185 -15.8965
36.4354 -21.0826
10.8314 61.8114
41.1252 -18.2498
-56.409 -28.4929
10.7956 56.4609
41.4401 -19.7438
-55.0598 -29.0889
40.4694 -16.4157
-49.5147 -29.9752
11.4545 60.3425
9.5783 57.8746
10.6247 59.6125
-50.9589 -29.0349
10.1143 59.6575
13.7686 60.2362
41.5748 -20.004
5.9126 55.0815
37.871 -18.4391
37.7325 -21.6564
40.7087 -21.4342
41.4564 -22.4321
43.8448 -24.0528
9.8302 62.9488
-50.2311 -30.3073
-46.3549 -26.4769
13.0279 60.7276
-51.5531 -25.0686
9.4654 60.6281
-52.4595 -29.8373
10.951 59.9728
-55.7395 -30.3571
-54.0656 -22.5721
-45.8209 -29.934
-47.2834 -29.7735
-52.3679 -28.7635
45.9052 -16.75
43.612 -14.2068
-46.7018 -30.4722
6.9515 59.0427
33.6594 -18.0527
-50.5543 -27.4351
37.4802 -20.3108
-50.2069 -32.3955
15.7244 60.5062
41.6672 -22.7589
39.879 -17.273
-47.148 -30.7564
13.2011 58.5164
10.6702 59.4507
33.269 -16.8292
-52.7626 -26.9306
-51.2659 -28.3744
10.902 55.5414
10.4663 61.4049
8.8743 55.1809
-51.6597 -28.7772
9.6484 58.6437
4.4037 67.1907
-50.5239 -27.2231
11.9566 62.6955
42.2452 -16.7649
2.745 56.4381
10.3222 60.2273
37.1398 -17.1008
-49.5927 -31.7833
6.8904 60.039
38.4273 -19.5068
-51.625 -31.114
9.9692 63.7154
10.0142 61.5218
-52.4183 -25.9029
-53.9029 -28.5675
-53.3574 -28.5798
7.6499 61.9013
-47.5005 -26.2835
39.6932 -20.6991
-49.9995 -30.7709
-51.8043 -27.1273
11.2259 61.2144
10.2201 60.203
8.6657 62.8091
7.0438 57.841
37.6562 -22.9268
6.3127 52.7623
44.4997 -22.2557
35.7574 -25.509
40.7217 -26.0441
5.3959 59.0327
-47.3416 -27.1555
-50.1204 -26.5416
-47.1013 -35.2802
41.4778 -23.7124
37.5086 -25.3483
-47.9483 -27.4333
37.6255 -16.0339
6.2277 56.9452
-55.0929 -28.4282
14.9529 57.8832
36.7928 -21.3923
7.2783 60.678
9.6256 62.5384
10.748 56.4244
14.8308 57.3517
13.0003 61.1774
11.9528 63.2387
-46.4123 -31.2045
12.4285 58.7238
47.5193 -19.6504
9.2761 58.9549
9.3929 60.3139
12.4866 56.1253
-49.6094 -28.8209
-52.0993 -29.6792
9.2361 60.1032
41.1451 -20.5572
-46.5261 -27.3151
17.846 60.0754
-45.7318 -23.9141
40.9371 -15.6528
3.3377 55.3344
6.5439 56.4274
-47.3759 -28.2841
13.377 59.4193
10.7449 58.2623
43.4096 -22.9965
40.8475 -20.8532
43.5143 -24.929
9.6999 60.9534
-46.5186 -22.5193
44.717 -22.1613
-47.1377 -31.219
-47.9084 -27.0224
-50.7187 -27.783
8.3037 54.8193
-53.4695 -23.7402
9.5072 57.1029
37.5008 -19.8693
-51.7561 -30.886
40.7951 -16.5802
43.6743 -14.4665
41.3638 -28.6117
-54.7623 -26.1406
6.9712 62.9504
-48.8783 -27.8628
-46.8742 -26.0208
-53.696 -32.2276
-49.2078 -27.1678
13.8853 60.3797
7.8579 58.4074
8.9328 55.4359
-48.0664 -24.4122
-45.1741 -34.485
-48.9364 -24.3398
-48.4113 -35.471
39.3185 -19.3851
-44.6487 -27.8115
-47.3368 -34.591
37.6722 -20.5305
42.8921 -23.0942
-48.7035 -33.4439
-52.5372 -33.5208
43.4209 -24.9536
-50.2718 -30.3102
13.4154 57.3019
-50.5994 -24.2927
8.5284 61.0606
-52.2426 -31.7388
-51.5407 -24.7073
9.1217 64.0908
10.5887 54.1589
43.1478 -21.0136
5.1289 67.4985
41.7706 -19.7445
9.768 61.2572
40.1176 -18.6519
-50.8498 -29.5563
8.0678 61.7297
-51.2579 -31.2851
-53.1035 -33.6344
36.7404 -16.9875
40.2695 -17.3815
9.7404 54.4058
10.9803 58.3684
44.8829 -18.15
9.0535 63.5227
37.5644 -15.8923
7.9943 58.8871
9.737 55.7852
-45.3281 -31.2966
-53.2279 -34.268
40.6766 -26.6527
-48.4936 -31.8139
6.8873 59.0295
42.5951 -16.1013
40.0893 -19.7728
39.3869 -24.0411
12.4349 60.4104
-45.0777 -26.054
5.5482 58.8907
42.3185 -18.122
6.3484 68.6173
-42.273 -30.3988
38.5973 -21.9725
7.7261 60.4916
8.5804 59.8874
-51.3474 -27.3262
37.1505 -16.2142
-46.7299 -27.6974
-49.3613 -31.6989
-54.1785 -29.4796
12.3639 61.4602
-52.8693 -33.3583
41.567 -21.8978
10.7344 58.866
42.5205 -17.1719
-54.387 -28.9731
12.9179 56.3573
39.3293 -25.0143
39.7174 -22.1174
-50.7798 -32.0285
5.9659 57.1343
12.1346 56.002
11.4459 60.412
-51.1566 -32.9229
9.8865 61.693
8.1445 58.6756
14.6994 60.2925
-52.5675 -24.5261
-50.8617 -31.2764
36.8868 -20.5452
39.5925 -16.1445
44.3792 -18.1453
41.622 -19.4246
-53.456 -27.5219
-51.5226 -32.765
8.9843 60.8726
7.979 61.1672
-45.7281 -27.1386
37.8328 -18.4651
-44.9553 -31.8026
36.9968 -23.8239
-48.9472 -33.1017
35.4178 -14.1175
10.8541 58.1988
40.9618 -18.0493
9.444 58.0907
-52.0803 -30.8567
38.29 -15.4949
36.539 -18.0471
12.2035 64.0118
-51.6798 -31.9794
-52.2931 -30.2897
-48.0417 -33.4194
13.6587 61.4348
12.6212 64.2449
5.8642 61.9406
46.0145 -10.8733
11.4978 59.5742
-48.9297 -31.6421
-54.3294 -30.3951
43.1379 -21.7874
37.0187 -22.6684
-53.9839 -31.7115
-51.725 -30.2034
-53.0474 -24.4954
-45.6666 -25.4326
8.4784 56.7591
-49.8184 -32.2102
37.537 -17.8413
8.9147 59.5161
38.1145 -24.2578
11.5077 64.6164
4.8222 58.1987
-54.3518 -31.9589
13.1887 58.0527
42.9549 -18.9512
-47.3579 -31.7042
11.5164 61.8836
38.2306 -19.7392
45.4446 -19.638
40.2832 -19.4267
3.0261 59.7698
37.296 -18.5815
44.523 -20.2894
19.1778 62.8789
42.1 -24.5556
44.6876 -19.8552
42.1876 -20.5969
-51.9561 -27.735
40.6327 -20.1722
-47.1657 -36.0045
9.9278 60.9243
-54.5525 -25.984
39.6938 -18.8656
8.3359 59.1109
38.6416 -22.9624
41.1866 -18.8648
10.4755 58.1824
37.732 -18.0166
38.3871 -15.4524
-52.4845 -33.4147
43.1611 -24.6725
37.7711 -21.5247
10.3322 61.2871
-48.0553 -27.8396
-48.1129 -34.7806
38.1889 -15.1159
11.1407 58.9419
38.5422 -18.9581
7.0783 58.1593
7.6749 60.4086
40.2039 -19.4282
39.4521 -20.6335
16.916 68.1017
44.6869 -13.2625
5.4396 58.2101
39.0233 -19.9279
-44.256 -31.5884
-53.215 -23.2779
-52.7935 -28.1494
10.4283 59.5156
-52.1284 -33.0112
-54.4329 -26.4522
-51.9423 -34.5584
40.3064 -19.2361
39.5231 -19.4296
11.0705 58.6014
-50.437 -34.2239
43.2525 -21.6491
-49.0808 -28.8619
38.416 -15.2764
40.2109 -13.5318
10.0037 58.4257
-51.0011 -28.3268
-55.8185 -27.8368
42.4416 -22.8425
9.4323 60.5015
-55.1869 -28.5916
-50.3826 -35.2445
8.4653 58.284
-51.3358 -25.7474
-49.8806 -33.2502
46.8058 -19.071
11.1989 60.4027
32.3131 -21.4288
41.1773 -20.6549
35.7813 -21.0003
4.869 54.3448
-47.4048 -28.923
-52.8841 -31.8938
41.5157 -17.1936
-45.9023 -33.2251
41.0796 -16.4399
11.5965 53.523
39.791 -19.3617
37.3692 -17.5519
-46.2581 -29.0699
39.1583 -22.5948
-50.5354 -28.0227
-51.8468 -28.635
12.0243 63.6201
9.1083 61.7445
41.0963 -15.58
43.4407 -18.2038
44.8411 -19.2448
11.9119 54.693
12.9328 55.6754
39.0411 -17.1529
8.8248 59.5324
-52.8366 -26.5166
-55.1326 -28.6766
44.9631 -21.0462
38.3214 -19.5972
-51.284 -28.7793
6.8421 61.5954
38.8712 -22.7788
41.4073 -22.2165
39.7277 -20.7859
39.4497 -13.9408
43.2595 -23.0253
8.8079 59.4541
11.0297 58.7224
-50.5081 -32.6221
5.1396 63.0007
42.7614 -19.1859
11.784 55.33
41.8258 -23.1581
36.0779 -19.6641
37.3113 -20.8661
-47.6442 -31.4156
-47.8193 -27.6741
-56.146 -24.1496
-43.689 -30.1878
13.968 57.2173
6.5413 67.8525
41.8064 -18.6525
-53.6539 -29.7265
-51.3164 -26.6376
39.8687 -24.9099
3.2619 61.4761
-48.0292 -32.7613
10.2094 62.9334
49.361 -15.6968
-45.6797 -31.1855
-41.8336 -30.8962
39.0972 -19.5106
-48.52 -27.6851
41.7793 -21.4186
11.8972 57.911
8.7293 59.9689
45.2495 -15.5239
38.5406 -21.6068
10.6547 64.2462
37.3264 -19.6666
-49.9907 -30.9013
-50.8423 -31.6396
39.2018 -19.577
-46.0824 -26.1369
-50.882 -29.8826
39.9 -18.0157
-52.0703 -27.6455
37.5235 -24.7114
12.259 59.7607
-47.812 -31.139
41.8063 -20.4971
-50.4635 -31.9186
-51.002 -28.0156
37.283 -20.9746
37.8448 -21.3241
38.6236 -23.1142
43.8547 -21.5929
14.6366 59.525
-54.7081 -28.9945
39.0046 -19.3248
33.4197 -21.6298
-47.5855 -21.8674
36.0814 -20.3009
-50.6971 -28.4389
43.1568 -22.4505
41.8407 -22.5887
-51.1239 -26.7854
12.5844 62.3459
41.202 -16.418
-45.594 -29.0177
34.5864 -14.7254
40.9973 -22.2962
10.69 56.0539
5.2949 57.3735
42.5587 -20.2995
36.8894 -21.7217
9.9572 62.0919
8.0338 56.6186
-49.8646 -33.848
10.7204 60.1052
38.915 -18.4314
8.9627 56.9406
-51.3112 -34.3175
40.2758 -20.6187
11.1621 65.6482
11.0353 59.2203
41.0409 -22.3075
-48.4302 -31.8389
11.2394 59.93
-51.957 -33.8874
7.3438 62.3093
6.8505 64.6719
38.9655 -18.4985
-52.4431 -29.1897
36.9718 -18.0499
35.6145 -22.0026
6.6614 58.9476
5.7999 64.203
35.1842 -24.5545
41.282 -21.6416
-50.4865 -28.6366
8.6925 61.8105
-51.7449 -32.9266
17.7492 56.2242
-49.8423 -21.7064
40.8772 -18.8464
41.3958 -19.0101
-55.1476 -31.1229
12.8732 63.1391
40.8321 -18.0058
-51.4046 -28.7053
-48.813 -34.5072
9.3931 61.3432
8.5269 58.4552
-51.2995 -31.3867
9.9397 56.6911
10.9489 61.7471
-48.7527 -34.047
8.8838 61.1892
43.0308 -18.0643
-50.2009 -29.9979
42.7115 -21.0387
-45.8081 -28.1594
-46.9223 -30.3599
-49.5185 -28.8045
42.0387 -18.4894
16.3 56.1415
9.0735 62.4324
-47.2239 -34.8707
43.7234 -19.5667
10.4693 54.4547
40.5457 -15.4963
39.2453 -25.0573
-50.8645 -28.254
8.7275 54.5521
11.1823 59.3498
39.9101 -21.8997
4.593 57.2232
10.704 57.9241
12.6465 57.7714
-45.7428 -33.1644
37.1187 -14.9096
14.5977 62.2546
-49.4191 -27.8507
-52.5085 -29.3466
42.1952 -21.8409
2.9407 61.7535
-47.4913 -29.3068
44.3231 -16.594
11.4743 57.5472
9.668 60.5446
-53.0129 -28.7358
9.8327 62.4822
-52.9548 -28.4006
-43.9975 -31.1147
-53.6999 -27.1486
10.0789 55.082
-47.3642 -28.5655
-47.4792 -27.713
-48.4355 -31.9939
40.2915 -21.27
38.2355 -22.8439
42.3886 -21.7051
12.4172 57.593
7.1235 57.8851
8.0635 59.02
35.3791 -20.9645
13.938 61.3874
-48.7068 -26.5017
10.7473 54.468
10.7533 61.9735
11.3793 62.1685
-51.6448 -23.6959
40.6884 -23.5779
42.4168 -19.3566
43.9682 -17.5367
36.9767 -23.1085
7.722 58.8724
-49.6362 -31.8674
-51.2605 -28.5764
40.3252 -21.2077
-51.7714 -26.723
11.3553 60.4955
14.441 63.956
-48.129 -28.2715
-44.9918 -27.8352
4.8502 58.4734
41.1396 -22.0199
-48.3586 -26.1184
10.2184 59.9995
-46.8717 -32.8308
40.3871 -25.1687
9.3046 55.7319
-48.8994 -26.0393
-54.3166 -25.345
12.1374 61.7302
41.9099 -16.8151
-50.5396 -32.155
40.4492 -18.3039
36.7984 -17.7253
15.9408 64.5298
39.648 -20.1635
8.0841 60.6854
-52.8249 -32.7563
8.6437 56.0035
13.806 65.3813
8.7422 57.1832
11.5557 64.5386
-49.0059 -33.6437
-47.1845 -32.7361
42.3684 -17.0756
9.4306 59.934
-45.0842 -29.2531
38.8325 -18.8335
42.6347 -20.6867
9.0191 58.7101
36.3741 -19.8409
5.582 58.3026
42.9834 -22.5328
13.1584 57.8483
8.5675 63.8376
-48.4158 -29.5656
-52.0253 -26.6138
-46.8393 -29.7038
5.3662 58.4537
2.9065 50.9019
41.1507 -15.216
6.1855 59.7596
40.2139 -20.176
7.9503 65.6265
10.5001 58.5175
7.8968 58.369
11.2431 58.4223
42.332 -16.8579
-48.2473 -22.2589
-52.4385 -30.5018
4.5338 59.9328
14.3781 63.0791
-52.562 -31.8346
7.0377 61.2727
11.3941 62.9654
12.3055 58.3906
39.2353 -19.9699
-51.8033 -30.8095
14.2513 61.5746
40.7394 -20.3011
42.1025 -16.4954
44.3565 -18.0862
38.3661 -24.9547
37.094 -18.2216
-54.0249 -29.2216
5.5265 62.9359
-48.9453 -29.067
9.1062 64.193
7.6471 70.0821
41.1912 -21.1456
-44.4244 -31.0395
12.5453 54.8109
-49.7506 -28.8735
42.5857 -16.697
40.1256 -18.2823
-54.1673 -27.6761
39.4849 -20.29
13.4957 59.3816
-49.9387 -27.4971
12.1186 58.5188
11.7552 61.9327
5.6726 63.4049
12.0368 64.0222
40.4933 -20.2199
6.7133 57.8505
40.5548 -21.107
17.2335 58.4162
39.7804 -22.9053
-47.8658 -28.5894
37.9859 -19.2162
-51.0295 -34.1725
38.7052 -15.6677
-51.3666 -29.6939
47.4222 -20.1495
8.6701 56.4795
-48.5124 -30.8264
41.4065 -20.8574
12.5319 61.2656
41.7689 -23.5612
-48.4119 -29.7704
40.0155 -17.7565
36.5383 -15.8002
39.8844 -17.3735
10.3975 58.1298
38.2003 -14.0559
13.0925 58.4069
-47.6022 -28.4297
10.8896 57.4858
37.5114 -24.0505
7.3963 63.3976
-52.7642 -29.9524
-48.8238 -29.507
6.7953 62.9475
43.036 -20.3013
-50.1598 -29.3019
-54.6219 -30.8862
38.4945 -17.4914
-45.7593 -31.7869
39.1834 -24.0184
45.7282 -19.3346
42.7845 -23.6811
10.4837 59.5497
45.4564 -16.3952
9.5476 59.1487
9.7006 57.002
5.1504 58.8532
10.7805 54.7892
42.3787 -21.2231
-52.3615 -29.0265
-48.992 -31.7037
9.6981 61.4303
-46.5088 -29.2849
-49.7759 -27.4132
-51.7058 -30.0596
40.8342 -15.2366
42.4096 -22.4229
39.8801 -21.0033
14.0603 57.1829
-55.7795 -30.6966
42.6994 -18.1373
10.1295 58.9602
40.2146 -22.7614
-53.5086 -31.6047
-55.2987 -29.4666
5.3393 57.8286
-52.6551 -34.8987
12.9921 60.4462
-51.9786 -32.1318
-51.2998 -29.0292
14.2824 59.4639
38.7373 -22.6328
12.4595 60.3464
-49.5964 -34.3729
40.5159 -20.6538
34.9711 -19.2322
10.9617 62.2748
-48.6512 -29.513
40.2026 -14.457
39.6435 -16.0397
-53.3038 -30.9407
40.8079 -29.0258
39.8293 -23.3792
42.4486 -23.7811
5.6186 63.6387
7.6431 54.1789
41.7406 -19.1611
42.9408 -21.2734
13.0985 58.0319
-45.757 -30.9134
11.2944 60.2211
40.7506 -19.6994
32.4797 -19.4693
-48.4587 -30.1326
39.4574 -19.6795
-47.0853 -32.8491
-49.6085 -29.4601
-48.2696 -30.26
-50.9095 -23.0411
-48.6081 -35.0724
-56.8595 -30.0098
9.2668 61.332
38.928 -18.6041
-48.4511 -27.3606
39.3504 -17.8206
40.937 -21.2349
13.2171 59.6301
8.7997 55.3509
-50.5082 -27.2033
-53.2591 -31.7528
-55.0617 -28.8664
10.9796 65.2272
10.7784 62.2036
5.6332 60.3095
-45.4707 -30.0969
8.7327 59.3978
-48.2569 -30.1848
42.5839 -18.8411
10.8348 60.2512
9.4955 57.7827
45.631 -16.2276
40.2972 -26.7889
-52.1779 -25.3823
18.2224 58.4731
40.9712 -18.5355
37.7777 -17.6549
-53.8704 -29.2848
35.8768 -16.4258
-52.1364 -31.4486
40.4068 -20.1346
-51.726 -24.9817
36.8651 -17.5154
9.6443 58.2454
40.9866 -21.0292
14.0222 60.2562
-51.0638 -26.9023
48.2704 -21.4325
16.5883 60.1669
9.8413 55.5216
-46.3554 -30.2053
35.6272 -25.171
-54.1173 -29.1532
7.8045 64.8553
7.31 60.3548
13.9347 59.4383
-48.3819 -31.6771
12.4691 59.8681
-45.2734 -31.7569
42.0869 -18.9236
6.5932 60.6119
37.5796 -26.4611
10.2216 60.1074
-54.7948 -31.9915
14.1113 59.9577
12.0077 62.7431
-53.844 -30.6204
9.7424 65.0189
8.9581 57.4425
9.147 58.627
7.6048 56.3856
35.9457 -19.5898
38.9108 -20.9377
7.1937 58.7454
0.1166 59.314
10.5819 61.2036
39.6281 -14.4179
33.5758 -18.579
-48.4669 -33.7591
8.2852 64.0727
33.9406 -14.3112
7.6455 61.0526
12.1729 64.1026
14.4128 58.119
10.3408 55.6412
-47.5395 -28.6287
-48.9437 -32.1978
7.4214 62.6037
-51.4803 -27.2705
-52.3342 -30.8039
5.8256 55.2114
42.9961 -23.2001
4.5609 60.3496
-52.8488 -29.556
5.9948 61.8881
40.9623 -20.8249
9.7474 60.5121
9.9605 64.7132
-48.6966 -27.1438
-51.923 -25.2962
10.1823 58.168
12.6306 55.5236
8.3611 62.8792
-49.6666 -28.0359
12.1289 61.3252
-50.7576 -24.8415
5.7803 61.7304
-48.7231 -29.2417
-48.2119 -22.6883
7.7636 61.0343
44.3066 -17.0846
-49.9481 -30.2224
42.2213 -19.6745
12.4031 62.0562
5.8974 58.9555
-46.3148 -26.8712
-52.6665 -32.9643
39.7152 -20.9486
3.1515 63.7162
-50.5204 -25.5445
10.1042 60.7137
41.1334 -23.7251
37.2601 -25.2323
7.4475 60.8439
-47.2358 -26.462
44.5099 -21.7746
6.449 65.6061
16.6871 54.3444
11.8107 57.4682
-50.4173 -29.9719
10.156 63.1305
9.1973 58.2709
40.356 -21.0538
-48.4028 -26.4193
-53.1215 -29.7261
-45.5917 -31.7614
39.6676 -18.4873
7.1765 61.2755
42.8606 -18.785
7.1699 60.4287
-50.2795 -29.6668
41.3727 -23.0939
40.7937 -20.8759
17.8849 55.9909
40.9518 -12.826
10.6384 57.0203
46.6713 -22.8546
-49.6384 -29.4028
-45.875 -31.7721
11.256 57.3396
9.7784 66.2001
-50.674 -30.7828
-50.1566 -35.6485
36.9556 -21.4676
7.9354 60.6097
11.8319 63.8654
13.9396 57.9478
8.29 61.1949
11.9762 60.574
36.2096 -20.0886
41.7713 -17.3126
-47.7897 -30.6281
8.955 59.3691
33.3141 -22.6096
-55.143 -34.6348
11.617 65.2285
39.8331 -21.0807
12.2079 60.3277
12.9408 64.6477
41.2813 -20.9139
38.8298 -25.3006
-48.0264 -31.1109
8.6665 56.9951
41.4086 -17.4135
6.5299 55.1494
-58.5154 -28.6683
8.5435 64.4633
-54.6107 -32.3389
10.317 58.3984
-44.5644 -32.5016
4.4269 58.588
15.8985 65.3505
38.0095 -19.3517
10.4772 60.5948
-52.238 -32.1328
41.8052 -24.3949
43.0141 -17.2721
11.0862 56.1734
43.9492 -17.1942
-48.4454 -27.6886
42.3022 -22.2406
-44.6966 -30.316
-50.8961 -33.2012
37.7638 -24.9789
-46.3297 -28.8858
37.2758 -18.741
9.8686 57.4769
14.6105 65.3572
-49.5711 -32.4108
14.5003 56.0485
11.0079 60.7959
37.061 -17.0285
42.574 -13.1171
7.3943 63.2155
-52.1112 -31.4882
38.2986 -25.9008
40.8264 -19.77
36.4542 -21.4397
9.1731 58.1058
43.0899 -16.9539
40.592 -29.0278
37.7103 -14.0371
-46.9148 -30.498
10.2609 62.4858
43.7291 -19.9546
-48.1654 -29.1156
9.2035 61.3688
-47.1991 -31.8938
8.8133 59.7802
14.6609 53.5874
18.0184 56.5851
-46.2751 -26.7511
37.3719 -25.542
-46.2214 -28.8622
15.1129 62.2689
13.8435 57.4345
36.4863 -24.8599
-48.4079 -31.9318
10.3627 60.736
46.7492 -24.4621
-51.6041 -29.8291
-48.5306 -30.5386
11.0361 59.2811
-52.5472 -30.7253
8.2223 59.2822
13.9003 60.1062
12.8002 56.5144
39.7129 -23.7903
42.5615 -15.8642
36.4815 -19.6645
5.6326 65.0013
40.9791 -25.3773
-46.5839 -28.0198
34.6627 -21.5376
-47.9033 -29.9216
36.6535 -22.6974
39.4541 -17.5606
-51.1292 -27.6871
-45.3921 -37.0359
-49.7027 -26.8265
40.6494 -19.7923
42.0704 -21.1294
37.5624 -18.2246
42.7447 -22.0969
7.3536 58.8804
11.5898 59.8418
43.8468 -13.9628
37.6762 -20.4161
45.0563 -23.6306
-45.4754 -29.2145
-52.4335 -25.7703
9.0212 58.9823
-46.2343 -28.8586
37.2152 -19.142
8.9643 64.1249
10.2166 56.0951
-47.4469 -28.6977
34.9945 -19.8836
17.1368 59.096
39.4751 -24.1694
4.2009 60.3011
9.8182 60.0046
-48.6978 -31.4783
35.9603 -17.4587
41.4235 -19.1191
41.6603 -22.3614
12.4124 57.8331
10.9409 58.9416
40.9253 -17.8022
7.6579 60.8652
3.4483 60.421
-54.2832 -31.3397
7.8299 54.9129
7.7657 55.6983
41.5143 -23.1713
9.0065 65.7568
-51.0823 -31.0716
-48.8802 -28.9948
-49.9186 -32.6324
39.1162 -25.6387
9.2259 64.3856
37.9379 -19.8862
6.4476 63.0618
5.5821 56.8805
8.7322 59.6819
3.0974 60.3099
40.3059 -18.6315
12.9786 64.7233
36.692 -20.981
-48.4934 -28.4896
2.0586 60.0522
13.4578 61.331
7.6214 52.7328
14.9641 58.4575
-50.4409 -26.1723
37.1057 -20.2608
16.5592 56.4835
-51.9043 -30.1311
45.0283 -14.6259
9.4469 62.3156
13.7357 63.704
39.0858 -17.5019
-48.3491 -32.0791
40.1423 -20.3289
-51.84 -35.8989
41.8246 -21.1128
43.8964 -18.3306
40.3962 -21.6785
-54.4542 -33.9327
43.707 -19.7613
-45.9646 -28.7976
33.5299 -22.1408
18.2181 60.3185
-47.591 -36.2092
45.4698 -16.8037
13.6528 53.5667
5.3428 61.8236
41.8913 -17.5175
-43.8744 -32.2846
13.7507 52.5002
33.5093 -22.2021
42.2022 -15.8617
-51.6967 -35.1271
38.9288 -15.5038
40.9331 -18.6374
-46.5266 -30.0719
-52.0644 -30.198
6.4191 58.7401
10.9698 56.0213
12.9708 57.9121
7.1177 63.7939
-48.2671 -28.7243
42.8331 -22.1567
-52.1031 -29.1918
-53.8456 -30.6898
17.103 63.309
5.5873 64.1244
40.943 -21.512
-50.8027 -27.6035
41.1454 -23.4615
-45.3428 -29.312
10.0783 60.0876
-52.827 -33.3046
41.6312 -22.1484
9.5027 62.0419
41.5123 -16.4267
33.801 -20.8785
40.8538 -21.7788
42.0307 -17.4048
44.4012 -19.334
10.5042 58.5089
46.2912 -23.2619
2.8473 63.2721
39.2282 -16.193
33.9787 -18.1554
8.9067 61.5262
37.9668 -18.9916
-52.4381 -33.7178
36.8085 -23.5703
-53.1693 -27.8127
37.2235 -21.141
10.1518 57.9903
40.4342 -21.9012
6.0229 61.9683
40.3699 -21.2487
7.4313 62.3467
39.4184 -19.1368
-50.7836 -28.5658
33.1889 -23.3471
46.6582 -22.1723
39.9546 -16.2066
-42.667 -26.8896
39.9387 -21.7404
8.9786 56.6816
-52.6801 -25.4355
35.3879 -22.0538
6.8731 58.6263
-49.3977 -31.4625
6.8354 64.0434
-52.8324 -24.322
13.7054 53.0196
38.408 -21.1928
15.7265 63.1101
32.7935 -18.2445
41.5946 -23.6369
10.0545 59.6266
7.907 60.6499
39.2789 -14.1883
36.8923 -21.6763
38.0958 -21.6566
-54.2938 -32.59
4.8499 62.5728
8.3306 64.2841
-50.629 -26.6255
-52.0647 -30.5412
13.9106 62.3168
47.1738 -23.7798
38.8251 -20.1027
4.8077 57.617
-54.197 -28.7533
10.4109 62.895
43.6421 -19.2623
4.4678 60.1992
43.4221 -16.3042
15.9906 62.4316
-47.5559 -28.7323
11.7562 60.6689
42.5927 -17.1208
36.4149 -17.1205
45.1061 -18.4737
37.4437 -9.1742
41.9783 -16.4478
41.0535 -20.7427
14.0063 58.4846
7.8407 53.9339
46.1259 -16.774
8.9076 56.1497
5.9998 54.4951
10.9468 66.7228
41.0832 -24.05
38.1669 -17.6164
7.8431 62.6675
7.8518 55.3713
-44.8646 -30.6096
13.0466 60.3184
12.6487 60.574
13.2135 62.2748
42.6408 -19.1073
38.0234 -16.7349
46.2782 -24.8756
10.8399 59.55
6.9726 59.6895
-50.1227 -30.2951
39.8338 -17.9928
8.0642 59.5589
43.8386 -21.2782
14.1253 56.1179
12.3218 54.3522
6.2147 64.7611
46.9708 -17.6838
39.9848 -20.1459
-54.3999 -29.7349
-53.1472 -38.4342
-52.5471 -24.4291
-44.3541 -28.0695
12.805 58.9195
-43.6093 -29.4288
-47.2848 -28.2247
9.862 58.8033
11.6253 64.2846
-52.0043 -32.8739
-53.0842 -25.4288
11.1723 57.779
35.9857 -13.3055
14.6371 58.5215
40.4403 -16.4019
12.6286 68.0252
13.1914 59.4035
40.5749 -22.0171
-53.9953 -30.5867
36.6074 -18.9493
7.2383 64.698
8.6275 59.3612
-53.8668 -29.7632
-49.9887 -31.5314
16.0178 61.9556
-48.1967 -25.3171
7.6056 55.5408
-49.422 -35.8221
40.9431 -16.3996
-48.8104 -24.4674
11.3262 63.1052
12.0885 55.199
-51.0111 -28.2158
14.0095 56.2349
14.5072 57.5598
-50.525 -28.7783
-48.5031 -25.1521
41.0195 -15.434
13.4765 55.9381
13.2881 62.6384
41.0129 -21.2434
-45.084 -27.4971
11.2491 57.6674
-46.4939 -29.7493
34.8849 -23.4165
9.4679 67.7258
37.6954 -25.9754
-45.5759 -29.2691
-50.246 -31.7468
9.5661 61.0432
36.6356 -20.3495
39.5815 -18.3409
-47.6398 -30.5358
39.694 -18.5552
-49.3958 -26.0687
-49.1683 -29.9242
-50.1599 -29.1873
14.0288 61.898
-47.3508 -28.7431
39.6607 -16.7762
41.7637 -18.7358
38.0755 -15.6575
-49.2951 -23.654
-50.968 -31.2547
31.5074 -17.1647
10.8217 63.0243
-54.2999 -33.0198
10.6182 61.5048
-48.4329 -28.5263
40.5323 -17.4455
-46.0416 -33.8793
44.8985 -18.781
37.4502 -14.173
6.8608 59.5958
38.8834 -20.7476
7.6349 62.5381
-48.464 -31.8862
12.5818 62.2395
12.8358 62.1484
37.8519 -24.4765
8.9905 59.5488
41.9786 -15.0188
-50.2556 -26.924
7.7131 56.6591
3.2961 62.7918
45.3757 -13.5931
39.1008 -23.891
36.6968 -23.1537
39.1898 -16.4076
-48.7848 -33.1121
4.8458 61.6073
-48.3932 -30.5077
9.0841 59.0535
-53.2434 -32.0373
40.3989 -19.1905
13.43 59.9699
9.0172 57.622
38.9724 -21.5343
38.0885 -18.6365
-51.6753 -32.7308
7.8176 63.8607
42.1111 -19.7951
-53.8766 -30.6865
40.3914 -21.6291
43.2053 -16.7157
10.3582 59.2713
41.222 -21.133
-49.3884 -30.4997
10.0184 62.0341
13.2908 56.7109
-53.4592 -34.7559
-44.764 -32.0586
43.2506 -18.6712
-53.7125 -31.6862
42.6772 -22.0162
-56.501 -30.8326
-50.261 -26.8753
-52.4722 -32.7762
-47.478 -24.9664
34.3854 -20.8832
35.5833 -16.029
9.7696 62.2476
11.7357 56.8476
-52.7285 -26.6603
-50.187 -32.8346
37.626 -16.0853
-45.9015 -29.8837
37.4888 -23.1606
40.6267 -21.6034
39.0254 -25.5515
-52.1848 -26.8069
39.5943 -19.6504
9.9356 59.5586
6.7023 61.5541
9.4304 60.088
33.8772 -18.7267
10.0477 55.8815
10.415 59.3093
39.5724 -21.4103
-48.1931 -38.0299
-47.3152 -36.0425
9.9884 62.9056
38.0208 -21.7192
13.9682 62.4015
-51.4379 -26.2489
41.0525 -20.2299
-50.3844 -30.2579
4.3923 62.6103
-49.5027 -31.6768
38.0558 -18.9674
37.3319 -19.829
42.6903 -22.332
43.2856 -20.8542
15.8605 59.0305
-50.3449 -30.4356
7.0574 60.4754
35.7822 -19.7134
-52.8487 -23.4498
12.3865 62.6328
5.3517 56.3066
36.2552 -22.9909
-51.3627 -32.0837
41.3235 -22.2145
-46.5346 -27.6224
10.76 62.4258
-49.9779 -29.7243
-56.7025 -33.5938
41.0142 -19.4321
37.0095 -21.7648
5.0595 66.833
44.1475 -22.2425
44.5778 -20.8557
-51.4067 -26.3742
7.4432 56.3236
-54.8251 -28.3447
-48.9638 -31.2889
15.3672 64.253
9.4809 59.0659
44.0172 -18.616
44.1588 -20.1531
44.564 -24.345
5.932 56.7898
-48.0149 -28.7739
-51.2183 -28.7623
43.5766 -22.9613
-57.869 -31.9448
11.7167 61.601
42.685 -18.1093
-51.0003 -31.5349
42.0639 -16.017
-46.3974 -32.3133
10.5514 62.325
43.1063 -19.2005
-50.6371 -28.8325
5.6712 57.1539
8.5825 57.0835
13.2932 63.221
44.2305 -17.538
42.7944 -15.4697
-51.177 -34.1507
45.916 -17.8514
13.0147 63.6371
12.7346 55.9206
7.5932 65.4178
6.7999 63.8658
-48.7278 -27.288
8.3895 59.8535
11.1474 57.53
10.9065 61.2125
41.7133 -21.9983
12.3412 58.7794
-48.9634 -32.7324
8.137 61.4435
13.067 54.8719
10.1799 61.3151
37.7207 -21.9461
10.3508 55.9187
9.7684 61.5874
13.1725 60.1671
34.4717 -20.9822
3.5522 62.9929
-53.3747 -33.1926
34.8955 -20.9566
-48.9483 -33.0675
8.1711 58.6902
41.264 -21.5248
38.3724 -21.9779
-44.2564 -28.1662
38.646 -22.9474
11.2081 57.7349
-39.7461 -27.1768
7.6178 55.7841
-47.7664 -25.2639
12.3724 57.7796
9.6192 60.874
36.1888 -17.8651
37.9949 -24.3162
40.7153 -15.4738
-55.8446 -32.0736
-51.4608 -22.2531
-51.8159 -30.8626
40.9434 -28.9451
-49.083 -30.3224
41.1372 -13.8634
2.3229 56.8259
11.751 63.3986
35.8738 -22.9223
-45.387 -33.6914
36.5226 -22.7621
-49.2017 -29.7076
12.7067 61.7953
11.0223 67.2806
-46.4711 -28.2992
35.6801 -24.8118
36.832 -20.4123
13.0476 61.9705
13.2633 54.3335
36.1668 -15.706
-52.7879 -27.0847
10.5846 65.2507
10.3874 58.3041
40.7527 -23.5695
-48.2653 -26.0607
40.6687 -20.0416
9.7593 59.674
36.5538 -20.5343
40.0437 -18.8569
41.9814 -22.8662
-43.446 -35.1108
-54.2853 -27.2281
10.2468 53.0329
35.7888 -20.369
-46.7992 -29.8447
10.2241 58.3545
40.5255 -20.8991
37.538 -20.197
-57.3352 -31.6441
-47.333 -29.8399
-48.7862 -29.5264
3.9047 60.6731
43.0768 -21.7984
43.5843 -16.5953
-48.6916 -34.3612
42.2873 -17.9638
5.5988 60.8979
14.2925 62.6427
39.7672 -13.948
12.85 62.2673
9.6423 59.381
38.8321 -18.1381
6.6797 61.2267
45.5518 -13.5044
4.9587 63.9168
-46.7773 -30.401
-49.2509 -31.4
10.0782 55.5144
3.8155 61.5877
-51.358 -26.5368
43.398 -24.9594
-44.1046 -28.3533
35.5695 -19.2669
6.2975 60.5957
13.0524 60.5903
-50.137 -32.8317
36.6843 -17.6728
21.3548 59.1483
12.3413 62.1524
-54.196 -27.4713
12.4772 53.879
10.7899 57.6429
-52.7704 -31.1067
-50.9229 -31.8274
10.8803 64.0062
-53.0222 -35.2413
-49.5866 -32.8207
8.4107 60.9995
8.5654 57.863
33.768 -13.0039
35.089 -24.383
39.3416 -19.8107
8.5781 59.812
39.3392 -17.3253
6.9423 64.4596
40.4136 -20.3261
5.3496 59.0545
34.8929 -20.3024
6.881 63.4439
-47.9643 -29.2768
42.3415 -15.3555
15.5874 58.4636
37.1638 -20.0772
5.8204 60.5821
-51.0859 -33.8205
13.2531 60.5655
-50.3337 -30.3479
-44.9891 -28.3457
39.4978 -17.2378
-47.4446 -25.708
8.8158 55.503
-49.2736 -26.6501
-53.5294 -30.4006
-45.1674 -29.4597
5.237 63.4517
39.0286 -20.6466
10.6016 58.6618
-50.93 -32.294
39.9388 -20.3719
41.737 -18.5513
33.8975 -14.279
-47.3526 -27.9479
12.32 60.1179
39.0884 -26.7089
12.5753 60.1597
14.3847 57.0604
36.8391 -21.3322
38.8178 -18.0872
-47.3157 -31.202
-53.502 -28.2381
-53.2463 -25.4904
11.3774 61.5455
-50.0545 -28.406
44.1713 -22.3072
-45.0697 -32.3437
9.3027 61.2538
8.7583 59.1399
8.1311 64.192
-50.6242 -29.9025
-51.9145 -24.5645
41.5369 -14.3867
-49.7917 -29.895
40.9042 -15.9384
5.6787 59.4434
9.829 52.9415
12.4392 64.7849
42.476 -19.9781
-54.5179 -33.9181
-47.1601 -29.9478
37.474 -20.0456
-48.6306 -36.2252
12.2573 55.9288
39.9749 -18.3776
3.5826 58.4531
-48.2545 -26.5807
41.1201 -20.5903
6.3247 63.1674
9.2104 64.2848
38.6521 -17.4854
43.5509 -16.674
13.0214 59.6307
-50.9437 -31.3695
-47.974 -34.157
35.9883 -22.9306
-51.2109 -32.6318
9.9054 59.7119
6.6756 59.5376
-46.5885 -29.7277
8.8866 60.6114
39.0398 -16.0015
-48.6852 -29.4781
39.6701 -19.5068
14.9107 56.2815
14.2969 59.117
-44.9221 -27.4604
-49.9782 -32.2318
41.3981 -25.1735
-53.6789 -32.564
12.942 60.7081
5.681 60.9119
41.1034 -22.8471
40.4002 -19.7599
-44.4215 -33.6167
11.1343 58.8231
-47.5767 -32.4972
12.2206 56.3805
-47.0931 -35.4464
38.6022 -16.6011
10.2778 60.9701
37.2088 -17.9907
8.8427 56.3949
6.5881 55.6848
40.1125 -13.5623
41.4949 -21.5699
35.0918 -22.4581
-48.1738 -28.1031
4.9082 59.4766
10.9351 64.0447
50.4424 -21.2926
-50.5715 -30.7796
42.3434 -24.1858
-47.8189 -27.9604
34.5614 -18.172
9.4441 57.7742
-49.4893 -29.7814
9.5531 59.8286
-49.7721 -30.3432
42.1397 -18.3793
-55.0382 -23.9618
8.259 58.22
10.5973 56.626
-53.2038 -26.5021
8.1498 61.0486
16.3789 62.406
7.8033 57.1806
-51.9064 -35.1084
-51.2463 -32.2282
40.851 -18.9943
9.5185 58.7644
8.4078 58.5057
8.9498 62.2559
11.8059 64.5055
-56.5039 -34.8192
12.7354 55.8777
11.4638 62.7769
12.4015 58.3339
11.3768 57.1895
13.5653 63.8814
38.3828 -18.9446
-46.2483 -34.2228
-54.538 -31.2254
-43.3858 -35.4496
-51.5698 -32.7267
44.0972 -16.4426
-49.9615 -28.3781
8.2145 57.0751
9.6871 67.6527
-48.6262 -27.1238
36.9476 -21.5708
6.3166 57.9089
11.4856 59.4567
38.6881 -22.4342
10.6598 63.822
41.1731 -19.0337
39.7908 -13.8102
40.7268 -21.851
45.7471 -23.1373
14.9614 55.8782
-40.9093 -32.8823
-48.5631 -25.9451
42.4892 -22.9935
-53.2361 -35.0116
-49.3496 -27.4026
5.869 60.7837
-52.9271 -26.2551
8.8931 60.4845
40.7408 -18.3682
41.1903 -19.7483
-48.2527 -34.0923
-50.7111 -25.9212
3.3582 60.5964
16.5618 61.6821
4.4752 53.8317
47.0369 -23.3627
-43.1812 -30.3719
13.938 62.6673
34.4219 -23.197
10.2353 60.6301
10.8936 56.7588
37.4116 -24.7171
43.1709 -21.8337
40.2072 -13.676
-49.9103 -35.0987
43.7588 -18.6514
-48.3647 -24.0844
11.0288 58.6831
38.1022 -25.9714
-51.8921 -33.1692
-44.8045 -30.3655
35.1469 -18.2987
-56.015 -28.8621
-47.5799 -33.9779
-50.4334 -24.2295
9.2036 59.2688
-49.9435 -27.328
-49.625 -30.4423
11.04 55.8732
-46.3061 -29.3204
16.6689 66.3968
9.1203 61.1713
43.2512 -18.346
44.0714 -15.4548
-51.5062 -31.3236
9.4031 60.7826
42.532 -20.4734
7.0339 60.0518
-54.0399 -33.9003
-51.4742 -35.1933
11.0955 60.3412
-52.8363 -27.4605
-53.1305 -27.9504
8.9615 65.691
44.7486 -23.6562
38.9419 -19.7671
-50.1768 -32.4234
41.3838 -16.1809
-47.8613 -32.5933
37.8606 -21.2002
10.9432 61.5408
-50.8341 -31.6621
-50.752 -28.0671
9.6143 64.8096
10.5461 63.5254
5.8509 53.4105
36.8423 -18.5829
40.6907 -23.8195
39.474 -20.0682
37.905 -24.1
-52.8767 -25.6669
-49.1383 -31.8536
40.9422 -18.3265
-47.681 -26.3967
10.3703 63.1747
44.1657 -18.4223
-49.4282 -31.5984
11.1455 69.0053
39.5678 -19.6611
42.4673 -15.7835
-51.7922 -34.9325
8.9849 58.7976
9.6073 62.8899
32.1562 -22.9605
-49.4709 -31.533
-46.7442 -27.5821
5.4557 59.3856
38.9662 -23.3047
12.4332 61.4565
40.1318 -16.282
10.7319 63.548
11.4881 61.9579
-51.541 -28.2822
-47.821 -27.3461
-51.5476 -34.3732
-51.0156 -28.912
-51.8689 -33.3748
7.9605 61.8184
13.0784 59.3727
7.3623 57.6844
14.452 56.0476
9.9193 55.1192
15.4804 62.1329
-49.8616 -27.6744
45.0602 -14.9103
12.0708 65.4654
-50.7434 -36.1223
15.3761 58.3203
38.3195 -21.6873
-53.0398 -32.4424
40.331 -20.8604
8.9966 62.3164
7.4561 59.2754
13.9503 56.6522
8.855 62.0668
-52.0469 -31.1245
-54.5947 -23.6814
-52.1151 -30.229
-49.6332 -25.8828
7.2429 58.4252
43.0755 -12.4865
10.7228 64.8686
-53.0327 -28.4168
12.6581 61.7155
42.9031 -18.8895
12.9878 56.6169
40.7413 -19.2553
37.203 -21.0978
10.2536 60.2491
11.0925 63.5543
42.1306 -21.2809
-49.124 -33.3536
4.6689 63.686
-47.4785 -26.3415
37.7442 -20.0234
40.8034 -19.4256
38.1118 -22.8215
-51.8166 -24.3258
6.0582 61.4627
39.0207 -18.3691
41.4733 -18.5886
-49.0934 -25.5685
10.2315 63.1414
39.1127 -18.9906
-49.0833 -30.7319
7.8429 59.6488
-48.7903 -28.5803
9.0424 58.1078
9.1099 59.9792
10.4963 61.1497
-48.3216 -25.4292
36.8587 -20.422
8.8762 51.9951
10.0565 60.8419
40.8771 -27.2662
41.4431 -22.3939
6.4334 58.081
42.6158 -18.2342
11.1719 64.294
34.6012 -19.4589
36.2171 -18.9312
40.2407 -23.9569
-51.3809 -28.1867
7.4916 58.2009
-51.7189 -34.0965
46.827 -20.4184
-54.0834 -29.7919
-48.8447 -27.2528
10.2683 58.9612
14.5223 60.6678
7.2077 61.4784
-47.3972 -28.6532
7.9642 63.4888
7.7154 60.6093
9.5815 59.1023
-48.6468 -26.8862
7.2204 66.5275
7.5099 59.4196
34.5551 -21.1213
4.1656 60.1857
39.9985 -27.526
-47.0572 -31.1831
-49.441 -31.488
-49.3465 -31.5656
40.7084 -16.7103
12.4375 65.8233
36.8935 -19.1489
9.8752 59.9023
5.5016 53.1547
-51.695 -28.7754
45.0138 -18.3889
39.1755 -18.0829
38.9328 -19.3945
5.6221 58.3963
7.0944 62.0639
-47.9024 -31.1447
-45.174 -28.4572
-50.2291 -31.7076
-50.7482 -22.0373
42.7836 -18.5359
10.7114 58.116
3.5722 56.5196
37.9663 -16.6312
44.9768 -21.6168
8.996 56.7403
40.2354 -20.4354
15.0041 56.118
7.7609 65.2388
4.1383 55.0901
38.2142 -20.4718
13.0756 61.2195
12.7816 56.0288
9.8973 53.8045
-47.1087 -33.6153
41.5793 -19.6134
9.8193 54.2554
34.8344 -19.8661
-51.5873 -27.4415
9.1192 65.0493
42.5784 -22.7866
-50.3272 -35.2564
12.2035 54.1959
7.8326 61.8572
43.333 -14.3215
39.3752 -23.5824
13.9445 63.6627
38.98 -19.5722
38.9194 -21.8296
-46.2983 -30.9698
47.2957 -19.6221
39.623 -23.2425
40.2355 -19.8532
-44.6078 -30.3443
-55.8952 -30.9172
15.48 57.9871
10.1412 60.44
11.8047 63.5623
2.8866 66.0264
14.2597 65.0132
6.0521 59.436
5.5377 57.7773
13.9547 57.9358
8.3107 58.9926
11.0042 60.6281
41.8194 -23.896
5.4524 62.7772
41.7043 -20.8998
41.356 -18.3937
40.8181 -15.6999
-52.8239 -36.0022
39.5817 -22.8394
42.4235 -24.2728
11.0099 61.8666
35.6704 -17.496
38.0093 -24.1884
9.7208 61.7849
-49.0106 -30.6277
40.1845 -18.8712
-50.5992 -28.935
-48.9491 -33.1767
-51.7771 -23.2652
15.7917 60.6146
3.8295 55.7076
14.8435 59.1476
-54.7456 -28.8884
-48.6343 -27.6257
44.7341 -12.1928
41.9252 -20.2431
39.3482 -17.1253
37.9906 -21.9177
41.3142 -19.8018
-49.3302 -37.9197
11.7132 60.8154
-49.3282 -29.4301
13.3096 63.786
-46.1706 -30.4986
44.3257 -17.0232
6.8698 58.8067
4.4808 65.7986
37.9351 -19.3746
36.3632 -18.5049
36.4099 -22.0906
7.4257 59.6343
-52.5915 -30.5209
-47.1047 -31.7499
38.561 -24.7838
39.5671 -19.151
11.3197 60.9544
37.015 -17.7538
12.4708 63.4099
-51.6654 -31.0253
45.8596 -22.6717
9.8662 62.6735
16.0662 61.7554
-50.1015 -31.1467
12.9692 55.0504
40.7667 -26.6739
6.8656 54.6259
8.0609 57.3805
-54.7421 -24.1889
36.9082 -15.0129
-46.7979 -33.8352
-50.7265 -29.1357
8.4688 56.2972
8.9824 69.8462
-46.5318 -30.526
13.8469 60.4457
40.9969 -21.6083
-51.3695 -30.4408
-50.5872 -25.3465
39.7953 -19.7163
-47.4134 -25.9068
39.718 -20.5557
43.2245 -25.3323
-42.7369 -28.578
37.8697 -20.3804
-47.3465 -26.0961
8.1171 62.6685
14.5894 60.0747
9.2824 57.5945
46.2273 -22.2341
13.65 58.2066
-47.8982 -26.3934
-51.3846 -28.6298
10.4461 62.0532
10.6525 58.1664
-52.2196 -31.4645
41.4136 -25.4385
11.2394 62.5173
-52.8062 -29.1757
9.9796 63.7521
10.515 58.0943
40.8773 -19.3969
-49.315 -29.7221
-47.0734 -26.6375
36.305 -24.7254
38.9696 -25.6849
13.2795 60.3421
40.4588 -18.3785
-47.5918 -33.7388
-45.4599 -26.6098
11.5308 59.8113
-51.2233 -30.5373
11.465 62.9511
38.2167 -17.1279
-56.4339 -29.3651
41.1035 -20.1101
41.7472 -15.5325
-51.6275 -28.9053
-50.5809 -29.7257
44.7396 -14.9768
42.8724 -17.7202
41.0455 -17.7561
38.607 -19.5319
-50.6696 -29.9442
8.2103 60.292
40.6956 -18.7675
-49.8222 -33.0057
-47.9559 -32.1196
12.0249 61.4658
41.8504 -25.6617
6.0763 59.6863
-51.1299 -33.2385
8.8218 57.2845
36.1234 -22.3696
11.6248 56.6206
41.1267 -17.7172
-51.4304 -26.1771
42.8985 -16.0566
42.507 -17.0731
40.6696 -20.4768
-52.3461 -30.7897
10.4035 62.6865
40.5217 -16.1665
38.7928 -28.769
9.2547 65.1792
6.4619 64.814
-52.7933 -34.7079
-51.167 -32.5824
-51.3422 -24.0638
-49.5125 -28.3513
9.7999 53.4453
8.6939 54.669
36.8553 -22.9229
-52.3732 -27.264
35.0659 -20.9391
35.9889 -14.8973
16.8501 63.4106
11.8825 60.0977
35.4113 -14.8041
-51.8242 -25.9886
-47.2651 -28.0398
7.9255 68.0673
37.8204 -18.334
12.3569 58.474
-48.0661 -26.5085
-47.5215 -33.8714
-44.9456 -32.7524
-51.3875 -31.4369
13.7754 64.477
11.7521 60.9683
37.535 -18.8924
41.4994 -24.4404
-52.5519 -35.2786
9.0848 58.3029
-48.8931 -31.8521
36.6363 -20.3369
15.8702 59.837
37.6535 -20.2254
-48.4664 -29.8109
-51.6889 -30.9209
38.6569 -19.4781
-50.8164 -24.6644
14.3167 57.1845
-50.323 -31.0618
-48.8262 -30.26
43.5967 -22.8044
31.6326 -20.1135
43.2944 -21.8619
6.2233 58.4484
10.9339 55.8958
-50.728 -30.1361
-49.1143 -26.0202
43.3184 -17.0112
-51.1466 -32.9338
-49.1177 -29.0009
9.5082 64.8604
39.4706 -23.1363
8.9438 58.7853
-51.0931 -29.0772
36.7735 -21.4499
-51.5112 -28.1616
7.9749 54.0334
42.1343 -13.4739
9.1884 59.192
-54.9463 -29.3419
13.8759 61.4588
6.1835 64.0361
4.9685 61.4534
42.596 -18.8359
7.7063 64.7758
4.7541 57.8913
14.2704 53.831
-51.8551 -30.7628
-50.5817 -25.7321
-54.8893 -30.4166
43.1563 -21.5988
12.1483 61.2237
35.8842 -22.0233
-50.4189 -28.8602
-50.0556 -26.3759
-51.4468 -27.2564
37.8594 -18.9935
13.5605 53.2579
-51.436 -28.8576
11.0336 57.1045
14.2158 65.6013
5.423 54.0102
12.6382 60.1475
40.656 -19.2123
-55.4473 -32.166
-46.4704 -30.2825
41.1089 -15.0279
12.0286 62.4042
12.6389 60.6929
13.2562 58.8856
12.7542 58.0295
7.7383 56.742
10.2469 63.1062
-53.6284 -29.8295
30.6468 -20.4343
37.3412 -20.526
35.3368 -17.2442
-52.867 -29.8744
38.923 -19.8098
8.8706 66.6562
41.7651 -17.0437
8.8962 59.2171
6.2091 56.2662
-49.1606 -25.8516
39.7175 -18.1236
-47.2962 -33.2705
-47.6436 -31.9373
38.9301 -20.8096
10.112 64.7978
10.2919 56.5293
-48.1308 -28.4307
11.3276 64.4632
-46.9484 -29.4068
-54.3054 -26.904
14.0294 58.3175
39.6114 -22.5907
-49.0248 -30.0934
11.2963 63.3428
-49.7216 -32.8783
45.0571 -22.5622
6.9408 65.5946
-47.2947 -24.669
-43.6807 -30.5576
43.6394 -25.5825
-44.5264 -34.0105
44.3896 -20.9114
-47.5794 -33.0346
46.1225 -20.0258
12.6056 61.8226
11.9281 57.5512
-46.7801 -34.1014
41.1586 -22.8273
5.0656 55.6719
40.3509 -21.1929
9.6207 61.1152
-51.786 -26.1149
41.1426 -19.9808
-53.5421 -30.7731
-51.5492 -29.8887
10.9887 61.8533
-54.0852 -33.9042
-47.5871 -28.1047
7.1665 58.3367
10.6181 63.1025
38.128 -21.4719
35.4605 -17.2406
-46.4841 -22.1939
-52.1469 -33.0007
8.3779 56.519
-49.9547 -29.1712
-50.9565 -28.3535
39.4782 -19.1669
40.2902 -21.8057
40.3693 -20.2363
9.802 59.6402
7.8347 65.3792
39.3818 -17.5181
-51.3217 -32.3698
-49.3884 -32.1423
39.8245 -15.1003
38.7842 -20.7982
8.8442 60.8664
39.3229 -21.927
42.4514 -13.2455
-50.7798 -36.5779
16.9921 62.3316
38.1744 -19.37
6.1985 61.633
-49.1704 -30.7128
44.094 -20.0785
10.5805 63.8074
6.6289 56.8819
-52.4708 -29.3303
35.0803 -15.9807
15.2605 63.2344
8.5264 64.8737
-48.0643 -29.2826
-49.3781 -25.999
41.8219 -22.1766
-47.5275 -24.3199
12.4273 59.7473
-47.3074 -24.5603
5.7415 57.6675
11.581 63.7662
14.0136 59.0893
38.7279 -22.4542
10.7057 61.0982
-46.6516 -28.3622
-47.2817 -33.2062
-50.8053 -32.3415
11.2874 57.5926
-50.9976 -30.4975
34.5052 -15.2708
-43.3973 -30.2384
42.9676 -22.5604
7.0803 56.7615
11.6286 58.9591
13.3689 61.6558
-52.9791 -24.7316
35.79 -21.2142
9.477 58.4067
43.8804 -22.6139
-51.4776 -33.2439
-48.5969 -31.556
36.5488 -13.9976
9.3053 65.5075
7.9258 57.0517
7.7515 56.6597
13.9073 61.3685
9.3064 61.0495
38.2854 -26.8944
-46.7051 -30.4264
37.1629 -20.755
40.6699 -21.7274
-52.4513 -33.2172
38.1427 -19.8659
12.4149 59.3283
-49.6433 -31.7519
12.6122 61.3462
5.2462 58.6113
41.9272 -20.7237
4.4791 58.1801
-50.1286 -36.4306
41.1133 -18.7655
-48.181 -28.2496
44.9306 -23.6797
13.1596 60.0472
37.5288 -22.4818
41.8382 -16.5719
14.445 52.6925
6.0345 63.5495
37.2806 -23.1267
5.8387 54.1482
11.1999 60.9553
40.2149 -21.255
12.8204 60.9622
10.1261 59.1774
41.6673 -22.4816
35.5559 -22.3692
8.1944 60.8784
14.1333 57.7894
-44.7279 -24.7256
41.5575 -19.2256
39.824 -24.2741
-53.7732 -28.195
12.3486 58.273
-49.5607 -29.3575
39.9128 -13.5547
37.1386 -19.6783
42.1677 -19.8221
9.4941 58.3958
-50.1694 -28.7008
40.3846 -22.5387
7.5099 64.4146
-49.5445 -31.5776
39.3046 -17.2794
12.362 63.8156
-50.7393 -31.8931
8.5481 62.6872
-45.2675 -28.9068
9.2658 57.8381
-49.9384 -34.0813
-48.9377 -29.0451
-49.7911 -25.6106
11.1553 61.4156
-48.6263 -25.0599
-48.3419 -26.5426
9.7654 64.7996
37.6504 -21.9893
7.1024 63.7384
45.2908 -19.0362
-53.9662 -31.0917
8.1363 61.2739
-48.9503 -28.1339
39.1434 -16.7165
12.4804 54.9724
15.7988 61.4459
30.3832 -18.7302
32.0464 -23.7702
5.5367 56.6639
36.8485 -16.7384
5.5123 51.8441
37.2952 -25.7808
-47.7719 -30.3399
13.949 54.3464
34.0772 -25.7941
12.5359 58.5619
10.2373 68.3348
-49.4567 -30.7258
-52.1801 -33.0166
10.0174 58.1966
9.4564 59.3559
-49.4822 -30.9696
11.2909 60.7472
45.3513 -18.8289
45.9974 -21.2894
39.3997 -13.7056
-44.0961 -28.5632
12.1366 62.9066
11.3627 54.9576
-48.4379 -34.4336
8.4685 62.6695
-53.9758 -32.8271
40.4952 -22.1344
9.7433 63.4102
-51.8091 -31.312
-44.7617 -32.9101
44.3222 -17.0949
41.0797 -13.372
7.364 61.3397
-47.9952 -33.2575
-53.7001 -30.4367
10.1077 58.9794
-44.1606 -31.565
37.8926 -18.2099
38.1442 -19.3693
5.3376 63.5443
-44.0373 -29.0453
12.9538 59.6112
5.2573 58.2135
-45.2186 -28.602
-43.5309 -27.0656
41.169 -16.5356
-50.9986 -34.1227
35.0537 -26.3583
14.3292 58.771
37.9727 -18.1393
-48.4106 -31.2226
42.1433 -20.326
10.4759 62.8141
-46.4472 -27.8947
-51.4954 -28.3127
9.291 57.6937
40.1993 -16.7917
-51.2931 -28.2645
-46.6242 -29.5933
7.7058 59.8523
41.6622 -23.199
-53.741 -23.1308
11.5814 60.3497
-52.6717 -32.2827
36.3075 -22.1333
-45.5872 -29.1227
-46.4318 -26.8437
9.0401 60.0894
41.4794 -17.472
41.5958 -17.6907
35.076 -18.7216
6.7772 63.0665
17.8357 58.0649
10.7532 59.0055
17.3295 57.1178
39.3975 -20.8718
36.6153 -19.7423
14.6342 58.2307
-50.5761 -30.6607
-51.7489 -29.8926
-49.4002 -28.2383
-48.07 -25.9359
3.842 62.1672
40.832 -22.8287
9.1376 60.4238
-47.6037 -26.4168
10.7826 61.6802
-53.8168 -30.4096
13.4923 55.1965
6.7943 58.8675
5.6134 58.7319
43.3801 -22.7466
-52.4094 -30.1347
13.0314 61.614
39.092 -18.3545
-51.5772 -28.7561
42.4789 -19.7047
48.2638 -24.2415
10.5573 54.1849
-55.8713 -31.2889
34.9977 -15.7796
-47.2382 -30.4472
39.1739 -25.3128
43.4316 -27.0538
42.4855 -17.7921
42.1238 -20.6848
10.2566 59.1101
-48.0622 -30.8702
38.9337 -22.0902
43.8695 -24.4424
-49.7579 -28.7495
39.295 -19.7655
12.6583 59.6861
-46.4411 -28.9616
9.552 58.1941
-57.7292 -32.499
10.7636 60.792
44.0318 -17.3764
43.8858 -19.2584
4.2623 56.3676
-49.7186 -30.4255
41.8402 -12.0776
38.5294 -21.9722
-46.2543 -29.4647
-51.0631 -35.793
-50.6732 -31.1602
-44.8417 -34.9293
-48.7788 -31.3412
12.4802 62.1513
-53.9565 -27.7971
10.4926 61.3232
10.0492 54.4486
8.4065 59.8312
40.7371 -22.806
40.4041 -17.103
35.4732 -28.2829
10.3152 58.9735
40.3405 -19.0219
-55.7486 -31.6187
8.3013 64.4012
-50.6516 -28.5841
-48.4312 -25.9024
15.3475 61.3596
34.4166 -19.4549
45.132 -22.3986
41.188 -20.6741
12.3882 64.7321
-49.2505 -29.5264
-45.3656 -31.3769
14.6587 57.5538
-48.3188 -28.6817
39.888 -19.6136
44.1409 -18.9163
40.122 -18.6531
9.8637 55.4812
13.2287 61.3088
38.6848 -18.3483
-48.3552 -31.9191
37.5984 -17.7401
37.7094 -25.7646
37.4548 -21.5002
43.5132 -16.5777
39.4896 -20.5655
40.3983 -19.4886
-50.7688 -30.258
9.0338 57.2377
38.698 -22.1866
9.1993 59.3466
39.6974 -19.1359
8.6032 62.4827
41.0401 -17.3539
-54.9568 -29.6201
-47.1133 -35.2079
7.3966 62.6255
-50.3671 -27.0158
10.7732 63.1964
7.3318 58.764
33.1679 -22.7378
-50.3712 -32.4626
-51.3116 -31.6953
10.1913 61.0884
12.52 58.5832
38.8722 -19.8677
-48.0138 -28.7674
9.373 58.3998
-52.3968 -37.7546
-52.5463 -30.6161
-50.0568 -26.6312
11.2209 55.0542
13.2838 61.1155
38.5257 -22.6837
-49.14 -26.1556
-51.6236 -31.2461
7.1134 60.1874
14.0447 61.5484
41.9149 -18.4961
38.6907 -24.12
10.6747 61.5476
45.1842 -20.5156
-46.9758 -34.2735
-50.7725 -27.802
-47.4881 -29.8202
14.6407 64.9864
11.4759 58.8231
-50.1887 -29.5361
37.9717 -19.0554
43.673 -15.2961
42.0688 -17.0895
7.2738 60.8396
-46.7488 -33.662
-44.2493 -30.9614
-48.0468 -27.714
40.4054 -17.3431
-50.125 -30.5652
12.6434 59.8257
42.4758 -14.9315
11.2345 64.0112
-43.0988 -30.3596
-52.7894 -27.9678
-45.4959 -26.8948
10.1686 60.7014
39.5148 -20.714
37.7065 -14.1479
-51.5803 -31.8649
-45.8946 -30.0981
7.641 61.0488
-51.7398 -31.4851
-46.1142 -32.2279
-51.1914 -27.0406
5.6396 60.3126
9.2089 60.5548
7.3804 61.9754
42.0252 -20.619
-46.4933 -27.4275
42.3634 -23.8658
13.6743 58.7077
9.0294 55.1849
-46.0624 -34.1162
38.1688 -19.2906
40.9534 -22.8242
-48.3758 -34.4513
42.4952 -21.2871
39.889 -11.2111
8.9628 54.5118
38.7326 -19.3744
-54.553 -30.8229
42.1127 -18.2717
38.8527 -21.7442
-49.7919 -31.5602
41.4578 -24.2037
37.5313 -14.7829
11.7468 57.7015
36.5735 -22.3849
11.0629 59.1521
45.7072 -23.6883
-49.0879 -32.8456
-45.0471 -29.7117
-50.4561 -26.5408
42.3841 -21.5155
10.183 64.1821
-46.0061 -33.715
43.5772 -18.7554
39.6558 -22.9144
-53.9346 -29.7055
41.3229 -15.6857
42.9536 -28.0236
-47.5743 -26.1021
-43.8587 -30.9134
38.2524 -22.5018
38.6189 -19.9276
11.9231 58.5561
5.9672 53.8154
10.943 54.901
42.2323 -16.6863
-50.2838 -26.6162
9.2327 57.6936
-42.0039 -25.8695
11.3834 61.0678
-52.6301 -28.7281
11.1942 59.2478
34.702 -17.6328
-52.938 -29.39
36.9493 -19.3514
-46.94 -24.6989
-45.314 -24.1197
-47.7565 -28.6607
39.2781 -21.2339
-53.3355 -27.5871
8.4811 60.4453
-53.401 -27.2637
7.5103 54.9184
33.7171 -18.5418
-47.3595 -28.1791
-49.0838 -29.3176
44.5576 -20.0385
39.2678 -17.1229
39.0499 -22.1205
43.207 -26.6666
-51.4963 -32.6721
-52.9763 -30.0425
-48.6458 -26.504
37.7541 -15.1651
45.5037 -16.2327
-51.5189 -30.8905
-52.9779 -30.5182
39.2709 -19.2445
12.1309 59.1083
-50.2098 -33.6062
-46.241 -27.605
6.7824 55.3506
42.7066 -17.9499
-54.7274 -27.3832
3.694 63.7054
-50.8425 -27.205
39.4516 -17.0215
37.1955 -20.2998
-50.0328 -26.1871
11.9764 58.4837
15.6315 59.4788
-50.9978 -31.2876
35.8824 -19.331
6.3972 56.4454
40.7529 -18.8285
38.2701 -21.8733
44.3638 -18.7197
10.0753 57.2668
12.7866 58.1728
11.5803 55.8039
41.2356 -16.866
36.4592 -18.1113
8.958 59.2302
-45.4226 -33.4758
8.0453 60.7552
37.7327 -23.1626
-48.677 -27.3337
38.4586 -18.2085
11.8141 62.3451
36.0275 -20.4896
12.4234 55.8802
43.6515 -19.8036
-48.2473 -32.2543
10.3177 58.1899
8.2869 56.1562
37.9231 -15.3083
-47.6512 -32.5074
-47.0323 -33.6983
-46.3514 -27.7162
33.4374 -16.2167
43.1508 -23.0295
9.6474 61.961
10.6352 57.2371
8.5336 55.3883
-54.4919 -33.4095
-50.7202 -28.9743
12.8423 60.0191
7.1653 52.3888
10.9201 61.3969
34.1629 -23.5065
-56.0735 -32.5095
40.2985 -20.1786
36.5705 -20.125
5.9626 57.4565
-51.4795 -34.1631
-50.7852 -24.9946
16.5489 58.5772
-52.494 -29.4879
-48.5592 -32.7048
43.151 -24.1489
-52.4844 -28.6496
-47.4475 -26.9964
38.1221 -23.7349
-49.9253 -34.216
9.5288 62.8276
36.2734 -17.443
-52.0592 -29.4343
-48.2855 -28.0473
-51.5974 -28.8193
11.8188 60.2593
-52.9115 -29.5983
8.1013 61.1158
7.925 58.1855
-52.4683 -35.724
42.4695 -19.8311
11.7296 58.9436
37.5669 -22.8441
-49.3469 -28.1082
9.5788 57.6622
36.6097 -23.2597
12.6108 60.3937
-48.007 -26.8944
13.9127 62.2919
-49.8299 -32.0361
-46.292 -30.5312
14.1792 61.5668
-45.253 -30.8633
13.235 52.7287
45.7748 -21.6937
43.173 -23.9432
33.3299 -14.473
-47.8078 -30.5805
42.4659 -17.913
-48.7628 -31.0763
-52.9355 -30.033
-49.1971 -30.1925
11.8291 58.0222
36.9137 -23.6381
10.1244 59.6093
-47.0424 -31.4379
9.7959 61.5401
12.1114 58.3677
37.9234 -18.5806
42.4131 -20.5321
-46.6281 -30.908
5.0742 58.872
-48.1503 -26.0973
44.3653 -16.2789
40.193 -18.4807
-52.5608 -31.4557
8.5719 61.4824
-48.6016 -27.0331
5.0033 59.5747
-49.7419 -29.1876
37.5361 -17.5694
10.6697 62.3032
-50.5923 -24.6866
37.0312 -19.7228
-54.0503 -32.7598
-48.9561 -27.0639
41.6437 -20.1608
-50.5516 -31.5283
-49.3979 -29.8946
-50.7241 -27.575
-49.699 -29.6529
39.8942 -25.4757
11.2481 59.8775
-47.9691 -34.7925
41.1313 -23.0263
36.6734 -20.6722
-50.1948 -31.798
8.4734 60.1735
7.6094 59.7239
8.4913 63.5279
-50.4329 -32.1889
-53.3492 -22.3752
41.9294 -18.3477
41.1594 -21.4294
14.2913 60.1624
12.7827 60.7415
-45.3328 -29.3671
34.6112 -25.1244
-44.2678 -34.5212
-45.4488 -29.3931
7.7589 60.1982
35.6132 -22.8476
37.4501 -20.2417
10.2 58.8353
39.5056 -22.2886
10.0154 62.3755
7.4842 65.8285
6.5627 54.6206
43.2342 -24.7583
43.8906 -17.5108
-51.4676 -33.2257
39.1092 -18.7215
41.7316 -15.5057
7.3178 58.4197
7.9226 56.9861
-49.4348 -23.6409
43.9929 -22.9904
40.4602 -20.1407
39.2872 -18.5072
-49.5244 -27.2289
-52.2464 -27.5901
11.0788 63.8836
-48.6568 -28.3537
40.3864 -17.9741
41.8369 -21.5637
38.5551 -19.4889
7.7661 62.4987
12.7193 55.383
36.1097 -22.988
43.4049 -23.7369
-53.5005 -32.1766
37.4406 -13.3178
-53.4196 -31.3005
37.5677 -18.4268
-47.1607 -27.3036
11.4007 53.3488
37.2716 -20.2171
34.9512 -22.4343
7.9823 57.9515
15.8205 68.1539
-50.0342 -31.9308
15.7154 62.1703
8.9 56.9086
35.9038 -19.6372
-51.2338 -28.4052
41.9981 -19.5794
-54.4808 -24.5191
-53.3118 -29.6616
-53.408 -24.7558
41.281 -22.0652
13.3336 55.8744
-46.4092 -34.0166
5.8639 60.8278
38.1726 -14.0079
-45.6875 -30.9448
-45.6293 -27.6051
11.0052 59.0658
39.2724 -16.6127
40.3713 -22.9692
-52.6447 -31.8046
-44.6876 -27.9707
8.0442 67.7284
8.7489 58.1898
12.3891 60.5838
40.0142 -17.2309
13.9451 61.2087
-50.3362 -33.6475
8.8136 63.6711
38.3797 -24.4294
13.2403 60.1194
-54.453 -28.5317
42.3283 -25.9364
-46.9372 -24.5792
38.4997 -23.3327
44.6114 -18.86
4.0047 61.1424
10.6868 54.5347
-51.9974 -27.6919
-48.5652 -29.5158
39.8429 -21.0436
8.8919 55.7362
6.7515 59.6043
-50.8195 -29.5306
10.5291 60.2811
-50.8888 -31.9048
10.1742 60.4389
-49.0239 -30.2872
5.9288 58.6914
40.2151 -20.7326
42.7001 -25.0326
-48.5718 -30.6238
42.8383 -17.5478
-54.4276 -30.3704
-51.7851 -24.6657
-43.0449 -29.191
-48.4352 -27.7758
-52.7552 -29.488
-49.5091 -29.58
41.0432 -19.2165
5.84 64.9897
-40.5838 -33.3247
10.9288 65.6966
34.5552 -20.956
44.4988 -22.5417
41.2034 -20.2047
15.2989 62.7351
-51.4724 -31.5095
42.6597 -21.7752
15.2456 64.5659
42.1753 -16.6952
41.3956 -21.5581
11.9878 57.3604
-53.415 -27.1191
-54.4132 -26.3168
39.0251 -19.9588
37.5745 -15.4637
42.8232 -26.3849
37.7159 -18.9711
38.3941 -21.4622
38.0982 -18.1916
12.8658 64.0399
2.6892 56.8103
11.2071 54.674
8.5976 58.6119
10.9359 61.6699
15.4819 56.412
-48.4082 -35.7592
40.779 -18.335
-54.8248 -26.1512
-50.0162 -31.675
-53.1661 -27.7625
44.3127 -19.6349
-50.9653 -28.4494
11.0436 57.3887
-49.0877 -27.7087
-49.1032 -29.8452
-47.3863 -30.8869
41.2242 -19.5665
11.9238 58.7169
-56.4948 -30.5876
41.8765 -16.6443
33.9759 -25.5238
43.8 -19.8052
-47.7884 -24.4121
42.5225 -16.6129
7.4294 59.1018
-55.2761 -30.817
37.1465 -21.807
-53.1689 -32.6053
-51.4419 -28.8131
40.2897 -17.4119
42.5189 -17.4384
-45.4101 -29.0751
44.8565 -19.7851
9.5463 60.0368
-50.3316 -32.8537
-47.1969 -31.8473
38.6044 -20.7921
-51.1266 -28.1349
9.2302 58.3136
-53.3068 -32.221
42.0758 -18.8846
40.3025 -16.3639
12.5846 61.8886
-50.723 -33.059
-53.6773 -27.1521
8.1429 60.3339
41.5758 -19.8988
-49.0357 -28.352
3.0676 61.0335
-55.4169 -31.9845
8.8851 63.8286
-47.3352 -25.6928
8.8119 56.488
7.3936 64.2135
12.3721 61.6324
-50.8788 -28.2369
8.8085 55.7839
42.1808 -20.4766
37.6925 -20.5319
9.3985 57.846
8.8667 60.6564
9.1167 62.5271
-57.3525 -32.4578
12.3545 59.2694
12.7757 59.6002
-46.8802 -24.7943
41.0711 -20.0772
12.8942 57.7872
-45.9115 -31.762
8.0981 56.4387
-51.9655 -30.7897
-51.4084 -30.4652
41.781 -20.5012
4.6063 63.1337
-49.1729 -29.4001
15.1647 64.3201
-52.0193 -26.868
40.7648 -16.689
41.5911 -22.5116
-47.0694 -32.36
39.6121 -18.4178
7.0592 57.8887
12.2508 60.0056
5.2568 55.6907
10.691 62.4944
-56.0916 -31.9742
36.3876 -20.4838
43.5721 -19.1632
-49.1017 -30.686
44.1558 -21.0595
36.8347 -18.5362
42.152 -16.3684
38.7459 -24.6352
40.6072 -20.5173
8.9471 63.9652
-49.1117 -23.6415
10.7479 61.0856
-52.676 -30.9597
12.9484 62.4862
39.3242 -19.6291
-50.2244 -23.3007
35.7049 -23.3743
9.4906 56.0304
14.8143 60.862
7.4096 60.223
39.671 -21.0808
39.4484 -21.5042
-49.1667 -26.372
-54.3052 -29.9458
-53.0271 -30.7838
-50.4118 -37.6592
-54.7906 -28.9823
-47.4867 -34.5791
7.498 61.4269
9.0581 58.5116
33.4333 -19.7328
8.6665 58.9249
13.9796 59.439
36.8026 -17.3141
-52.8592 -31.8344
8.3829 62.052
-54.8695 -23.8578
-49.9713 -30.5676
-43.9102 -31.9241
13.6331 61.7795
-53.3434 -29.25
-52.0601 -29.9598
19.9554 59.39
9.4562 59.895
-48.5799 -28.1932
-44.9318 -28.5613
39.8889 -22.199
38.2055 -20.8188
7.4996 63.1591
38.7535 -18.5216
-46.4185 -31.5179
10.7216 64.8207
34.5213 -22.8076
40.762 -19.0713
46.7586 -18.0434
-48.9573 -26.77
42.9765 -17.6665
-44.632 -24.4007
42.6367 -22.3317
40.8313 -19.4597
-49.6109 -31.0468
-45.6292 -33.0461
-50.094 -32.3787
10.5602 63.9946
39.5792 -24.4613
-49.2839 -35.305
10.9091 58.7563
-54.8339 -29.5111
40.4868 -14.9735
-49.3601 -34.1695
-54.2812 -33.8048
35.6979 -24.7151
9.1646 60.9872
35.4128 -13.5647
36.0121 -21.953
6.1365 64.064
45.7239 -20.5201
44.0988 -17.119
41.0169 -22.1436
8.7423 60.3458
35.6166 -21.621
11.5447 56.1302
37.4368 -19.6447
39.8265 -16.9246
-52.3038 -34.7511
13.3146 60.9588
42.9976 -23.1426
-53.0443 -29.9912
39.3821 -22.4307
9.6136 56.1756
7.6855 59.4896
37.4107 -20.7492
-48.2646 -34.9383
38.8158 -22.4715
9.2274 56.5155
-51.6641 -28.3156
44.8693 -24.0039
9.9159 61.3194
-49.9295 -30.7726
37.3544 -20.3529
-52.2751 -26.5384
38.6729 -19.9295
-51.8074 -31.5893
13.7242 59.9557
-49.718 -26.4288
40.1235 -21.9308
39.7533 -22.2585
-50.7569 -28.7285
-49.6596 -27.1942
9.4855 58.5123
38.0996 -21.8841
10.6663 57.7657
41.1113 -18.3035
36.5433 -16.9493
-48.0515 -26.5701
39.5446 -22.8715
37.5816 -21.2128
-45.2958 -23.9146
40.3584 -19.7075
38.2946 -19.6104
7.5343 64.8423
45.3314 -21.0929
7.9565 57.8895
11.4529 57.5401
-45.1165 -30.3813
-48.9986 -32.7493
10.4063 61.2154
12.5483 55.6261
13.8305 62.7178
-47.1995 -27.7265
4.6712 60.9063
9.3321 57.363
36.4953 -23.608
-49.6504 -32.7276
34.319 -19.2397
6.6678 62.947
38.2698 -21.9735
10.9254 55.9551
-48.2478 -26.5669
39.2914 -16.3181
40.815 -21.3411
38.5965 -23.9362
31.7955 -20.0813
8.6689 61.6215
-52.1462 -30.4149
38.7102 -21.0772
-55.679 -29.0876
7.0426 57.6442
-44.8914 -33.0526
42.9127 -18.2245
39.0345 -19.3915
-46.0801 -31.6157
-51.482 -39.2697
38.7826 -17.1775
42.4248 -17.5948
-48.6758 -32.2649
43.0169 -19.8171
39.109 -21.0701
-49.7913 -29.8508
41.3568 -13.4996
35.0977 -18.7982
-49.1242 -30.4875
13.5996 59.9796
13.2634 60.2647
11.6345 60.7086
-45.4392 -26.7694
12.3129 63.8077
10.5025 64.3828
39.8045 -22.1544
10.6903 58.7564
-53.5091 -33.854
42.2872 -22.522
33.686 -23.5212
10.1414 56.297
9.7224 61.764
44.6788 -18.3329
42.2568 -18.6155
8.8361 67.2824
35.4895 -13.3263
43.3176 -16.0062
-48.3313 -27.1347
-47.4146 -32.0892
-50.5662 -32.2448
40.1883 -27.023
15.4524 55.8798
-55.6711 -29.4956
-51.0618 -31.9396
38.8264 -16.3312
-55.6415 -30.0168
36.6954 -13.0113
6.5454 59.1939
13.1925 61.1802
11.4632 62.1246
11.6595 52.2318
-52.4395 -36.6107
7.6058 55.1139
39.071 -19.3837
36.9143 -21.5307
-48.4091 -33.7355
39.6854 -21.4585
38.3515 -19.7463
-48.8613 -33.4616
41.2896 -21.7878
-49.4411 -30.8752
-46.9199 -26.0576
41.2665 -17.9207
35.5106 -19.1518
12.319 59.0506
-47.1316 -28.0546
41.134 -16.3958
40.015 -20.3771
9.7704 56.3245
36.6327 -21.2052
-47.4492 -26.4795
12.1006 62.8935
8.7569 60.8018
12.9021 58.0402
45.947 -24.3045
42.1388 -19.0114
42.6985 -21.2809
41.0193 -20.8412
41.1196 -21.7779
37.5571 -18.4152
37.6301 -20.1846
40.0047 -20.6794
14.8076 64.7839
12.4342 58.6779
12.7511 64.3917
38.6764 -17.7688
-46.9193 -26.3104
9.0123 60.1378
-46.7388 -28.2216
39.578 -23.7582
42.3418 -21.8987
14.7761 54.0589
38.1099 -10.9131
9.6967 58.6382
-54.1102 -26.1362
-48.1756 -32.6239
-49.3545 -27.5881
7.4385 59.7165
36.7968 -19.2034
-53.116 -28.2698
41.345 -21.2088
13.4873 59.0811
38.9026 -17.4456
41.973 -22.675
40.2996 -19.7998
40.1733 -19.8546
-55.0689 -28.4363
8.8897 56.9775
39.0379 -20.1074
37.6505 -22.1447
-50.1055 -26.0576
-49.6462 -30.6966
-58.5807 -32.2075
8.2322 63.0845
35.5447 -23.5945
38.7549 -18.83
11.3338 59.843
10.058 56.7873
-48.739 -28.332
37.4441 -18.7842
38.3236 -14.2896
9.3847 61.167
10.9723 64.2298
12.9722 58.8599
10.161 58.5525
13.718 65.7143
37.958 -22.0479
-47.7091 -27.6605
10.2401 61.2351
6.2111 57.2494
-52.8142 -36.0403
42.3136 -20.6545
11.4734 55.1356
-48.7367 -24.6966
-44.9257 -32.2875
8.2538 57.8074
-50.9211 -25.6834
40.5973 -14.6056
12.1192 56.0418
41.6475 -19.9104
-56.7411 -32.2774
8.1253 59.007
42.0641 -23.1854
-45.0349 -32.3909
41.0943 -23.0207
41.3926 -18.8807
4.9418 57.9794
-51.0991 -29.9798
-54.77 -29.2054
39.7331 -24.1515
40.8052 -14.3508
9.9064 60.8291
44.5485 -19.9804
-55.4564 -30.6404
9.2826 61.5475
13.732 57.2396
-50.811 -29.2962
11.0636 52.5745
-52.0508 -24.4124
38.8955 -15.5268
-54.0962 -32.7817
38.6161 -21.7604
-48.9641 -29.1159
15.2195 59.2781
39.9795 -14.5606
36.682 -25.8142
10.3404 61.7587
45.5716 -16.6297
41.2348 -15.8206
39.6998 -18.404
40.9746 -21.1641
44.2941 -19.2054
36.5556 -20.2377
12.2409 57.0593
40.0778 -19.3991
41.2509 -24.102
37.435 -15.7266
38.6459 -17.9943
9.8599 55.052
-55.0384 -31.0328
42.4126 -22.1087
6.5168 58.551
4.0976 58.6997
-53.1472 -26.1133
40.6512 -24.9903
40.9757 -16.8866
-46.1344 -25.7077
-49.3569 -35.3119
6.1712 62.9748
35.9454 -18.3678
8.4127 62.2476
-49.8028 -32.0078
-54.1729 -27.1819
-40.9479 -33.251
-49.898 -29.9978
4.1243 61.6485
41.1955 -21.5747
-54.6201 -30.9569
10.2616 57.5481
44.1587 -20.2635
-50.6102 -29.1272
43.6193 -21.9805
6.8036 60.8916
-51.7624 -31.5658
37.9609 -23.3164
14.3689 62.3221
7.5673 61.5335
8.1796 55.8418
-43.682 -31.0129
-48.6534 -26.6384
38.2737 -16.8924
16.1503 60.8096
-51.6236 -27.479
11.2066 59.1214
43.0081 -20.4107
44.7983 -18.6347
40.8426 -20.8648
12.4487 60.3447
-51.1974 -29.0
15.738 60.1051
-49.1073 -28.7942
-54.0042 -28.622
36.7189 -23.0436
40.2669 -17.8239
10.8468 64.1509
38.4487 -20.9913
-46.1838 -27.9846
34.566 -19.6609
11.1138 62.3592
12.2774 56.16
5.0609 61.9149
38.5859 -20.2403
-48.9272 -29.7971
38.8206 -20.342
6.7641 60.5563
12.3146 63.3139
6.0212 61.0774
44.9124 -19.9385
-50.7063 -27.4431
35.7458 -23.2526
-54.0623 -34.3977
41.2066 -15.1886
-46.8398 -31.6466
8.9954 65.5468
35.167 -21.0375
-53.8311 -33.0263
9.5944 59.6043
41.7513 -19.1682
13.7327 60.8598
17.3218 61.2823
38.174 -16.7679
9.532 59.888
-47.0117 -27.4977
34.4437 -22.3669
4.5589 62.3989
4.3242 62.799
39.8267 -19.1946
17.1499 57.3668
-48.1733 -30.5325
40.9249 -22.3236
36.902 -17.7447
-48.2116 -30.4946
3.8365 56.0997
6.8779 60.8609
-51.2597 -24.4908
11.2883 58.3767
33.3185 -21.3843
-45.8345 -28.1799
-45.3326 -33.4533
43.9249 -21.3923
9.0196 61.5363
-50.7728 -28.851
34.5924 -19.0055
-47.4478 -31.9138
12.2442 59.4009
-49.5523 -25.1743
41.888 -18.9155
5.0388 66.2955
39.938 -23.6837
38.3354 -23.6523
42.2925 -20.7491
-48.0 -26.0446
-51.8124 -35.6851
6.3944 57.424
49.2756 -21.9524
7.6694 57.3469
-46.136 -27.2438
41.3898 -26.2488
40.1977 -24.3154
-49.7704 -32.2875
3.4198 63.7784
40.696 -21.0044
45.2325 -22.8743
43.4273 -25.2231
-52.5363 -25.1726
6.8886 57.6962
-42.984 -29.4792
5.0342 54.9353
8.896 56.2819
-49.621 -29.1875
-48.7175 -33.2264
40.7427 -18.3183
39.2403 -24.203
11.949 62.4177
-53.8096 -25.6046
41.6713 -16.8473
8.4363 64.3995
42.8272 -21.4265
-46.8155 -26.6194
40.2875 -19.7691
-56.805 -30.6386
9.2406 60.726
40.6401 -19.1938
-56.1349 -33.7618
-48.7667 -22.1592
38.8481 -21.4013
12.6413 56.3412
-45.8073 -27.7151
10.627 63.6025
41.711 -15.2679
9.006 55.5744
-49.3248 -35.8943
12.1772 63.3361
-50.3202 -24.7923
9.7098 57.6185
37.4924 -21.2707
-51.9916 -27.4733
37.9854 -21.2991
-49.4721 -29.7932
39.0823 -20.9213
-52.8286 -25.3613
-54.2695 -28.0444
40.2536 -20.7943
14.5274 56.5002
35.322 -18.3308
-52.5349 -29.5715
-54.2849 -35.1825
15.1108 62.2516
41.2179 -18.678
14.334 58.9357
40.3116 -20.4606
-54.415 -26.2068
40.6201 -19.93
40.5946 -20.5046
41.0456 -20.0652
40.0398 -19.3812
47.8571 -17.0271
-51.9712 -27.128
8.516 62.4565
-49.2575 -25.7836
-48.0957 -34.5132
-48.8632 -30.1492
39.1048 -24.724
41.0963 -21.6682
-50.3051 -31.7328
8.8335 60.301
15.9003 58.9609
11.0062 62.2618
11.8734 56.6721
39.0305 -18.3485
10.2722 57.2285
-54.8984 -34.6238
8.974 56.5503
6.1892 63.081
-50.2557 -32.0214
38.5152 -25.6927
9.7349 61.5035
3.8141 61.8433
40.1293 -18.5875
10.3955 62.7855
7.6924 61.1329
-49.0307 -30.271
36.7089 -16.3691
33.3236 -16.9132
-47.5821 -29.06
40.0845 -17.038
8.703 58.1351
9.8743 60.851
36.24 -19.507
-50.0809 -31.2321
40.8365 -18.7598
-48.3637 -30.4895
-48.3518 -30.2249
37.0356 -16.8517
-49.878 -30.7418
10.1076 64.3957
8.1664 55.1329
9.9702 59.7199
44.4229 -21.2542
6.7078 59.284
46.5104 -16.3552
10.4324 58.645
38.5381 -22.2626
41.8017 -18.1989
44.2924 -15.5737
-47.8316 -32.772
-48.6033 -33.1551
41.189 -16.3172
-45.5132 -30.3843
-55.9075 -30.8755
7.5738 65.0464
-47.7252 -29.6745
-54.0355 -32.2717
-53.2692 -28.5785
-51.5213 -29.266
-51.8827 -31.428
43.0439 -20.6881
39.2891 -18.6882
9.5519 56.339
-50.454 -30.2054
-51.8944 -28.4487
6.5989 63.3963
-46.9294 -25.2802
8.5455 58.3239
12.2035 61.1541
10.0743 59.5958
-51.8637 -25.8824
-52.9455 -32.7357
41.0371 -20.5006
-46.9008 -32.8484
6.2141 58.4372
38.8105 -17.6838
6.642 58.3281
13.8106 61.8535
36.0722 -21.2615
14.4138 56.2994
-52.0209 -30.0801
36.1052 -20.6324
42.3984 -27.3318
6.3184 60.6609
14.1215 55.5945
7.9567 57.3402
6.2995 61.9284
40.4087 -21.8835
37.0931 -19.7771
40.7491 -18.5968
43.7258 -20.6095
10.6877 60.1841
43.5186 -17.8608
11.9292 62.0589
36.7513 -21.2982
-54.9098 -28.2599
-51.1542 -29.7888
44.1758 -20.2254
-46.9678 -28.2909
15.1092 66.314
39.8367 -23.818
15.244 61.1326
14.0326 63.1149
41.0624 -19.8966
38.9999 -15.1294
-54.2736 -32.4163
12.1207 55.4829
7.7292 62.5464
-48.9503 -33.6821
9.3849 57.4891
-50.5442 -32.1878
10.1601 62.7719
-45.6649 -28.2819
2.595 63.0152
41.751 -19.2518
-43.8809 -31.7187
39.9048 -15.4885
41.8929 -17.1648
44.2287 -17.9651
6.7125 61.2666
39.5898 -18.9438
36.8696 -20.1714
44.399 -19.0106
-51.5804 -34.9406
-49.9785 -32.201
41.6406 -18.1952
17.2837 61.8752
8.7932 64.3438
14.8408 60.8238
11.8868 59.6197
4.7649 59.2794
8.876 60.4016
-49.1871 -30.5024
12.6813 60.6396
-50.3616 -30.3617
39.053 -23.1512
-53.9072 -34.6981
12.2405 62.7865
-47.0033 -27.0923
44.0657 -18.9353
-48.576 -26.3829
14.8402 56.7195
5.3732 59.0819
7.9865 61.8221
-51.9562 -24.316
-53.9746 -33.7763
39.252 -19.0993
45.1684 -19.6738
-51.2983 -25.8674
13.2321 60.1744
9.3968 55.9734
-47.5312 -31.8939
40.4624 -19.5194
-48.0848 -31.4554
37.553 -20.4396
44.473 -24.1249
11.3305 62.9668
42.5593 -18.657
8.0781 59.5603
40.4855 -21.0886
14.1308 60.1523
43.5605 -17.6397
-47.0101 -26.9683
0.976 66.2625
41.0562 -16.2985
40.9019 -19.5928
-45.8654 -27.9427
-47.472 -28.0044
12.0856 60.2348
39.2203 -18.8248
41.3438 -21.3287
13.1968 58.7949
-51.6727 -32.126
-50.5594 -30.8224
4.167 58.5063
36.6448 -21.222
41.4481 -16.707
12.2745 61.2261
-46.2094 -32.3475
35.9077 -18.6965
7.9763 59.0396
-50.7834 -30.0252
41.8459 -23.0521
6.5915 56.7069
39.6795 -20.746
7.9896 61.5461
9.4153 56.7633
11.9184 63.4245
42.1755 -19.768
37.6472 -21.2027
-52.3577 -30.0352
40.1964 -21.2554
-49.7721 -26.6558
40.0603 -21.7991
40.6494 -15.3826
-44.121 -32.2255
44.11 -17.6942
-48.8877 -31.3456
-43.5889 -30.0193
16.6941 57.3093
-47.2095 -26.0444
8.8626 62.9646
-51.3622 -21.7263
-47.7373 -29.0038
-52.6963 -26.2818
39.7374 -21.3293
6.7242 65.851
40.5361 -16.7061
-50.4852 -35.6603
10.1375 56.984
11.5555 61.0013
42.8853 -16.2535
46.9914 -19.1389
10.2083 61.277
7.7723 55.2752
14.3706 58.9586
-48.4565 -30.1783
-45.1251 -27.285
-50.6663 -30.8708
-47.3962 -32.9423
11.9815 55.9766
9.9163 59.2659
6.516 60.4268
-53.6328 -32.1098
10.399 57.8551
-50.7026 -32.0657
13.384 60.9345
-48.9672 -26.8806
42.7121 -17.4999
8.8508 57.4569
7.7487 55.1604
6.2973 61.6334
37.2048 -17.8585
-46.8497 -28.7345
40.8108 -20.1706
-49.9747 -28.3729
9.8371 59.092
38.1635 -20.5442
7.6901 60.6667
11.6387 56.2345
11.7891 59.3403
41.7046 -18.6043
42.8361 -26.4938
11.619 62.7837
5.095 60.8648
11.2785 59.7166
-50.1195 -32.3963
15.8331 56.2346
-46.663 -33.4704
-51.6232 -34.1021
8.6318 62.3072
-48.6514 -27.6169
-48.9289 -28.4683
39.7865 -17.5898
38.8673 -21.3824
-50.4982 -33.5877
40.0558 -20.8637
-45.9988 -30.7221
-46.775 -31.3388
-47.8441 -26.5187
9.9571 61.3807
-50.1251 -34.001
41.1618 -19.4583
12.3109 63.3823
39.3832 -19.022
41.681 -22.4053
43.4941 -14.706
14.4246 56.6363
13.3454 59.4648
41.0824 -24.3766
-47.999 -27.4564
9.9542 57.4739
42.3371 -16.5278
8.4298 61.1709
6.6328 56.9963
36.7312 -16.596
13.2078 65.1919
7.2738 56.1028
9.9098 62.1788
12.105 56.2564
38.8736 -18.7476
5.8806 62.5883
-53.2194 -29.5439
9.7839 60.4302
12.5901 60.2212
12.7948 60.4871
7.2568 63.3937
40.9236 -16.893
-48.526 -27.3371
-51.6374 -27.9147
37.7559 -12.3026
7.6984 58.8554
45.2074 -14.3068
6.5231 57.6565
-44.501 -29.2819
9.3954 59.2289
9.8089 60.0512
6.6447 59.8709
36.9127 -15.4768
37.0296 -18.2126
10.9042 57.1212
43.7616 -25.6382
44.4578 -18.9893
-55.5354 -35.1763
40.5306 -22.8841
-50.0158 -34.0091
13.4467 63.4062
-46.5974 -24.9364
42.7587 -14.5273
36.8016 -17.1639
39.6893 -18.2169
10.3821 52.7828
7.5277 59.1586
40.2457 -17.6812
37.6513 -17.1911
-54.6451 -27.6165
-47.7135 -25.9479
-54.4275 -31.0562
39.233 -18.5024
-49.3877 -30.7989
41.3998 -17.0175
11.5244 57.5527
-50.3075 -30.0003
36.5827 -16.2219
-53.1526 -35.4597
38.139 -21.5114
-51.7968 -31.3364
43.7266 -21.9577
-46.9682 -28.0618
38.9993 -18.9536
-48.4932 -30.6713
9.0381 55.3651
45.617 -24.0498
4.4285 55.7761
39.1724 -16.1997
40.0969 -17.792
39.7203 -19.3197
-48.4487 -31.0616
-47.9366 -31.5989
9.2982 61.6557
-50.0674 -27.9532
40.83 -17.8617
36.9142 -20.5113
41.7988 -27.2919
-51.9887 -31.9478
-54.6352 -29.1907
8.5346 61.4472
-52.923 -26.9139
-55.9945 -34.0971
11.3504 59.8218
16.2144 65.6322
9.4835 57.2515
11.2793 64.4606
-50.5641 -30.0646
8.7879 60.703
13.6256 53.5946
8.0412 60.0397
38.1275 -14.9454
-51.3153 -29.9622
39.5757 -19.6604
37.3735 -21.2199
41.0867 -21.0901
35.7442 -23.0822
-47.5829 -30.7153
9.7602 56.8102
-46.8303 -27.8603
16.0576 51.9935
-45.5728 -28.9315
13.8315 54.3805
39.7832 -20.0399
7.9257 59.6624
-49.8211 -27.1268
-52.741 -27.8288
-50.2687 -34.4384
42.4036 -22.9885
-47.7017 -31.8499
41.4901 -20.688
43.0509 -19.9619
-50.56 -28.4748
36.2113 -25.5195
-46.0021 -31.105
40.9799 -17.2229
-50.6791 -29.9879
-56.7933 -33.1984
6.4531 59.1501
41.8068 -19.7116
38.0019 -12.0404
-51.2562 -26.1428
11.5314 62.1554
-48.2128 -36.0644
-51.0649 -28.0173
7.5018 58.7276
38.6875 -19.1629
45.5104 -19.496
11.6148 59.5641
15.0551 58.7516
-45.0677 -24.7208
11.7435 63.1611
12.7553 63.1264
10.7386 64.5568
41.9571 -25.9937
44.7933 -25.7708
7.5099 60.7907
-52.8058 -30.2854
-52.6144 -27.4407
11.1794 61.0475
37.4024 -18.844
42.8446 -16.7033
8.799 58.9716
43.0383 -25.0094
-54.2521 -27.5656
8.5964 61.5654
5.7782 60.7052
-50.3455 -28.6509
37.9737 -27.6329
-52.6636 -28.5853
14.4604 58.6494
40.5933 -22.0416
38.4644 -22.3819
44.1481 -22.8866
7.9515 57.8735
17.2642 58.8413
39.9643 -19.4549
43.0123 -14.2171
-53.4704 -29.2223
7.4662 61.1653
39.9647 -17.8916
-47.5813 -31.752
10.5733 51.9561
11.2973 58.2747
41.4215 -21.3795
37.6732 -17.2482
-51.5735 -32.1483
15.421 55.694
40.5913 -23.6294
37.0136 -9.5888
41.4161 -23.3932
39.8791 -17.0714
48.5877 -20.5816
4.4997 53.981
42.9021 -17.2029
-52.5298 -31.4488
-50.2856 -27.9012
37.047 -17.3661
-53.6024 -32.274
10.0624 60.4283
-52.5783 -32.5665
41.2539 -20.2396
18.1516 60.5447
12.9645 60.4658
13.8755 56.7635
-51.8793 -30.8289
8.9929 56.6102
40.6313 -26.2734
-46.7288 -33.7892
-48.1932 -24.2021
42.3083 -19.3563
-45.6716 -33.0034
-51.9714 -29.3104
10.5315 63.2074
-50.876 -35.4056
-52.9377 -27.2052
-49.5404 -27.044
42.2508 -20.2174
41.048 -23.021
-50.1715 -27.9763
10.1308 58.2079
45.0142 -17.1424
-45.0538 -25.0584
-53.9371 -28.521
-49.8751 -31.0552
9.2108 60.4934
44.1233 -16.9241
-54.0935 -32.6506
-51.8031 -30.5307
37.4534 -19.4276
-50.0674 -28.0552
38.9552 -23.962
18.9499 59.7048
37.6902 -21.3586
37.8054 -19.9692
8.4381 58.3817
-52.0472 -26.3212
-41.5607 -28.4182
41.0108 -25.2324
8.5722 60.3688
9.6328 59.9627
40.4754 -19.5931
-49.3765 -30.0698
-54.7841 -34.4815
40.653 -24.7974
38.039 -21.6171
39.9994 -20.5172
-48.7916 -30.037
9.913 61.3027
36.7633 -17.4286
12.6073 58.061
-46.8495 -32.597
-50.2569 -27.7361
11.4041 59.3177
11.0051 58.1383
-50.9043 -27.3947
43.0888 -16.4237
-52.2053 -33.3356
34.3482 -15.5844
13.1751 62.3332
13.8376 60.776
33.3676 -20.0337
10.1801 61.9368
40.1065 -16.1272
-51.2102 -28.4706
11.311 61.9339
42.0803 -19.294
4.9095 64.366
-43.7224 -35.5905
-53.2962 -30.4734
7.7181 58.8817
-51.1821 -27.6513
-54.441 -36.7936
39.4595 -19.7694
9.0337 60.1653
36.3071 -17.7193
10.7574 61.2596
6.8382 60.9299
41.8573 -14.3617
-50.0555 -31.9962
6.8595 60.0323
12.1501 63.062
3.3296 59.3882
-52.6912 -32.5733
44.4194 -23.6444
12.1078 60.6064
-57.1866 -25.0635
9.1784 65.1435
-48.2855 -31.668
-46.4096 -27.8359
-45.2996 -29.8807
37.8289 -20.7277
38.4904 -25.0615
-50.4099 -30.9982
41.4938 -19.1188
38.4793 -19.6663
12.1888 62.8577
43.2895 -16.9288
43.3439 -21.986
-47.0608 -30.2193
7.0625 64.6016
-47.644 -29.5423
39.0899 -20.6861
39.2733 -22.222
-48.21 -27.6561
7.1092 56.524
9.5631 62.6269
38.6314 -19.8187
39.1377 -16.1231
-53.4292 -26.913
42.247 -22.1982
-47.1663 -36.2127
37.1914 -19.2397
-50.8152 -34.1339
11.8184 59.3224
-50.2925 -32.5985
36.56 -22.2447
43.7174 -9.6493
41.1106 -21.394
-47.8797 -35.4496
32.8623 -20.8729
41.3943 -18.5488
13.6327 64.1486
10.3215 60.7837
-48.7365 -25.5001
41.1542 -19.1872
35.203 -18.9564
43.2209 -24.409
-53.004 -29.7788
40.3554 -17.1041
38.7151 -20.7122
-46.3206 -26.8893
45.4357 -20.3479
-48.0834 -26.7396
33.9397 -19.6538
4.1597 57.509
6.6367 56.054
5.9665 56.7984
39.759 -25.1623
38.0478 -19.5922
44.0532 -18.4814
-49.6785 -29.5745
-50.1392 -30.3143
42.644 -20.8565
-50.767 -28.8899
38.4969 -21.5116
-50.8843 -33.2791
41.1053 -26.2925
36.5592 -20.5085
14.8635 56.4748
36.3164 -23.6346
34.721 -20.8885
10.5344 58.278
6.5167 60.5853
-46.1641 -32.5963
10.9176 61.3999
-45.2443 -29.7695
-52.2463 -28.1737
-49.4905 -28.1437
10.1787 61.1946
-49.1322 -28.7544
6.3141 60.8736
-52.9101 -30.7835
8.2061 58.0331
-55.6401 -27.9944
41.6582 -21.9215
8.8279 58.812
-53.0596 -31.4853
9.9263 60.6374
-52.8679 -29.6267
41.3978 -18.8383
42.7624 -20.9143
-47.2631 -31.6704
47.0268 -15.9829
10.306 59.6239
-50.6455 -25.4478
39.0659 -18.2144
-53.2564 -28.9069
-51.8043 -30.4134
-47.1467 -29.1792
44.6056 -19.4118
37.5151 -14.4179
-48.7493 -30.2413
-48.7213 -38.2305
-48.1615 -29.0488
-48.5584 -37.5602
5.5091 62.841
38.5692 -15.8212
37.0301 -19.7536
-48.4271 -28.6114
41.9062 -22.8298
-51.1941 -23.9662
41.3259 -20.779
11.1098 64.5926
-50.762 -32.2903
10.654 60.3461
40.353 -22.7458
-54.7663 -27.907
40.3851 -17.3026
-47.7152 -26.6487
11.5608 64.0639
42.1753 -22.074
9.5306 63.5503
12.9609 56.6784
8.9775 59.924
40.0206 -23.6827
7.9604 61.5273
38.8027 -21.6407
-51.0667 -31.8966
40.4536 -22.7858
37.4125 -25.2568
43.4602 -18.7538
32.9994 -25.5709
43.8672 -18.8096
40.7394 -17.6266
38.4705 -19.9372
39.6912 -23.3201
10.2037 64.2915
11.659 59.8804
41.8674 -19.088
-50.8743 -35.3451
33.6488 -18.9962
41.6838 -20.3106
39.4835 -13.4914
38.905 -23.9855
40.4339 -17.0575
-50.9193 -23.96
-51.2054 -27.2271
38.8598 -17.6255
9.6669 65.6019
-48.2635 -30.1605
-48.7407 -28.8984
6.1786 67.0651
-49.8561 -29.7584
38.7396 -19.6974
4.9252 57.1895
-52.6426 -31.8404
-46.8309 -31.1095
17.9731 51.667
13.3517 58.6559
11.6694 61.9185
-46.425 -30.5678
41.3651 -17.7835
-48.4898 -29.5885
7.6089 60.7366
34.533 -17.9351
9.2598 57.9854
-47.0095 -30.3904
-54.724 -32.9444
39.2484 -22.2351
-50.3675 -28.4931
5.7837 63.183
-47.4057 -26.077
-49.9502 -31.8978
-50.3221 -26.7894
-45.8819 -28.9583
40.9513 -18.1105
-48.8808 -29.7791
44.557 -14.2884
-47.1223 -26.8225
8.2645 59.9347
34.8978 -16.0173
12.9136 63.542
44.453 -16.8848
9.0128 56.6891
-48.7908 -25.9283
-51.8663 -29.8095
6.7812 58.2958
6.6506 57.7357
-48.147 -34.3934
41.6437 -18.0309
6.5329 62.7606
37.8934 -19.8519
43.6098 -15.9748
37.7684 -19.6791
-48.7665 -25.5527
-55.146 -26.7192
37.7151 -20.479
34.9279 -18.6192
35.3314 -19.2945
13.0168 59.3276
-52.9404 -27.4068
37.3269 -18.9383
40.141 -19.6449
8.0407 59.8235
-46.7129 -30.3392
37.317 -18.0779
36.4829 -22.5235
9.004 64.3639
14.5518 61.3762
15.574 60.2332
40.0753 -24.5955
-55.1563 -27.5167
6.8143 61.249
42.7417 -23.6686
43.6495 -17.9265
12.1618 58.0479
-54.564 -33.966
-52.0108 -35.3765
41.0875 -25.0767
12.355 54.6091
43.8262 -22.1388
39.1015 -23.1907
-47.9766 -34.5261
-48.8703 -31.3154
-49.363 -34.558
-48.6978 -30.6541
7.3931 60.9832
37.1543 -16.5289
10.9981 59.1601
48.5499 -22.8136
39.0052 -19.6028
36.6458 -20.2672
-48.8033 -33.1369
5.9892 59.9107
42.7586 -19.1001
40.7822 -19.9385
38.5826 -17.2307
41.6874 -18.7168
-45.1297 -32.8129
12.6803 61.5374
9.5925 55.924
-48.4428 -28.2896
40.5401 -19.2338
-47.9094 -34.4721
12.3991 58.2083
-50.3784 -29.5025
9.7608 63.8007
38.4206 -16.0659
35.205 -21.504
41.1991 -21.0885
-50.0207 -30.6179
34.9242 -22.017
-41.5893 -30.1105
-51.7783 -26.6142
-48.1635 -33.0731
-48.4486 -29.3928
34.6627 -12.2363
37.2161 -21.9504
9.4573 64.2018
41.1143 -21.0439
11.306 55.2566
6.9757 59.6324
38.0554 -22.6624
-49.7643 -33.2021
-47.1404 -31.3909
12.4933 62.9489
42.3675 -16.0372
11.3219 62.5471
12.3576 59.8367
39.854 -14.4586
3.9462 53.7764
41.6446 -24.3615
7.9716 62.2392
40.5154 -15.5008
43.7318 -21.8776
-52.0886 -29.1313
5.6938 63.1406
43.5602 -19.6189
10.4141 60.4891
-50.045 -31.645
41.777 -19.1752
12.8034 57.6739
-53.0001 -29.7377
37.1939 -20.7059
-50.8235 -27.2765
-51.9903 -29.0499
-47.1901 -27.5065
-57.9601 -31.7759
12.7141 59.8955
10.9728 60.1568
8.6973 59.4848
38.1445 -18.8163
38.1476 -15.3544
11.8756 58.6289
36.8659 -17.397
14.2602 60.4124
5.2872 62.4199
-48.4975 -28.0563
11.1341 63.8924
39.9282 -17.8853
-54.2815 -26.9185
10.312 63.8249
8.2697 58.0461
36.5973 -21.3959
38.7111 -18.7139
-45.9333 -32.3983
7.1481 58.4548
14.4591 60.4413
-53.1564 -27.1713
10.9248 62.3319
-52.3084 -27.6678
39.541 -18.3342
-51.3714 -22.9943
36.705 -21.752
9.8626 61.7433
-47.0278 -29.2716
40.4257 -20.5982
-51.5301 -27.3912
-46.5863 -29.6943
-52.4125 -28.4747
-0.4235 62.7754
-46.8134 -27.8058
11.2033 59.6678
-47.3819 -32.9645
9.944 55.3797
-46.833 -32.8282
37.9408 -17.7612
-50.6953 -29.314
15.4829 65.3343
-47.8612 -32.7557
9.8597 63.767
9.5403 61.071
-51.4547 -37.0247
-42.9677 -27.1064
-51.13 -24.8034
7.8777 60.9819
42.2621 -22.4467
-50.0906 -32.3107
4.8487 60.539
40.279 -19.1586
-45.8227 -32.7834
10.2579 65.4876
14.3502 58.2826
34.2162 -12.6999
42.616 -19.0898
-55.1286 -28.8903
-46.4903 -31.857
4.1169 60.0552
-49.3513 -32.4623
43.275 -11.2998
-53.1663 -33.2165
-46.5851 -25.5054
8.8418 56.5123
9.3175 63.0725
40.5388 -16.6387
-52.382 -26.8878
43.483 -19.1639
11.1936 61.4491
11.9798 60.5393
-47.3389 -26.5182
43.0197 -21.036
39.3711 -19.1134
-46.8653 -32.0611
9.7419 62.7481
38.6002 -24.8263
11.0778 53.7891
6.8035 61.5734
-48.8695 -35.5971
11.2561 65.3498
40.5865 -19.4739
-52.2586 -23.2887
-50.4398 -26.8282
40.5796 -21.9227
-52.05 -34.5159
-52.3091 -23.8703
6.3709 62.1236
41.9697 -16.456
-51.4055 -27.1632
8.2178 54.26
13.0627 62.0899
12.8004 61.2185
8.7499 64.6861
9.3078 60.8925
10.9407 61.4861
-52.1594 -30.4632
-48.5401 -32.6421
10.031 64.792
5.3329 62.7647
-50.7924 -27.0531
-52.3953 -33.149
12.2289 61.265
-50.159 -30.4482
-49.412 -34.0742
-47.7094 -30.9817
-47.4552 -30.0056
41.5364 -22.8288
45.2275 -18.7763
-52.1103 -33.823
38.9213 -18.4653
-48.8605 -30.165
39.9146 -18.3744
41.8246 -22.5676
43.1312 -22.2758
-46.36 -28.4861
41.4598 -19.1343
40.7007 -21.7288
9.7152 60.7818
11.2088 52.3236
-55.7024 -34.8566
6.7621 60.5623
-54.5476 -34.6348
-54.5888 -25.0212
-46.5634 -26.8078
40.1867 -22.6473
10.1953 59.2316
-48.5838 -32.028
38.0907 -15.8998
39.9362 -23.8891
46.0812 -22.5231
40.543 -16.8957
-48.2995 -26.2167
-46.7747 -25.9145
35.4889 -19.9371
11.4614 59.7254
-49.646 -26.8963
38.2424 -22.7647
37.9462 -20.9129
37.0629 -14.7011
9.1998 55.8634
-49.5404 -23.3231
-57.4144 -34.0824
-52.4785 -31.1088
6.6467 61.1665
11.4728 58.6018
13.9871 56.6864
-52.3688 -29.3902
43.2207 -22.0471
38.1306 -19.4642
45.5814 -18.622
39.0675 -9.8619
9.1966 66.8186
42.6946 -19.2475
-46.7357 -29.169
40.2682 -12.6131
-49.6005 -30.1968
39.67 -18.6277
-54.1979 -26.4023
39.9954 -22.6653
-51.6358 -31.5657
38.4877 -20.3019
-49.0433 -26.8006
-50.2198 -31.414
5.9762 64.9808
39.7685 -21.5833
37.8444 -22.7572
2.0907 60.7972
-48.6888 -32.92
5.095 58.4509
-53.1115 -35.0916
-48.3356 -28.5452
14.4772 56.4569
12.4553 63.1233
38.0078 -21.0187
14.3826 58.386
42.8517 -21.6166
-47.2014 -34.57
-42.3495 -32.3479
12.9796 60.538
9.0947 57.1278
10.0256 59.7363
-50.7798 -27.3793
-51.1639 -33.6157
11.9729 62.984
-54.1061 -34.2911
-48.077 -31.0299
15.0796 59.3536
12.5212 60.8919
47.0093 -21.5892
9.0546 58.7638
-45.4916 -29.1216
34.9327 -20.925
-53.9944 -30.747
-53.3325 -32.2416
9.533 59.6436
-48.354 -31.3352
39.499 -17.6964
11.117 56.415
41.7162 -21.6439
9.2473 63.0809
38.821 -13.9333
-45.6115 -30.7727
9.3972 59.5058
6.7375 55.498
11.2713 64.9201
-50.8495 -29.8011
40.3915 -23.0203
43.6899 -13.6377
46.0996 -17.0421
38.315 -20.3831
-50.5016 -31.6462
39.163 -19.7503
-44.4496 -29.2212
-51.9805 -27.8047
13.7601 57.3113
-55.9162 -30.5722
38.6588 -21.2677
40.4951 -19.4378
-54.4596 -28.3884
33.5851 -23.641
40.0377 -15.98
41.119 -21.5289
43.6694 -19.2004
9.713 60.4844
-49.8827 -29.6253
7.6052 55.6192
-48.1805 -29.0016
9.4812 60.2174
-48.59 -37.8428
33.3511 -19.6293
41.8012 -21.3008
-49.1142 -26.2673
43.5925 -19.587
9.4654 58.1461
37.392 -25.0745
-51.0855 -31.1956
12.4607 56.296
10.7894 65.0715
10.111 62.398
44.7973 -18.7517
38.9265 -24.4997
34.3396 -14.1417
-54.4092 -19.1088
-52.8665 -29.6426
-49.8204 -31.2676
-48.0149 -31.8833
37.5312 -20.886
41.0117 -14.6087
-46.621 -31.9332
3.5469 64.5188
6.185 66.4969
-50.1619 -33.9285
12.8623 57.1976
-46.7703 -28.9909
-50.8777 -27.54
42.2426 -20.2212
-49.5417 -29.3252
41.851 -22.948
-47.221 -28.0304
11.3504 62.3373
-51.371 -27.7743
7.5163 56.1603
-53.208 -34.1057
15.4351 56.6468
13.9432 57.5754
13.0681 59.0751
9.682 58.7918
-50.8417 -30.706
7.8057 60.3107
33.9869 -19.0403
40.4435 -18.1637
12.1649 59.577
9.3921 56.6941
12.9696 59.1884
-47.0196 -36.2643
-47.7098 -35.2296
-52.098 -33.1383
10.7917 57.9472
10.0074 68.4359
8.3047 61.1677
10.6791 55.7796
7.9974 60.1933
-52.6656 -34.0661
-54.441 -29.6122
35.6162 -24.1684
-48.6919 -32.7903
9.6041 56.8826
-50.3912 -30.6669
-51.7532 -32.5612
9.5878 61.4501
38.7458 -14.9787
43.7348 -17.1752
-54.0787 -34.1349
-53.2897 -33.8757
37.3014 -19.0595
5.2926 62.872
14.9378 58.977
-49.8249 -30.8389
14.2052 65.3509
39.3898 -21.7735
-53.4956 -25.3558
-56.572 -29.7655
15.404 56.5645
-47.3412 -30.6389
41.9716 -16.9946
-48.7381 -30.8205
-47.3871 -32.8495
-48.8391 -27.9202
7.9096 57.7118
16.0549 61.078
-49.6229 -29.1417
-45.6572 -28.9645
35.6558 -20.2684
39.7698 -24.0249
46.2561 -19.5506
34.7234 -16.6211
-47.6803 -29.9486
37.3774 -22.3024
40.2255 -19.4131
39.8769 -18.7032
6.1004 64.6255
-46.5307 -28.7875
-54.86 -29.3289
39.8716 -25.4833
12.0409 55.3764
15.4928 64.049
13.2311 64.1601
38.522 -15.4152
-49.861 -26.6882
7.7625 64.9451
-50.9575 -24.4422
37.7481 -18.5569
38.2151 -22.3779
-47.8754 -29.8831
-53.6439 -27.0992
-50.7865 -29.5536
-48.0674 -27.2795
40.0883 -16.9203
40.3037 -18.5621
41.6293 -19.9951
9.4449 66.6796
42.5995 -24.4872
-49.0228 -27.7739
-51.4293 -28.7777
41.6335 -21.2809
-52.643 -25.3508
8.2735 61.1667
42.3397 -19.9643
42.7618 -17.6474
37.1581 -22.574
-54.5434 -30.3501
35.8009 -20.8925
43.8321 -18.9228
-50.1123 -31.3308
-47.5469 -31.2498
40.1064 -11.6917
-49.3318 -33.6304
-54.7367 -27.9765
44.5145 -23.9623
43.604 -23.9266
-52.4525 -33.8112
6.9512 57.192
41.6682 -20.0989
11.4998 56.754
42.2809 -21.553
40.5556 -23.2781
41.0755 -15.8749
36.0455 -18.4094
43.4859 -19.5822
8.3858 61.1976
37.3517 -24.2236
36.8838 -20.5194
38.0013 -20.5876
40.402 -18.6201
-53.3482 -26.3191
-50.9434 -28.3025
-49.6862 -25.7739
37.8604 -16.9811
-51.8951 -31.1096
15.3557 58.38
-48.0726 -26.6087
9.7206 62.0315
4.9339 63.6601
15.899 55.4
10.6454 56.99
-48.7124 -34.7261
38.9414 -20.4458
37.4684 -21.579
-50.68 -35.0554
13.969 62.3569
10.7983 60.9787
8.7337 53.0761
8.4872 54.4336
-49.7301 -27.7841
-48.3466 -29.6599
34.7955 -19.6009
-53.8449 -32.196
12.338 57.5877
-50.0888 -30.4265
5.664 58.1234
-46.9677 -31.7477
9.4842 58.9352
-43.3919 -28.9842
4.4012 61.683
41.0963 -21.8244
11.4763 54.9873
-52.9462 -27.8338
-54.8401 -28.8722
-48.0054 -35.5531
5.8329 52.8016
-53.4574 -26.3156
46.8274 -20.2136
8.1994 61.7156
38.2797 -15.8844
37.121 -23.9596
42.2949 -24.3583
11.2476 59.7794
15.2509 57.7724
11.1697 58.0714
34.8659 -17.9816
-52.032 -30.3662
44.4333 -18.4602
-47.181 -28.8221
-52.4487 -32.217
8.2345 62.7503
9.9618 63.5861
-51.4441 -33.2838
-51.0739 -25.5709
12.0207 54.6259
13.5656 63.4293
-53.1444 -29.9505
14.9722 59.1946
41.3833 -13.1846
-52.1497 -24.8865
-50.7035 -31.1968
41.7413 -18.9382
-47.6498 -33.2323
7.6843 62.4537
-49.049 -30.773
10.2076 58.508
-50.5071 -30.6333
7.8688 56.8985
8.6651 56.1412
42.1272 -23.3437
-47.3992 -31.1521
7.6856 55.9522
-54.7146 -30.9608
8.8858 54.2261
15.9149 61.9594
-49.7881 -33.4142
-47.6877 -34.3962
-51.1114 -31.9667
17.3357 60.8436
39.6446 -20.1589
10.2748 58.2611
39.2257 -23.5937
-49.8796 -30.2151
5.3755 57.8143
-50.9571 -29.9464
13.0721 61.0722
-51.3061 -30.3675
9.699 60.6136
-46.6662 -27.4713
44.1088 -13.1167
-45.4903 -28.2188
40.2582 -20.1691
43.1559 -21.2989
34.4963 -18.8231
41.8797 -20.8312
-49.0938 -36.003
39.3323 -14.6894
38.8347 -17.6812
-51.1958 -29.2118
7.3185 59.4851
42.6506 -13.4733
-52.3665 -33.2779
39.7623 -23.6979
-49.4029 -26.0077
-52.6772 -30.4278
-51.0176 -32.6888
12.017 60.0904
39.7652 -25.3991
38.0002 -17.6692
7.4112 58.2646
40.2748 -20.8402
-45.9053 -29.0376
-46.6773 -25.8699
38.7603 -19.6406
35.4943 -23.9977
11.455 54.9508
-45.2345 -27.6073
-50.3314 -31.0787
-51.0391 -29.6123
-47.2879 -28.3077
-50.6617 -31.9719
39.2153 -18.6648
44.6894 -20.5473
-45.996 -35.3837
-47.6124 -32.029
37.1354 -15.8666
38.7338 -21.337
41.0809 -21.5799
10.1881 63.2202
-48.3305 -29.0639
11.2464 57.0549
40.4843 -17.2178
-49.2175 -27.2848
39.2068 -19.835
9.5015 60.5603
36.1466 -21.3745
41.5513 -17.8921
9.1696 64.9834
-52.094 -26.8174
-53.2181 -26.0309
42.1937 -20.6593
7.2899 58.9356
12.5955 60.1276
40.4442 -22.4169
42.6339 -17.221
-43.8331 -29.6548
35.0692 -18.4902
37.3662 -20.3928
-49.8179 -29.0144
-50.8523 -28.9713
-45.62 -31.1446
12.8882 63.1793
39.0959 -22.2632
38.8147 -22.8658
36.1499 -21.88
41.6106 -23.9391
-47.1579 -31.9332
37.6394 -17.9329
-49.1434 -27.1343
38.3638 -17.5852
-0.7405 59.2431
12.8933 61.6583
38.1299 -26.5404
36.8302 -19.2877
8.1344 62.9999
-50.7483 -27.3829
45.0059 -18.0922
-52.4938 -31.6484
-49.566 -27.1513
-50.3866 -36.4571
-45.8865 -27.0928
43.3576 -20.7854
9.2852 60.0392
43.0008 -18.3468
37.5401 -23.4236
12.6381 60.604
-52.0421 -30.9849
35.9034 -22.566
12.1962 58.0417
-46.9708 -31.8064
40.8285 -24.4696
12.7798 59.2376
43.2878 -20.2019
-52.8418 -25.7862
43.75 -20.6988
-50.3556 -32.285
43.3598 -22.6833
37.9929 -14.3015
12.3493 59.9976
10.5323 60.8991
38.8953 -20.1423
37.3321 -22.6154
40.1089 -20.1834
36.2136 -13.8978
11.6562 59.9926
-49.3007 -30.4424
8.9512 61.3112
46.243 -18.4411
12.6591 60.0398
5.9735 60.1072
14.9238 61.7479
-46.7512 -30.1643
-56.6159 -33.9611
-53.7322 -26.9414
-51.0957 -25.3718
-55.0315 -29.1832
-50.0155 -27.846
-51.7647 -32.7031
39.7503 -21.511
39.768 -17.7062
40.5037 -20.3427
10.2545 59.9373
10.7479 60.8912
-44.0826 -23.0384
15.4991 65.3811
41.1263 -21.454
-46.8408 -26.8217
-52.2097 -28.2238
13.4901 61.6405
42.9754 -17.0955
-49.6185 -27.2914
35.2017 -22.3027
40.4966 -13.0551
12.5633 58.6655
38.7343 -18.5318
-50.4789 -29.0726
-47.2329 -24.6328
-47.2382 -33.0392
-52.0977 -32.9459
13.421 61.2418
9.0242 57.0837
-50.6963 -25.6968
6.2669 54.7527
-50.5185 -29.6692
41.8053 -19.2846
10.1703 61.7119
-49.6666 -27.9004
36.9004 -18.9301
37.1343 -15.8773
-49.6076 -33.0248
-46.9324 -26.7371
-49.0278 -30.6156
39.3144 -21.2265
-47.6604 -30.0507
38.7182 -17.846
40.32 -21.2283
4.2039 58.118
2.7101 59.6662
40.3691 -24.6212
38.2752 -18.6272
39.5884 -19.7519
-53.0027 -35.313
-54.5164 -28.6065
-50.8715 -31.3324
43.5564 -15.1537
42.8364 -21.438
-55.515 -29.4492
10.672 54.7933
-45.322 -29.5573
12.5215 59.2596
6.5232 62.7779
42.5932 -18.3962
-53.0286 -32.8863
11.7176 61.2832
37.6532 -23.9942
12.8931 65.9848
43.7006 -16.5324
-46.0462 -32.9816
41.0439 -21.2701
-44.3343 -31.1767
-50.8582 -30.551
-53.6319 -31.5457
13.2674 59.6747
43.3327 -21.6339
-45.4149 -30.513
-43.3201 -30.8491
-42.9782 -33.8229
12.1425 62.9457
11.7739 62.8674
12.8499 55.5263
-49.296 -34.0245
9.1295 58.091
42.4825 -23.6561
36.173 -17.9101
-50.9748 -27.697
44.4171 -21.8004
9.7318 61.3399
-49.9142 -33.4727
11.6328 64.6969
41.5675 -17.2029
13.1242 57.087
-54.2846 -27.3703
10.1555 61.404
37.8086 -16.8486
-51.1392 -30.5427
6.8371 58.7835
41.9185 -20.8928
39.3258 -15.6717
-49.376 -30.0482
-48.9891 -29.6215
14.9769 62.1341
10.0362 60.1564
14.2745 56.7963
39.6498 -17.1807
33.5343 -21.9202
37.7016 -19.9537
37.1906 -19.4144
-55.8824 -28.5183
41.0696 -17.7545
9.1452 62.8359
39.2576 -18.3636
42.5502 -22.9629
-50.2469 -32.591
40.5164 -20.4054
8.4705 60.9799
-46.2067 -23.6063
42.5263 -20.4244
9.1604 62.9898
42.4955 -21.2126
-48.2326 -32.3534
3.8388 62.0636
10.0943 62.1438
45.9363 -22.9629
-52.2187 -31.7555
-49.3675 -27.7642
41.3138 -21.2062
34.2294 -24.2292
3.857 60.8802
-44.935 -30.9233
36.6361 -20.7935
42.3159 -19.4
43.2721 -16.5117
34.9579 -22.4711
-53.6652 -27.0084
38.3365 -18.4534
-45.2633 -29.7261
-50.259 -27.2982
14.4131 63.2838
-49.6699 -33.3275
-46.0535 -31.7671
35.9881 -23.748
-53.9311 -28.9559
-48.5618 -27.8888
5.2044 65.997
37.3682 -24.7651
34.9032 -19.7606
12.9551 59.0398
11.6465 56.7979
8.0725 55.6032
-52.2435 -33.4837
-53.5871 -30.1015
39.4815 -25.3336
38.807 -18.6251
-44.6472 -33.6724
45.9548 -24.8544
-48.7183 -22.4546
5.625 62.19
4.0018 62.6249
-51.7363 -33.4358
44.216 -17.5124
-54.2153 -29.7987
13.4077 56.7928
-52.6681 -31.6594
-47.0424 -29.3681
32.8485 -22.4983
12.3614 65.0214
-47.2572 -31.882
-47.141 -30.2803
44.4756 -23.9941
-50.2005 -29.4968
-48.029 -34.6077
8.6503 61.8213
37.1122 -16.4326
45.9406 -24.2942
-39.5417 -22.3197
-48.9875 -26.1273
37.4895 -13.8341
-50.578 -33.2531
-51.6605 -32.7332
8.0587 59.677
-50.7785 -30.968
42.337 -22.0183
11.1013 60.1136
-49.0331 -30.6537
10.4185 62.7147
4.3988 62.3985
13.0746 56.5751
42.3307 -21.1757
38.4457 -14.3208
12.8683 57.842
40.1384 -21.6765
2.4398 65.1527
-45.6606 -29.2887
36.5075 -22.4282
7.7588 53.1874
9.8426 57.3145
12.9062 62.4774
15.2583 59.3045
-53.5717 -35.0197
12.4286 61.9101
-50.1694 -26.243
-51.5555 -30.1809
6.5579 55.7045
45.427 -20.0978
-46.0205 -24.9092
38.7677 -16.8519
-46.3825 -29.6024
-47.7805 -28.6457
42.5273 -15.9381
-49.2926 -28.0558
-46.299 -33.4708
40.9697 -19.4554
42.5741 -17.3863
11.8173 56.9219
-54.3021 -29.7208
36.9166 -22.4612
10.3819 59.6281
5.2265 64.0546
-47.6784 -33.019
-52.3792 -28.9892
-51.6468 -30.5178
39.8158 -16.7798
39.806 -18.684
13.2126 60.214
13.4898 58.5161
11.6706 55.4195
44.8997 -19.8157
37.3987 -21.0296
40.9558 -19.1395
42.0739 -16.7511
11.4306 64.7645
-47.1948 -29.9488
38.2051 -20.85
8.2286 57.4229
10.6439 59.4236
40.3327 -16.5963
-51.2183 -25.7014
9.7364 61.5025
41.1778 -20.558
38.8117 -20.0483
-49.6465 -35.4525
-55.437 -30.9749
43.8389 -21.4793
3.1791 60.4152
9.9709 63.2749
-45.6441 -28.9569
40.0295 -18.9147
-45.2985 -31.1449
35.3276 -22.2817
-47.9895 -26.133
33.2219 -17.8268
-48.3061 -28.3621
11.1072 58.1009
14.6224 57.2711
35.3148 -22.9186
39.2991 -23.4109
7.0757 59.7826
39.8578 -22.0531
36.2158 -23.986
41.2743 -23.0705
-52.0142 -33.2103
44.3405 -19.754
44.3658 -24.5039
39.4137 -21.7429
-53.0997 -27.6361
37.9716 -24.5571
-51.2084 -29.0142
36.0183 -13.1675
44.8681 -20.3754
8.645 59.359
-48.3986 -30.823
-49.3082 -26.8884
43.1179 -15.6045
39.3108 -19.3987
12.8181 61.4212
-49.611 -22.8132
-48.9179 -29.9038
45.8733 -17.8793
36.5393 -15.8689
-44.5049 -27.5475
12.3547 62.6289
41.6862 -20.7048
39.6788 -20.025
44.0115 -15.7485
41.7389 -13.0483
12.1459 60.6363
6.9323 58.1798
40.1675 -22.2869
42.658 -19.6276
-50.7597 -30.8607
-53.6614 -29.2631
38.6571 -22.9407
-46.3315 -31.1236
10.0596 54.1075
50.2506 -24.2143
40.5347 -19.8604
7.5597 54.7588
9.9954 60.3109
7.2859 64.2289
5.6206 56.7157
-48.1283 -31.1876
5.9733 62.087
10.9255 64.462
-48.4338 -31.6498
40.3149 -15.632
36.9637 -19.1846
-46.8011 -27.531
-54.0102 -25.3235
-52.0258 -32.634
7.0865 58.4274
13.1124 60.8136
-51.8546 -27.2601
11.7296 60.2811
-48.3973 -32.2595
10.56 59.5502
8.2754 60.3893
44.1368 -23.4348
-51.7265 -30.718
-47.0741 -32.5556
40.6834 -17.8101
-54.9289 -30.0197
-50.5866 -28.8507
41.3309 -15.4594
10.2646 58.4492
41.2183 -17.1528
41.1021 -24.6566
12.2259 56.8759
43.1808 -22.4519
38.3834 -23.5785
37.9941 -23.0172
-48.2243 -30.3903
-50.7958 -32.5329
8.7385 63.5871
-51.9661 -29.4153
38.8756 -19.1011
-50.1363 -23.4298
8.7834 59.9856
43.8928 -17.3946
-49.985 -29.3528
40.5383 -19.2297
-46.2442 -39.2638
8.2796 59.1106
9.9708 62.0395
10.0393 60.3429
-47.9613 -29.6795
5.3237 59.9166
42.1984 -19.7624
14.4253 60.0088
44.1266 -21.0818
41.3701 -20.5525
40.5506 -24.1089
-49.8158 -30.249
43.6196 -20.5091
38.1301 -21.8502
-49.8981 -36.5665
10.8865 58.0694
44.6078 -19.0802
8.9088 58.8656
38.3599 -21.8252
9.2784 56.7128
45.0463 -21.4785
45.8582 -19.7474
-48.8268 -26.5724
9.6414 60.5244
6.1383 55.3999
44.5115 -24.0452
39.2846 -21.1632
11.3789 61.2109
39.7042 -15.7948
8.7298 65.505
41.3113 -22.0321
7.1391 66.5333
13.9285 65.0746
46.4629 -18.8045
-51.3162 -33.5993
-48.7642 -29.3108
9.0469 60.8229
-52.7835 -30.5976
45.3444 -17.8739
-52.252 -30.0743
-41.709 -31.1943
10.7158 57.7432
-49.6237 -28.4153
36.1782 -18.9471
4.6691 58.6481
38.4837 -17.712
39.6627 -19.6388
-43.4513 -31.6737
9.5161 57.588
-51.1795 -34.9562
36.8863 -22.4746
-51.1616 -27.8805
-53.4433 -29.3117
-55.4065 -28.614
-52.9718 -36.8652
-43.4624 -27.2694
12.5957 60.2916
-52.6264 -30.6079
12.0259 57.5824
44.0938 -24.2421
41.1171 -23.6139
11.112 60.9624
43.0421 -18.5908
40.6049 -23.5928
-52.1941 -29.5387
-47.9946 -28.1162
-44.3764 -29.2226
42.1701 -25.2254
-47.7485 -29.6614
10.4873 55.3916
8.5813 58.0244
-53.984 -27.4783
40.0034 -25.8783
11.6483 56.1182
41.6262 -22.3206
-53.7486 -34.5826
-46.7148 -24.4155
48.8137 -18.8961
40.4549 -27.6488
9.0924 56.5748
7.6759 56.1003
-51.3133 -29.19
-52.2363 -30.0451
-48.4016 -31.431
-48.644 -28.0319
11.9071 57.5099
43.0884 -20.1644
10.5606 60.747
-44.7481 -29.7744
-56.0202 -30.8217
8.7388 60.9162
42.5839 -21.7392
41.96 -21.3161
-52.0127 -28.4007
-45.1513 -29.555
33.4687 -21.8538
10.0126 63.6567
36.2842 -18.5806
10.7801 58.1331
11.3903 60.7958
-52.4748 -26.399
40.7138 -16.3984
38.4826 -23.2613
11.8444 57.9434
-49.8783 -28.8877
-49.406 -27.405
7.5271 59.607
38.6346 -22.2905
40.9933 -18.7835
38.7807 -22.0241
38.5586 -20.5285
41.1115 -21.6785
5.2956 64.064
11.9811 59.3701
39.1864 -21.3342
9.5909 57.0329
-51.1793 -30.5931
-53.7327 -34.1719
9.8619 61.0348
-52.7539 -27.18
7.9138 58.1244
6.2315 56.2818
35.4159 -27.4439
42.1945 -21.2971
14.8953 61.9844
-50.8367 -33.4684
-51.9507 -27.9503
41.617 -22.0911
-48.8724 -26.7474
9.3951 62.6944
12.8838 58.7393
13.8451 58.5183
40.2051 -17.8799
11.0517 60.7016
43.4982 -24.7543
42.0472 -21.6524
-52.9925 -29.0556
38.3431 -21.3361
8.6797 53.9042
13.6642 63.087
-48.5596 -35.2633
-43.3119 -32.8354
-49.8373 -29.3313
-52.1436 -29.9553
10.1902 53.5149
12.1734 60.5317
11.4178 60.3583
41.1236 -23.9371
5.3035 58.4613
40.9183 -24.7804
15.9747 56.6118
-46.2394 -28.6613
40.1556 -21.4503
40.6982 -17.4709
-48.4279 -27.3907
-50.9387 -35.0247
-53.7247 -28.8247
9.5561 59.308
-42.5102 -30.6434
4.6236 55.7144
39.3825 -19.4728
40.1522 -20.4687
-54.5061 -29.0401
-47.8282 -29.4494
42.0422 -14.7622
-59.5905 -30.5862
-48.1362 -29.1835
8.5389 60.7766
12.5912 60.0799
39.9539 -23.8776
-54.2957 -33.8502
45.2613 -23.8818
-52.8348 -32.3063
-45.4462 -30.7603
10.5052 58.27
13.71 62.1159
34.4124 -21.9721
6.3752 63.0539
44.4374 -20.2926
6.101 60.6978
-47.6592 -27.6303
4.9876 56.7006
11.9327 56.8001
12.7433 65.0987
37.9355 -19.0329
8.7026 62.5418
-52.0541 -26.6713
9.8492 61.8986
9.4136 62.5519
9.8513 57.3796
9.5941 60.0299
14.5263 61.3986
18.9461 55.6157
-51.3567 -29.6482
12.8555 59.2174
37.0869 -18.8409
39.3337 -19.9428
14.1653 56.6388
-48.3508 -36.8916
41.4375 -22.7868
35.8999 -19.4855
-49.2817 -26.098
-50.4036 -31.6217
5.1746 55.5488
-49.9951 -29.1666
44.0321 -21.5928
-51.6615 -33.1848
13.1289 61.5003
-47.4143 -33.5935
-50.7907 -32.9313
-47.3397 -29.4098
-48.7873 -29.586
10.812 61.317
38.0948 -20.3741
10.3104 59.1762
39.5161 -19.951
-46.8636 -26.4341
40.1706 -23.0698
-52.7152 -30.8814
-52.0218 -32.0503
38.5169 -23.1667
41.4291 -22.2935
11.4981 59.6914
-52.5581 -32.7253
39.8611 -19.4563
-55.1015 -28.2185
34.3426 -24.0845
7.5111 58.839
-49.4392 -32.6896
6.9477 62.0001
4.5539 53.8945
41.052 -15.4371
-50.4591 -31.1828
36.7829 -10.8935
10.4136 59.169
37.5877 -20.0585
7.2593 58.3906
13.7112 61.4217
41.0493 -21.2717
9.8474 56.2922
-49.3179 -28.0014
6.6695 64.4483
32.7466 -18.1855
-47.1587 -28.1254
-49.7085 -27.0426
44.8703 -20.0331
12.985 59.8678
40.1198 -20.7444
11.7493 56.6035
-52.0966 -29.7426
34.5122 -25.6838
11.3857 60.0577
-50.5249 -30.4405
-55.8044 -28.0326
11.808 60.8965
13.3176 54.8057
-50.283 -24.7227
10.0795 56.1674
-47.5913 -23.6
-47.5057 -32.1182
-53.5679 -31.5558
3.5019 61.1296
-50.3523 -29.5606
-48.5822 -35.0373
-52.4684 -29.4708
8.5313 54.5852
-45.6636 -34.2684
38.4764 -24.3246
38.9707 -24.9497
10.3128 65.7336
37.103 -16.541
-48.0175 -32.1495
-51.1085 -28.461
-49.1132 -32.7157
42.1635 -21.9914
11.0388 58.9753
-49.8303 -34.1895
-44.9456 -37.9214
-51.4628 -28.3683
39.6892 -23.0478
7.6915 60.5272
9.6914 57.3846
38.6754 -14.6422
43.7668 -20.7796
-49.0429 -23.854
9.772 63.1338
-50.0771 -31.85
42.8534 -18.6993
-49.2545 -30.7097
37.0821 -17.2455
10.1913 61.463
-46.9278 -30.7647
-47.6444 -27.7573
-50.2952 -25.5684
11.5076 64.1782
-54.1052 -32.8869
44.2628 -14.903
10.0947 62.6449
7.8949 60.6175
12.2388 56.6396
-46.8705 -27.6904
8.5891 59.7733
-50.538 -29.4587
-46.4528 -29.8263
7.4438 58.8524
7.3907 61.8478
40.2952 -19.1189
-48.8582 -25.8038
37.07 -14.6677
10.4316 58.7372
10.1135 64.8901
35.6972 -21.9646
-42.4641 -30.5766
15.9255 57.3559
-55.0354 -30.7901
39.7888 -25.1257
-48.4351 -30.6008
8.7458 60.2913
9.9759 61.2378
39.8144 -17.854
-46.3286 -26.7724
9.8834 58.481
-51.6692 -28.9493
-48.5313 -27.7343
44.4874 -20.4369
7.7457 63.4931
33.5424 -22.7024
7.9598 57.4374
12.2304 63.2405
-47.7759 -31.8443
38.8547 -17.5432
36.0409 -14.0755
-53.4129 -29.9547
-50.9776 -27.856
-51.4973 -31.5943
-51.1378 -31.351
40.1243 -21.3635
40.2216 -20.0272
41.4365 -17.4284
-49.4805 -27.4562
12.6428 58.9911
13.1892 58.3437
13.8304 59.8105
38.1995 -17.156
-50.2528 -31.7823
13.2336 59.6161
13.417 61.8778
-49.543 -33.387
45.0173 -15.852
10.5483 57.9857
10.8638 56.1666
7.9223 59.8709
38.6368 -18.7444
46.1414 -23.8192
-47.4317 -28.5266
37.1801 -16.106
-47.7958 -28.0069
-55.9384 -34.3594
8.0588 55.9723
39.8203 -26.5367
9.2626 54.0601
-45.9366 -24.9762
37.6431 -26.6497
38.0162 -12.3839
-52.5837 -25.2855
9.1427 61.8316
44.4487 -23.7048
44.8738 -23.5195
14.0465 59.403
9.8364 58.4502
-53.9384 -29.9247
7.3373 58.6695
15.5551 54.0092
41.1438 -18.4609
37.0122 -21.6265
4.8247 57.5852
-51.0909 -33.2616
-46.7371 -30.2921
41.183 -17.2761
41.8169 -22.5523
-51.0469 -28.8457
10.8784 62.3231
42.2137 -13.8167
35.457 -18.8764
7.01 55.7942
32.8767 -18.1472
13.5948 55.8665
43.5077 -19.8317
16.8505 59.9647
-50.1117 -27.2074
-49.7595 -34.3203
44.4253 -16.0969
42.6068 -17.9901
-53.9298 -34.0259
44.2121 -18.5304
8.0846 60.4757
8.7104 62.3361
9.9425 60.4416
43.8614 -17.4677
7.5276 63.8898
-56.6882 -24.7247
10.5553 64.4085
10.7437 59.1669
8.7744 59.5882
2.4143 64.218
-52.4755 -31.9896
38.3145 -23.6883
38.251 -21.928
39.5141 -18.1282
11.4864 54.6202
14.649 57.7464
-48.2743 -31.6989
34.9491 -17.8821
13.6923 64.0353
37.0733 -17.0467
12.4928 60.0666
-53.7029 -31.6695
-55.785 -26.1356
38.6833 -21.5978
6.8418 62.5042
38.8008 -22.0077
39.4563 -16.1567
39.9805 -18.8529
-46.1885 -31.412
42.7504 -21.0667
8.5843 58.7702
38.0518 -22.0649
9.8006 56.7637
-53.1328 -27.3981
39.5738 -14.3084
-50.606 -36.1234
5.788 58.2519
15.9636 67.4425
-50.7989 -26.7404
-50.2713 -32.808
-49.9546 -22.5863
-49.424 -29.1096
39.208 -16.5184
45.9212 -18.876
45.8066 -20.0114
-49.8269 -35.6357
-48.1059 -31.0595
40.4181 -18.1028
-52.8095 -33.7338
-49.4798 -34.5349
5.273 59.9089
9.9556 56.4166
35.3702 -20.6309
-49.9861 -32.709
41.54 -22.1386
9.3777 54.2753
9.6821 61.8778
9.7771 62.8022
-48.8927 -29.3364
-46.5647 -32.262
8.006 59.2178
7.6521 60.5988
45.4148 -14.6271
-51.8627 -32.2337
-48.4715 -35.0292
-52.9695 -27.2463
9.5344 66.1016
-54.12 -34.089
9.7032 60.5699
-54.0167 -34.6385
41.7783 -20.9803
-52.1074 -36.8363
10.5781 62.3759
42.8566 -17.8994
-47.0115 -33.6589
-54.0546 -33.1326
39.3961 -26.9877
9.4756 57.858
39.2239 -23.1043
45.4906 -19.2958
7.0971 59.8091
3.1819 65.0527
-50.5963 -28.6493
-49.5341 -25.0582
46.6644 -24.3579
37.44 -22.1378
10.0276 63.0753
38.878 -23.1143
39.1059 -22.665
39.7206 -24.5411
40.5145 -15.1627
11.0403 59.1392
-51.2864 -29.6248
-44.8551 -31.7299
-44.4182 -26.7823
-53.656 -21.9738
12.1976 55.1418
39.4868 -22.6753
12.4661 57.9355
13.3477 66.3015
11.6374 60.9454
-50.2059 -26.0915
-54.401 -28.9856
7.8258 64.5153
34.7174 -19.4752
14.526 61.2409
11.5464 55.7499
33.1607 -18.676
8.933 63.2326
-50.6501 -30.7134
43.3554 -17.2287
35.6423 -18.2038
42.0202 -20.4886
-50.1082 -30.6716
34.5889 -20.5526
-53.6488 -29.6291
41.862 -15.173
39.1732 -17.4982
9.6017 66.1023
-51.3115 -29.2312
-47.0948 -29.6381
7.5342 60.3767
38.8646 -16.8412
38.1155 -14.8736
14.4538 59.9953
41.1478 -17.3163
-52.574 -25.5419
-45.5589 -24.9623
7.7995 59.6862
44.873 -16.6653
43.6681 -20.5903
40.858 -20.2165
39.9394 -19.5559
-47.2807 -30.2818
41.98 -19.6162
35.0907 -18.7689
37.083 -19.8769
-51.1366 -26.2612
-51.2629 -32.7011
14.8885 59.1445
44.5684 -27.1335
-52.8671 -29.6748
35.4189 -24.1319
9.3357 59.6968
-49.2356 -33.1023
7.956 61.2939
11.5246 60.9387
44.2298 -17.7248
-50.958 -31.8885
-48.0996 -29.1056
11.8492 65.9693
12.637 52.5934
8.6046 61.8317
13.5731 64.3128
-44.936 -33.6995
41.1907 -21.899
17.5964 60.5855
-54.4132 -31.3809
11.0971 61.632
-51.7033 -33.9251
37.8986 -24.2428
41.3396 -18.989
13.7205 57.5392
13.9409 57.882
-51.9576 -26.1396
35.7317 -22.2313
41.8126 -17.7615
-52.5116 -26.459
-48.5632 -27.3946
-51.2628 -31.2223
-47.3168 -32.8656
46.0327 -17.7147
-47.1307 -28.8127
11.9191 59.7929
-50.4427 -34.072
6.3912 59.1171
6.4994 60.2806
-51.714 -32.133
-46.3907 -31.8278
43.7474 -20.2716
6.5955 65.4002
-52.1493 -29.5925
-50.678 -30.9461
12.2371 64.0927
36.8564 -19.57
35.1669 -24.5501
7.1923 63.7524
9.6228 59.6209
-53.3965 -33.7391
40.4463 -17.4468
9.6531 62.9111
-52.1873 -28.8643
36.5026 -22.2686
3.4583 63.4109
33.9672 -18.593
-50.8559 -30.3917
8.2019 60.8325
5.5282 56.4179
-50.226 -28.515
8.2552 60.0039
-47.3131 -23.9747
-56.114 -27.416
38.5707 -21.1572
5.7363 63.8524
-47.5721 -31.621
40.559 -18.7384
5.0623 63.08
14.5298 60.0746
-52.9526 -28.4444
5.2057 61.91
42.0367 -16.5718
43.4771 -15.4861
11.8061 60.2738
-52.022 -25.7254
-44.8695 -27.3204
11.6523 63.0309
40.4563 -15.4201
9.4996 64.2929
-49.2444 -31.4692
-43.8815 -31.3493
7.1498 56.6116
6.2039 59.0774
38.8072 -18.9163
11.162 63.9978
10.6768 65.335
11.5178 59.3085
41.8276 -20.8634
40.6758 -23.697
-47.4723 -36.5389
12.8124 58.7963
33.6676 -13.1888
39.7192 -19.6874
-51.2828 -27.232
36.8398 -17.7525
38.5984 -18.6498
7.9433 59.6521
45.33 -20.591
-51.4624 -27.7525
35.5046 -18.572
9.5593 62.0021
-51.9288 -34.782
6.3179 59.3907
-50.6894 -30.4516
3.439 57.7871
-51.5584 -26.8692
41.8865 -13.8251
-46.2414 -31.6737
-45.2945 -29.6192
-54.1186 -30.2094
44.0082 -23.7449
5.7318 60.5734
6.8682 60.7243
-49.3368 -27.733
-47.7251 -30.3301
-44.8537 -33.0204
39.8264 -21.1397
10.1899 60.4505
8.4657 63.933
4.4871 63.0567
36.1408 -23.7711
36.3186 -21.5053
8.6065 58.7291
7.7217 62.9959
-48.8076 -35.2043
-45.804 -34.4634
-45.2754 -29.737
41.8716 -15.4516
-52.5072 -32.0744
43.1487 -22.0753
8.7326 62.6018
38.6497 -17.2829
38.8561 -19.3645
-52.7349 -28.9776
14.3469 63.0669
41.5731 -24.14
1.4081 53.8474
-52.727 -30.9752
-57.3029 -35.7847
43.9068 -19.5019
7.8534 63.443
46.2243 -15.563
12.7744 65.6195
42.6454 -23.1072
-53.69 -26.3283
13.7527 58.15
-44.68 -25.984
-51.6089 -33.1783
40.9318 -18.1796
-52.8979 -32.1662
8.3808 62.649
11.0398 56.1409
40.4828 -13.1924
10.2581 62.3853
-52.5173 -30.5267
42.1132 -21.5528
6.8572 57.2954
-52.6979 -34.6388
40.427 -15.9293
-51.3167 -35.7869
-53.5986 -31.0017
-48.9412 -31.4178
-54.8356 -32.3583
44.7313 -21.7752
37.1582 -22.0203
-48.1728 -30.4786
36.5093 -14.895
39.6406 -19.0552
-49.4264 -24.8965
40.5303 -16.6201
7.5243 61.2037
9.5875 64.9756
40.3563 -24.879
12.7888 59.7706
41.3004 -16.3129
39.9085 -17.3888
-51.4395 -27.1174
12.2742 59.142
36.2917 -20.2007
43.11 -20.6061
47.0602 -18.3001
40.3518 -23.2103
37.0267 -23.1133
36.085 -16.6672
10.2113 60.3914
40.9618 -15.7804
43.2777 -23.8806
-49.3992 -32.6557
-45.0811 -30.1541
37.6808 -19.4951
9.982 61.8514
9.9541 56.6455
39.2937 -19.3275
12.6116 61.5807
10.4618 58.1695
35.1754 -19.2899
41.3745 -25.6891
10.497 56.414
15.5693 59.1662
35.4508 -22.0729
40.9024 -21.8673
35.1143 -20.7922
14.9556 58.622
-49.7434 -31.9006
5.0186 60.1866
16.3618 55.8344
-52.1497 -31.2032
6.9493 56.8639
7.9298 62.0055
-45.8854 -30.7413
10.7082 61.4036
14.9807 59.3714
38.4391 -19.5154
-45.6016 -29.8031
-47.5677 -31.0201
-49.7846 -28.4716
36.1524 -19.7197
40.5845 -17.033
39.9557 -23.8699
44.6446 -22.8795
13.9787 61.6921
39.4948 -13.4473
-55.2747 -30.4733
-55.8058 -28.8373
-51.4526 -27.2385
41.1201 -24.5111
43.6687 -20.3669
-44.9151 -28.738
42.1978 -29.7147
6.7442 60.496
11.8223 57.7594
13.7609 62.958
-45.275 -32.2713
10.3502 64.5297
41.6894 -18.3373
44.189 -18.9522
42.8965 -19.0754
5.749 58.7666
-55.1146 -34.8334
36.6893 -20.3853
5.3736 61.8243
39.2413 -17.0219
-47.9524 -29.1119
16.4235 63.165
-51.0322 -32.8462
-45.6843 -29.8612
-54.7848 -29.3569
42.1784 -22.7074
-50.9338 -30.6572
4.649 61.9483
40.6539 -18.6261
-50.7788 -28.1797
8.2447 60.1259
-49.8703 -35.5585
-48.9227 -27.897
-48.7267 -33.5045
36.5133 -17.7166
-48.5564 -36.5666
-50.9608 -37.5955
11.5841 59.5756
-50.0549 -32.2592
-53.743 -32.6221
-50.0589 -32.7273
-50.881 -28.3531
38.2404 -18.19
-54.4202 -27.0531
7.9724 57.3717
-46.0861 -27.7024
41.5543 -15.1753
42.9247 -20.3945
-51.0672 -29.7717
43.3154 -24.4921
11.2292 65.3471
1.7266 56.1546
-54.1647 -27.4481
40.978 -17.4703
-48.6606 -33.4397
12.3873 59.9759
11.2901 63.1112
35.1753 -16.498
43.5963 -23.8309
15.8848 64.4416
-57.4447 -31.3234
11.4728 60.2986
47.3039 -22.183
3.8725 60.359
6.312 61.7799
7.8139 63.1024
12.8344 60.0806
43.7211 -20.6314
40.7011 -16.9397
41.9873 -19.2081
-49.5413 -22.6563
37.9992 -15.7969
36.3157 -14.0614
35.6765 -19.2731
38.1714 -22.776
6.6984 59.0811
10.8563 59.0368
12.5181 59.7137
37.6455 -20.9876
37.9823 -19.7012
-50.9211 -30.2651
12.3287 58.9723
42.0553 -23.079
42.1578 -23.8068
13.6961 59.954
-52.7117 -32.2193
4.6195 57.582
-51.4646 -30.7563
43.8742 -16.8268
37.4481 -15.1941
-52.8453 -35.4595
-52.6517 -26.5567
36.6635 -18.9566
10.6531 63.1928
-49.4757 -30.4771
41.7109 -16.7102
-50.4024 -30.8743
15.0384 56.0228
36.9396 -19.3264
12.1126 55.428
40.499 -20.2366
-46.3532 -30.5573
-56.5443 -33.5134
37.7521 -17.7996
11.7264 64.4061
9.6 59.3775
41.0158 -20.2801
-49.1032 -25.3326
42.7895 -19.7598
40.3573 -18.2238
8.362 59.7563
9.1719 52.9618
6.7666 63.8329
10.8428 59.6664
8.5604 56.7977
-52.7009 -30.2094
-45.9966 -27.7455
43.4188 -17.6673
41.7315 -24.091
5.3369 54.1805
13.5662 59.5725
39.6535 -18.0843
-49.574 -27.7182
6.0393 66.756
-49.285 -29.2881
-49.4577 -25.3442
39.9347 -15.2662
-46.9542 -32.2971
-49.7608 -34.2769
6.5656 61.0129
13.6756 61.7413
-54.4847 -28.3162
11.8448 61.2484
13.5087 60.3156
-51.4633 -25.3878
-50.1928 -27.8557
38.1388 -21.9476
40.2831 -18.2608
42.6206 -23.0835
-51.562 -32.2252
-50.4126 -29.1136
10.8298 61.31
10.3436 60.9978
35.1453 -18.618
37.9698 -16.4745
39.9148 -16.8868
10.8413 58.9721
40.4085 -20.9987
38.937 -23.6863
39.156 -18.233
-50.2017 -33.9513
-50.8585 -26.3673
4.3884 57.8933
-50.6288 -26.5329
14.1714 61.98
41.7023 -19.0545
41.0418 -22.8813
-49.7745 -34.885
11.1142 53.3438
12.8639 54.6534
-49.3072 -28.9979
37.5428 -21.4875
-51.8013 -27.0748
-49.8649 -29.9755
13.7479 56.0167
-58.5122 -28.3664
12.9383 56.9848
10.8034 53.7671
11.2248 62.7415
8.7353 63.2106
38.6821 -18.8968
6.9919 64.6222
34.2081 -22.7668
-46.356 -31.5227
33.245 -16.6767
40.8785 -17.9179
14.0401 61.3139
-48.8764 -32.3955
44.6265 -18.5839
10.4314 59.2075
37.7908 -22.7003
-51.0131 -27.0793
36.6692 -22.0264
12.273 56.8001
13.0279 62.2688
11.2596 63.7484
8.0191 60.2825
42.3802 -18.1284
42.4671 -19.7993
-52.0749 -34.5217
-52.5183 -30.6468
-49.8128 -29.5182
-45.6791 -34.1714
14.6994 60.7174
-53.4614 -29.018
2.2432 64.2382
-46.2112 -27.316
37.7419 -16.5194
11.093 56.9676
9.0712 58.8996
38.8176 -15.6543
37.3522 -14.5642
-49.9777 -29.1862
-54.2235 -29.3302
11.3055 60.279
39.6917 -22.0419
13.2024 59.5893
10.7241 57.827
5.635 56.5518
37.1308 -18.4742
38.0941 -19.9618
10.3853 59.7451
-47.031 -28.5272
-46.0528 -32.3787
13.8005 57.0473
-44.344 -29.1751
-50.5037 -32.6184
35.5131 -19.9631
4.4795 59.78
-47.5642 -25.5143
11.5707 63.0751
-48.6384 -32.791
45.1688 -21.2206
11.9651 63.8326
-51.7096 -31.3957
40.1968 -26.4304
12.095 60.2881
8.8862 61.7499
-43.9748 -34.4598
10.8591 53.4519
-58.0594 -36.3012
-49.9235 -33.1413
14.912 62.7754
-45.7405 -33.8709
39.5131 -18.6824
9.1146 58.0184
-48.5435 -26.3149
44.6106 -23.2724
-46.689 -25.9806
38.8502 -19.5838
7.7695 60.0161
-50.4048 -34.2321
-53.8704 -30.4339
5.3767 63.5261
-53.9736 -25.9831
9.165 56.8363
-51.8783 -31.1977
14.5091 62.3795
39.474 -15.5489
43.5912 -24.577
12.5699 55.0812
-52.7693 -27.2001
-49.4889 -31.8986
11.657 57.6379
41.9585 -17.3055
9.3367 55.0379
-48.7522 -30.7083
-48.5332 -32.3955
-52.6247 -31.1603
-53.0593 -36.6533
12.6761 68.3633
38.1591 -27.4329
-51.2925 -33.2927
37.7787 -27.2737
-48.1818 -32.5428
7.3241 61.3048
-50.1043 -23.4572
-51.7256 -29.3264
4.8686 56.1386
6.3646 60.3883
-47.6168 -33.2399
30.3 -20.0677
37.8435 -21.5038
43.2126 -18.9663
14.9041 62.3114
-46.7122 -32.8483
35.9303 -18.4196
11.032 57.451
-49.462 -32.8106
-55.0207 -23.6819
8.1781 59.5291
12.1091 59.7706
-52.7821 -27.5034
39.2812 -17.6092
35.8975 -20.678
42.0577 -21.6156
-47.4672 -27.7401
37.2971 -22.4704
-45.2552 -29.7766
9.4854 61.8974
7.9823 55.2594
11.3974 60.1646
36.6203 -22.1637
9.0808 61.9271
8.6391 55.4134
-52.8989 -33.5198
-53.7673 -30.0029
11.4552 59.4563
-49.0394 -30.4791
44.3652 -18.3473
11.5229 57.7038
38.3469 -15.0373
-48.975 -29.9212
41.8378 -18.1009
-45.2167 -31.8399
-56.4373 -24.0359
9.1969 62.1252
11.5087 64.2301
11.6728 61.7114
-46.0696 -35.1241
40.291 -24.7561
38.0457 -23.4595
10.1552 62.4257
5.4423 67.7296
17.0407 60.5253
38.8107 -21.1384
-48.279 -33.1245
42.1901 -21.4168
13.4567 58.3382
-49.3465 -26.8298
-54.5732 -30.2697
-49.1255 -28.5601
9.2363 61.5577
47.2817 -23.1257
14.8201 66.5879
14.9643 59.8823
9.3401 56.6813
36.3183 -14.2943
-48.0817 -30.1077
40.1998 -13.7921
41.3402 -18.8782
33.1701 -21.1605
-49.8896 -29.779
6.9028 63.0153
35.6963 -19.6792
-45.2368 -27.6547
44.1661 -17.0227
13.6122 59.1236
13.1722 61.2634
5.9497 51.3999
-55.2795 -28.1315
9.4388 58.4026
6.7846 55.7443
44.335 -21.4044
40.4482 -24.6802
37.3889 -29.3223
-47.9288 -29.7242
2.8137 62.9051
-45.8742 -27.4873
9.8894 59.9946
9.0718 65.9139
-49.9465 -29.1741
-50.7198 -32.0784
37.9288 -17.9346
37.7811 -19.2653
39.6914 -22.1193
40.8473 -21.3473
41.026 -23.9456
41.0114 -21.5805
8.3841 64.1922
-51.2844 -31.884
3.0415 59.3894
43.4536 -17.381
-46.6085 -29.0158
41.1801 -16.5561
9.6923 60.3395
11.9798 60.8536
9.7359 62.8764
-47.6294 -27.4101
7.3731 59.8703
37.1786 -24.4433
14.4817 58.146
7.9966 62.8539
41.9065 -20.3614
-52.0805 -33.4181
3.5637 55.0166
39.8484 -21.4305
-50.613 -32.0256
43.4724 -21.482
-55.5096 -24.4439
38.1749 -16.302
-56.22 -32.5936
38.9839 -15.9868
-46.7091 -35.8743
5.6005 63.6295
39.4192 -22.5313
-47.3307 -26.9827
14.2027 62.5854
33.2883 -18.9602
44.1869 -15.9543
11.0939 60.5175
-47.3719 -30.4388
34.2973 -14.0432
39.4346 -19.0474
38.2911 -20.1494
-50.33 -25.5711
13.6199 59.8659
-48.7335 -27.9957
-52.5432 -28.6653
43.1244 -25.7734
41.0399 -19.9766
6.6829 62.3577
-47.6353 -29.5782
6.8277 58.4424
38.7752 -21.1028
41.0827 -18.9946
43.1998 -23.2011
-45.4553 -31.0413
6.6261 57.5155
40.1056 -21.4564
36.2624 -18.3585
-47.3928 -32.3383
-51.8801 -25.848
6.346 66.4338
41.8276 -23.2258
-50.8551 -32.4345
9.563 63.8099
6.475 58.298
-50.9113 -31.0997
43.0388 -19.1877
-55.072 -30.5043
-47.8101 -32.0422
7.3672 59.8092
-54.2484 -29.9781
38.0397 -21.3796
10.3173 60.4071
40.1253 -18.7063
34.7293 -22.3223
4.9634 57.8016
43.7648 -18.5881
13.3273 60.6972
41.0448 -17.0523
-47.9011 -31.1182
37.4019 -23.6467
-53.6289 -32.6628
36.8576 -21.7583
40.2511 -21.4701
-51.1264 -30.6892
12.256 58.6364
-46.2659 -34.5371
-51.1228 -31.5973
-56.8993 -33.4355
41.1328 -19.959
14.377 54.0287
-49.387 -24.8365
39.5671 -26.94
-46.4775 -30.5511
11.6193 59.5847
47.0464 -15.7934
4.6652 63.0576
-51.68 -27.7547
9.473 58.9326
8.4932 55.0415
-45.8541 -36.3175
-48.4909 -30.3312
45.5881 -19.4222
-51.9663 -30.8971
43.5772 -16.5279
42.5183 -19.264
-54.5037 -30.6683
7.6433 61.4694
-55.6758 -28.0322
-45.292 -28.9312
13.9764 57.4846
35.4185 -23.92
41.109 -19.8748
-49.6414 -28.6995
-44.5987 -26.1184
39.8934 -19.2717
45.0895 -21.2115
40.695 -20.5734
10.8667 59.0405
7.6749 58.0642
-47.9421 -29.9955
-56.2887 -35.7102
10.4943 54.655
16.7554 66.0589
-50.057 -31.8227
39.311 -11.6103
-48.6407 -28.359
6.2679 60.5878
12.0267 61.3255
8.9618 60.2601
-52.9573 -31.981
13.6238 56.2881
40.5371 -15.4612
-48.5151 -31.7176
16.3665 63.6748
-51.763 -25.292
17.8286 63.3775
45.5761 -18.7687
40.0554 -16.9025
45.7896 -24.6989
41.4421 -15.109
36.8529 -16.4981
9.3698 56.9369
-40.3693 -32.1213
40.4619 -18.1226
46.5173 -13.5497
13.9659 60.0939
36.7921 -19.9905
41.9567 -15.5502
39.4544 -21.1341
-52.5255 -21.027
39.3544 -19.7976
-55.0499 -27.4214
14.5747 64.9324
-48.5624 -26.381
-50.73 -28.119
46.682 -18.0474
-52.8244 -31.8373
37.589 -16.2491
10.3985 57.413
43.1127 -23.791
-48.2846 -33.6469
-52.6403 -23.7531
-47.3736 -27.5977
7.1695 60.3599
-45.4574 -29.6663
37.672 -19.4727
-50.5564 -30.8928
-49.6921 -31.2369
39.0803 -20.8352
10.4709 63.6427
-47.1687 -30.0197
12.8152 59.161
37.2214 -23.4692
6.2974 55.506
-50.9114 -32.4299
-50.6576 -34.9857
-54.2208 -32.2887
-49.7911 -28.2207
-48.7186 -37.1637
3.1732 61.7131
-46.2727 -31.7426
12.851 61.293
34.9054 -21.2266
-51.8459 -31.9067
8.8064 55.7028
-48.8884 -28.7869
-47.5214 -33.9459
7.3413 55.6586
-47.9222 -31.6182
-52.4402 -28.566
7.5311 62.258
7.2217 58.8061
16.4928 63.6314
9.9499 62.2599
-51.6423 -31.6387
42.8736 -16.2792
12.5657 55.8616
-49.8004 -27.7863
36.2838 -18.5156
-52.3862 -29.6262
-48.3797 -35.66
-49.702 -28.9769
-48.3559 -27.5551
37.7767 -17.4336
-42.7098 -25.574
-48.5363 -29.399
47.3718 -23.9866
-51.6643 -37.2484
-44.1461 -29.3897
38.3623 -20.4919
38.9874 -18.1028
35.8197 -19.2927
8.3941 63.8702
-50.7541 -36.006
-50.3523 -31.9911
37.1045 -19.2186
10.9371 53.396
37.282 -16.0167
-49.271 -28.5848
36.787 -16.3249
7.7222 58.6346
-45.9907 -32.4298
-49.5852 -36.2128
39.3437 -22.8471
41.0702 -20.5862
41.9926 -20.8417
-48.769 -29.1104
-49.4567 -29.989
8.1362 56.2673
48.4132 -19.0428
37.4533 -18.3654
38.6021 -21.02
-50.9745 -32.315
9.4701 58.3147
-54.7759 -25.4787
13.03 57.0686
40.9315 -21.0549
-52.5044 -34.567
39.66 -19.1146
42.0423 -18.318
48.4044 -24.8582
10.1389 60.9863
-52.4871 -21.7405
-53.0832 -31.3298
38.287 -19.8446
8.9074 59.9361
-55.65 -28.1237
34.8975 -20.9484
8.2154 60.7192
-43.0929 -25.7107
42.7888 -24.0126
11.5108 63.9746
10.301 58.1652
9.9263 58.2355
39.8141 -22.8289
33.7706 -16.0182
38.2188 -19.9729
7.913 54.8677
-49.4282 -34.8893
38.9195 -18.081
10.5931 64.6738
7.305 62.7461
-54.2263 -24.5268
42.9705 -16.2975
41.819 -18.7859
15.3843 56.8985
-47.8741 -31.1145
-50.7345 -33.7645
8.0768 58.9999
9.2379 63.2327
10.3771 61.8063
7.7555 51.7789
11.5006 57.2121
40.0096 -17.8035
-53.093 -25.048
13.7629 55.8402
38.208 -19.3893
5.3449 59.4352
-50.7844 -31.7799
41.6478 -17.8984
-45.7336 -25.6644
41.1764 -18.1723
8.0279 64.7217
-46.9779 -29.9638
-47.2133 -29.9424
9.1523 61.1624
-48.4918 -30.1307
43.0794 -21.3387
41.991 -19.6328
8.4472 66.2563
16.4911 62.081
-51.4509 -29.9066
-53.2435 -28.0029
37.2628 -19.6067
-51.1857 -30.3886
-53.0783 -29.1821
43.2878 -19.3978
10.2721 61.9866
-50.9418 -26.4123
-51.3081 -27.0008
13.6656 59.4058
9.7464 58.2435
-51.0054 -33.1041
12.5891 63.4454
39.5007 -22.7079
11.9781 63.9764
5.7849 60.457
44.2565 -17.0487
16.8723 57.6511
44.5676 -25.3058
42.6226 -17.798
-50.3679 -28.2513
-51.1557 -26.1752
16.3566 59.6607
-46.6865 -27.4911
42.3682 -17.9895
-46.4419 -27.4679
15.1944 56.164
11.9977 59.2779
11.5815 58.7541
-51.9099 -26.9103
37.2499 -21.3881
-44.4683 -28.0563
8.7234 60.7091
38.8308 -19.9972
10.3934 58.0664
41.9545 -15.277
11.2112 59.6563
10.9916 59.3836
42.6902 -20.5727
6.5433 62.7883
11.9374 60.6171
9.1259 57.3441
10.6846 58.9647
-49.5571 -28.9839
9.1431 55.4802
38.9322 -25.0287
36.3568 -19.8579
45.5657 -17.3658
-57.1666 -34.7008
9.6138 62.018
9.244 54.0898
10.8502 58.0739
-53.3585 -32.7311
39.831 -24.1375
-46.8515 -29.4777
39.3352 -14.5645
-50.1056 -34.132
37.483 -19.7169
38.8425 -18.0904
41.1311 -27.2059
-52.7916 -30.6203
-47.5687 -35.1037
13.7396 58.0524
39.2347 -19.5449
-50.4932 -32.8366
10.1126 55.9132
-51.3015 -36.5596
-45.9103 -27.3642
11.0758 58.3212
-51.7803 -30.108
-57.1548 -26.5913
11.811 56.8303
39.9155 -23.3473
32.9659 -13.2287
38.3505 -22.2755
7.9748 57.2623
41.0934 -18.7758
41.5178 -16.9696
5.7523 58.3122
-51.4062 -32.8715
9.8636 59.3852
6.4175 60.9712
-48.2071 -27.3566
-52.3163 -33.656
-48.997 -31.4751
10.8266 63.3341
8.0463 63.461
10.7805 62.16
11.103 57.0762
12.9074 57.8412
44.3758 -20.8576
39.9746 -20.3116
10.5277 63.1851
41.8331 -26.4522
-52.2848 -27.3716
37.2802 -11.669
37.1733 -22.4546
40.4933 -16.8576
6.5239 56.7065
-47.5957 -23.2821
6.9795 53.4163
-47.5966 -27.6615
-57.445 -29.6359
7.1326 62.7246
-52.8591 -28.8214
-48.5917 -28.4123
-50.9952 -28.0302
42.9687 -19.7692
37.8923 -20.0894
35.8583 -21.2481
-48.1853 -27.6363
-51.368 -25.497
38.0448 -19.8548
13.9188 58.5376
-55.9391 -32.2785
9.6315 60.3644
38.1836 -17.3738
10.7567 62.9884
-48.2337 -29.1602
10.4629 60.6125
10.5469 55.5213
-55.4836 -32.6499
-51.2623 -29.3098
-48.9384 -30.8603
-51.2355 -30.3126
12.0795 63.6154
8.6365 60.3789
37.7184 -18.0741
-49.005 -30.1103
-48.1503 -28.611
33.8776 -13.4315
11.8954 58.2159
40.9985 -18.7295
-48.051 -27.5674
41.0717 -16.6672
-49.2294 -28.7516
9.9133 61.4532
-51.6051 -27.9695
40.4972 -20.4709
-53.707 -33.9286
-53.5282 -32.0286
36.0942 -17.2055
-53.0724 -34.455
13.0167 63.275
12.8293 54.6814
-44.0278 -30.1545
-46.5228 -33.182
39.1165 -19.6447
-51.7733 -36.9251
43.0731 -20.1213
10.5873 60.2233
-52.0307 -40.2102
11.2328 63.8494
-51.517 -32.1135
36.7905 -18.2269
-49.0601 -31.4015
-43.6762 -33.3962
-49.3768 -24.5109
-48.9033 -30.7413
44.0966 -21.2951
41.4089 -18.9606
-47.9466 -31.0345
39.5687 -14.7958
9.1546 60.419
-44.106 -25.3615
11.4142 58.6536
42.9218 -24.7572
-48.8614 -29.2615
9.5708 57.6236
7.4518 64.3543
-43.4576 -29.1218
42.0697 -20.1226
7.2403 62.6561
13.0255 59.203
48.0543 -19.5718
9.8625 61.3557
-52.4447 -27.1594
5.0355 62.8235
-48.2941 -27.9
-46.372 -22.8939
36.8887 -18.3454
7.058 55.6195
42.7801 -18.3952
41.755 -20.2438
10.8634 59.809
36.2807 -19.0198
12.9467 63.5562
6.3573 58.8112
-52.456 -25.9701
6.78 58.0534
35.5214 -22.1284
10.5315 60.0782
-50.3893 -31.4069
4.1444 57.6185
10.0723 61.0609
-47.538 -32.8955
44.5556 -15.6127
39.2813 -17.7059
-53.5574 -27.28
-49.8747 -28.6761
-49.3169 -31.445
37.0694 -16.7738
7.6111 64.3005
13.6305 60.9346
14.5161 55.3524
-48.2776 -29.7742
11.9407 60.897
-55.8584 -31.3441
10.8184 62.0524
-49.6815 -28.4544
-48.6464 -27.9889
45.6136 -16.0607
6.6897 61.6968
37.8075 -19.2457
5.2911 58.5913
8.6131 59.5681
11.0636 63.5431
8.214 58.4936
29.1488 -23.1794
-49.2354 -30.3676
5.2888 55.8004
10.2011 58.3144
45.6696 -14.3212
36.7293 -23.8419
10.8824 61.3587
31.601 -19.2685
-50.1145 -30.2272
5.7374 59.7724
-52.1999 -32.9275
35.3235 -19.8159
45.7211 -22.9385
8.7764 62.8742
16.6871 56.9202
37.934 -23.1787
31.9258 -21.7932
33.494 -19.3234
8.3372 55.3663
8.226 62.545
13.4301 57.8437
40.2784 -20.2203
-50.6996 -31.9962
12.2784 59.5744
-50.4149 -25.8242
-51.2289 -27.012
11.5627 63.4976
40.0671 -19.4583
34.4957 -21.5444
-48.9461 -24.3849
-50.3388 -27.9524
-49.0902 -25.1851
13.6456 60.0355
-53.3927 -30.5139
10.4804 60.7069
-51.1629 -31.5052
-49.646 -30.9236
-51.9457 -28.5326
-48.3516 -33.5387
43.1216 -21.0769
39.847 -23.0409
-46.8937 -26.5428
9.24 60.3982
43.0383 -18.1002
35.3423 -20.5395
8.5868 56.579
44.8098 -19.9024
33.9745 -21.3887
9.8866 58.5049
37.9587 -21.3237
-50.5337 -31.7589
9.1577 58.276
11.9298 62.6548
-52.8506 -22.338
44.6998 -13.8201
12.9887 61.3054
-52.3573 -33.0581
2.6523 63.6665
14.9555 63.1094
-48.9837 -31.7356
-51.3225 -27.2813
39.5219 -21.9536
-45.7768 -25.6767
-50.8801 -33.1322
39.5764 -18.9657
38.9011 -14.3391
45.0606 -16.8292
10.0947 61.5255
37.855 -22.98
-51.2858 -32.5254
-48.6674 -31.2396
-50.7621 -27.4276
7.8555 58.1818
41.7871 -21.9309
6.5446 61.1524
36.2653 -23.4313
-49.959 -34.3487
10.99 56.1527
-46.2651 -26.2071
11.6203 58.1639
11.5663 62.7435
36.3827 -20.923
-50.8543 -29.8994
-56.2742 -31.8119
-50.0468 -28.808
44.3294 -22.2448
44.2667 -22.5376
-49.076 -26.0699
15.0941 59.1194
-53.0166 -31.9315
11.0002 65.5955
8.4365 60.3546
13.896 62.8876
36.1343 -14.861
-53.5435 -31.7376
36.225 -22.1102
12.4936 56.9324
-55.0214 -30.8179
35.4411 -21.9972
-50.0914 -34.7775
36.881 -19.0553
13.1655 60.2018
40.8177 -16.4682
15.7028 58.085
37.9477 -21.9082
9.4919 59.5324
4.9296 59.2403
7.2161 60.435
-54.8652 -26.7432
-47.1266 -28.7807
-51.1651 -31.6976
-51.3393 -30.5244
4.4302 59.777
14.332 57.9464
-48.6529 -29.6827
42.3714 -22.5585
48.4113 -22.6682
10.0571 60.1394
37.1903 -19.4377
46.4362 -20.2945
41.686 -25.7389
10.45 62.6711
-52.5886 -29.0824
-48.2023 -35.9125
-49.8742 -30.5108
2.8051 60.9239
-50.348 -33.3996
40.7779 -23.2869
-49.0442 -26.5741
8.2158 61.9077
34.975 -18.62
8.263 64.7922
13.1511 62.3893
42.5719 -17.2263
39.8673 -28.0469
40.9021 -18.7353
37.2233 -18.3547
38.3292 -15.7505
-49.5904 -30.9523
9.28 57.6042
-50.0384 -28.1808
42.4888 -17.8972
46.1199 -14.2908
-51.1143 -28.6791
5.5161 60.6178
-51.1197 -26.7378
38.6571 -20.7332
8.0352 62.8461
-46.9025 -31.5196
40.4089 -25.8787
-52.3752 -26.2705
39.3217 -20.2301
-54.6463 -28.1959
8.4436 63.7479
-49.3031 -30.0915
5.3707 61.4047
38.8992 -18.7058
43.1716 -19.3511
38.0105 -19.3992
12.1496 61.4637
9.3472 61.2629
41.5231 -23.8563
-49.7063 -32.0997
-46.6318 -29.3241
4.6517 60.4382
9.9844 57.8313
43.0805 -16.7707
11.3057 56.4915
-48.8436 -31.4093
11.9678 57.5849
11.5084 58.184
6.0751 57.8716
9.4923 60.5728
-48.9519 -29.0963
14.3624 61.195
12.6931 59.058
-54.8574 -28.0291
40.0807 -18.037
-47.4292 -35.6825
-46.6648 -23.5659
-50.3095 -31.0474
9.947 64.1478
-54.4714 -32.6082
4.9387 62.7751
13.0769 63.2642
-51.2652 -30.6812
-52.4293 -32.8666
38.5239 -21.9033
38.541 -20.7744
12.5513 59.8022
12.0659 60.7784
37.4509 -19.466
9.3824 59.9389
-49.5938 -26.9114
11.3008 62.2218
-51.7233 -33.8654
38.4569 -21.0662
-49.9395 -28.2528
3.7827 58.868
40.4609 -18.4205
11.1533 59.0407
10.7107 65.2468
-54.0573 -29.4426
41.4719 -20.5583
39.5282 -15.2891
6.411 58.1277
9.3547 63.854
-49.5626 -36.7792
-49.7369 -26.9106
9.3823 56.3931
7.1599 57.7125
-48.2085 -33.2326
-47.6928 -30.2429
-49.4565 -27.9098
38.111 -18.3339
6.0336 54.2967
-54.4059 -32.565
14.6145 58.096
-47.5662 -28.4916
7.6048 61.5301
4.4222 61.0959
33.7988 -23.0524
39.5592 -19.3671
10.0885 50.6217
37.6476 -17.1026
37.8618 -14.5412
8.588 60.788
45.2268 -24.5731
12.027 62.8203
-53.5055 -32.8961
-44.9546 -29.7787
42.6454 -22.849
39.3176 -17.096
10.233 62.8862
41.1038 -20.1573
37.4618 -20.3582
3.0093 60.9662
39.3639 -19.44
46.1987 -19.9884
-48.7199 -29.501
38.0251 -15.7154
13.0115 63.0093
-48.2536 -33.2967
-47.9005 -28.512
-46.8498 -28.1968
38.1954 -26.4716
13.0755 54.7759
-50.775 -32.4422
10.3259 57.9365
11.8371 58.6872
8.3796 58.8586
-52.5236 -33.5346
41.567 -20.1869
-50.7762 -27.673
-49.7534 -23.5663
-49.431 -32.2541
41.3387 -18.3627
43.9159 -24.9442
-44.9877 -27.7937
39.0234 -20.0645
10.9776 58.0613
11.804 63.946
12.0174 58.237
-51.867 -28.156
7.3586 60.5137
43.5748 -22.0976
11.9414 60.7668
42.2403 -21.2296
-49.527 -29.2028
9.9917 62.4009
39.9272 -17.2549
36.2788 -22.7417
39.897 -19.276
40.7922 -19.3871
13.0596 56.5098
-45.475 -35.1327
39.2831 -23.591
7.0562 66.0077
10.1604 61.1824
44.4306 -14.7272
35.2024 -21.6609
11.0256 59.8231
-49.6292 -23.6489
38.9704 -22.3369
-49.9996 -33.851
11.5348 53.9734
-48.7649 -39.0731
-49.2236 -34.2265
-49.3726 -32.6389
12.2315 57.3028
8.4193 62.4284
11.4144 59.7917
-52.8753 -34.6361
9.4944 59.9363
-46.2139 -30.0543
39.2102 -17.1244
11.7565 60.1812
36.4433 -21.0749
-44.6385 -27.4038
14.1004 63.0659
6.5599 61.0895
37.4463 -21.0371
-52.5817 -31.2331
37.2916 -23.5175
42.9838 -17.4187
4.8626 58.8274
12.6162 54.519
-50.301 -30.2212
36.8278 -22.4306
-48.6704 -26.3668
39.39 -20.8116
9.2887 59.9883
34.3943 -19.2622
-54.268 -27.7149
46.49 -18.5836
5.5806 61.0421
-44.8633 -31.9852
40.5467 -17.7809
-47.7576 -32.8536
17.308 54.4122
-45.9061 -27.8228
-48.8686 -33.7432
44.4586 -22.5987
-49.1519 -34.6907
47.7052 -18.8693
10.358 60.4706
8.234 66.2791
10.3476 57.4868
-55.8813 -29.7762
41.6815 -19.7676
38.1391 -24.1697
-49.6597 -30.8313
9.2786 61.2016
-48.5254 -29.0821
-52.4186 -31.3013
37.8523 -17.0189
-49.8695 -31.3381
7.3496 59.6155
41.9826 -19.7922
38.7438 -20.076
7.2579 61.9478
42.0706 -16.8201
-52.1692 -27.2561
11.9835 59.819
-51.4042 -31.3031
7.0121 58.0706
40.3868 -18.7171
8.8262 56.7076
-47.6321 -28.1948
42.6188 -18.3413
6.4347 59.7338
-53.4879 -27.7502
43.7603 -18.7107
10.303 56.6729
10.6967 64.8415
36.1877 -19.1314
38.9909 -22.5874
36.8908 -20.9386
29.7178 -19.5044
-51.7877 -30.4653
11.1458 56.4622
-46.1273 -32.4564
10.064 60.8507
41.8421 -21.9037
8.3014 59.6765
-53.1878 -33.8813
16.1567 60.9801
8.5073 63.1179
-48.9893 -32.9854
-52.0547 -32.764
43.2035 -22.0176
42.6905 -21.8075
9.8095 57.745
-42.7292 -30.4083
-52.5371 -29.863
-52.5815 -28.5647
-45.5712 -27.2445
33.6201 -20.3587
41.8942 -19.7143
42.6743 -17.9149
42.4388 -19.787
9.4254 59.6485
14.3909 62.081
-52.59 -27.2164
44.1448 -22.4823
39.1541 -22.0259
-47.1149 -25.7201
38.7201 -18.4024
12.7392 57.5915
43.9061 -12.6975
8.8164 56.3305
10.8537 57.4834
12.0989 56.2867
36.6284 -19.8424
11.8059 58.6352
38.5439 -19.2384
42.4648 -20.6179
32.2603 -22.6322
41.8751 -17.9637
44.1226 -19.9186
5.9024 60.2718
43.1019 -19.7059
-44.9455 -26.1244
-48.8374 -30.941
9.1798 59.4335
5.4753 52.9088
12.4818 57.4554
-44.5615 -35.3622
-54.3327 -27.5407
11.6843 54.2908
41.0361 -20.2508
36.8111 -17.4241
39.0732 -17.1109
14.2547 62.3621
-52.4335 -31.2048
10.7863 59.2471
-56.4478 -23.3202
13.8916 59.0158
43.2284 -18.846
14.9239 59.1461
41.1445 -18.9137
42.6083 -24.3004
43.7562 -22.9204
-46.9621 -32.5869
-49.5653 -33.5711
37.4903 -20.804
-52.3347 -25.5786
13.1589 57.028
35.2592 -22.2314
41.2153 -23.2184
-52.5952 -31.6713
15.0402 58.7981
-51.9835 -23.3201
-50.3742 -30.6801
45.1994 -17.7909
11.2102 61.4437
43.5582 -16.6274
7.3164 61.0103
38.5595 -16.9336
38.507 -22.2413
-49.0157 -29.7744
-53.1751 -29.3374
-53.028 -28.9565
41.0292 -21.2072
2.8331 52.6042
12.5949 59.781
12.7849 56.2235
-47.2513 -30.6717
12.2419 63.9698
11.3019 63.2166
9.2467 54.5627
8.3348 59.7151
41.8827 -21.4199
39.7235 -19.7423
-51.6556 -28.4139
5.1245 57.8782
35.161 -21.0074
39.9206 -19.8198
8.2946 55.0962
-49.7278 -28.6316
-46.9378 -33.4826
41.25 -17.579
42.8447 -21.4028
-46.706 -36.1834
7.4102 59.1748
6.1739 60.9691
11.356 63.9484
8.4623 61.5328
-45.9201 -25.1332
11.3507 59.658
8.818 60.3522
-51.2686 -33.0071
11.5512 58.1245
-54.1369 -29.7717
38.3204 -23.623
40.8167 -17.3119
39.8734 -20.0566
36.26 -13.0128
42.7704 -20.3116
12.6118 59.9179
-50.8286 -31.4588
-51.7001 -29.3028
48.5139 -21.2714
-48.3722 -31.9482
7.9418 63.2731
6.7574 61.0253
9.8548 62.156
36.9055 -15.8221
-47.3608 -26.8409
40.8469 -19.3902
41.3687 -17.28
-49.8857 -28.7933
9.0174 55.8035
40.4708 -20.0344
40.1672 -16.1189
39.4668 -18.5698
13.244 57.6077
7.6745 56.6274
35.6753 -24.1146
-55.3168 -30.1117
33.1355 -18.1551
11.0531 61.4017
11.8572 63.0148
37.1372 -25.5967
-49.2191 -29.3753
8.7926 56.8705
-48.6607 -28.302
-48.2671 -33.8422
11.5259 61.1827
35.5331 -15.9275
-50.2109 -32.9047
44.9803 -19.5546
-48.7584 -31.9676
38.6438 -18.8421
37.6339 -22.6072
39.7682 -23.4313
11.7798 60.4859
-46.7072 -26.704
-49.0178 -27.6077
-47.8891 -27.7496
-46.1879 -23.8776
11.5166 60.3444
34.5192 -15.0494
-46.5019 -30.3602
44.0761 -13.545
-45.2844 -31.1401
7.7191 60.9585
9.3924 58.663
39.8277 -19.7759
-50.0161 -36.9612
39.1481 -17.8818
12.3956 56.6657
8.9369 56.8708
36.9489 -21.453
38.7205 -18.7644
-45.7893 -30.6214
5.9404 57.9508
8.8135 53.9457
-52.3318 -30.6768
-46.9497 -34.1259
8.7468 58.0235
-48.5303 -28.4347
-55.3566 -33.9442
39.6058 -17.6243
-55.3125 -33.2918
9.3664 56.7824
-50.0566 -36.7637
-56.375 -31.2174
36.8578 -19.2507
-49.5377 -24.5014
38.1198 -20.7861
8.5676 62.324
12.5425 65.1885
10.6219 58.2898
-47.3002 -31.2614
12.4685 56.7871
37.4723 -19.0003
9.0305 58.346
39.0239 -18.0654
45.0423 -24.2031
-55.5993 -26.748
32.6585 -21.5404
-47.7066 -30.5665
-51.9127 -32.0597
41.4746 -12.2618
11.2834 61.861
-53.8142 -27.9729
-45.8553 -34.9425
11.8435 60.8092
6.6909 57.0373
-48.5357 -38.4437
-50.3922 -30.414
43.0727 -20.5995
-51.7566 -30.8469
40.2724 -21.4993
-45.8887 -27.597
-53.6825 -31.2875
6.5844 61.2451
40.2028 -18.4911
-46.376 -31.8617
-49.1877 -26.8893
9.2622 59.5997
-52.5175 -30.6055
10.7449 56.8991
40.8558 -23.5168
7.5278 61.4583
41.2641 -20.4816
7.5161 62.1416
-46.4661 -23.1963
-43.8871 -31.1786
-51.1719 -29.8864
10.1682 66.7017
-52.3028 -27.8827
-46.1301 -27.7839
10.4432 58.1421
-54.5891 -30.8107
37.5096 -24.2791
42.9811 -22.2576
10.6775 61.915
7.3253 62.5253
-51.5284 -31.4129
7.6814 64.1377
-51.736 -31.1498
41.9514 -19.6679
11.9977 59.9861
9.9038 61.6278
38.1145 -16.5838
-51.6497 -29.1115
37.0792 -21.7474
-45.1254 -28.7967
-51.2423 -27.5162
9.2792 64.4143
10.4577 58.7299
6.3704 57.7742
13.6767 54.8696
39.5458 -22.2981
-51.7 -34.9674
37.4625 -25.6516
33.9298 -22.0312
44.1725 -20.7777
10.4741 61.7729
42.987 -20.5515
43.7843 -19.8417
42.5937 -16.0577
-47.0943 -32.8607
40.1711 -11.4697
-50.2836 -28.8984
-53.9272 -29.1808
40.6606 -21.2424
-52.7118 -29.3327
13.3028 64.8808
43.5049 -18.1036
-43.7797 -30.3193
-45.8896 -27.7284
35.6968 -10.5971
-50.9317 -31.3523
39.1605 -22.3287
12.6758 60.1865
40.4892 -20.2524
-52.1069 -27.3928
-51.2062 -28.1607
35.6742 -17.6726
8.8283 59.4162
8.174 57.3151
8.503 63.2843
34.2136 -15.3179
-49.3178 -32.185
42.0341 -19.1294
40.2817 -22.7912
39.0517 -20.8264
-47.9257 -28.4705
-46.4049 -34.5127
41.0712 -20.8153
-45.6266 -29.45
40.1786 -15.444
-50.0013 -24.9483
45.9411 -18.0815
6.4009 63.7516
46.5084 -20.6275
11.7881 58.4676
-50.8641 -30.228
12.5696 62.2791
9.5157 59.2317
-48.105 -28.6246
48.1378 -23.4641
12.2541 58.6938
6.6613 63.4873
8.7495 60.3439
10.0 63.0746
42.5688 -23.0475
10.4826 57.5689
11.2393 57.4626
-48.0089 -30.8593
-48.8254 -30.1666
-47.0362 -29.1833
-48.1572 -27.3171
-49.6104 -32.2785
8.0917 59.3476
40.0976 -20.8962
-54.4868 -31.8446
12.2795 62.8254
7.8625 64.051
39.6245 -22.2016
9.8306 62.4437
-50.0571 -26.3905
-51.94 -23.3277
38.9277 -25.6284
16.9183 54.6966
-43.5479 -29.696
7.1369 63.187
7.8368 63.2811
42.0839 -27.0144
10.6039 62.8056
-48.2906 -26.8672
35.7839 -16.3206
33.5465 -22.2319
13.1079 59.2849
9.2145 55.1835
-49.8122 -35.5632
38.349 -20.4787
-52.7501 -32.1907
8.5138 58.7247
-53.9877 -31.9385
10.3734 61.5911
13.6488 60.8074
-49.0596 -28.2563
-53.9287 -26.2353
43.0945 -17.1538
44.0525 -17.2804
37.4706 -23.8832
36.7302 -14.983
-50.1506 -25.8564
45.1782 -20.0065
10.5962 58.996
7.1324 60.9266
-52.9036 -32.865
38.3557 -17.6536
4.038 57.1519
46.567 -20.4917
-48.0729 -29.4523
42.9441 -20.6309
-50.4228 -34.4821
-47.4977 -26.2618
42.9549 -19.8385
-45.028 -33.7468
8.2926 59.4286
11.0339 57.2495
9.9016 60.7736
45.4602 -23.1331
42.0353 -16.5951
39.1895 -23.2905
39.6069 -18.7871
9.31 63.3492
44.4025 -23.9417
6.7698 62.7855
-53.7365 -31.5962
-48.4563 -26.1725
-48.6664 -28.5571
-49.7053 -30.5111
37.7991 -20.3373
11.3228 57.5661
16.3035 54.8198
-50.8889 -32.9637
15.1673 59.4642
11.8355 52.2074
-49.501 -26.8742
-49.3193 -30.4867
-54.2157 -31.3525
37.4147 -16.2403
40.6941 -18.9486
11.7535 63.8469
8.4314 57.5095
-46.5739 -27.8322
-47.8031 -32.5256
-49.714 -34.2619
37.1579 -22.6992
39.5131 -24.9858
-56.8229 -33.1289
-51.0633 -27.5148
-47.1425 -25.8448
-44.509 -29.1386
13.2368 62.6264
-51.4126 -31.6583
-46.0483 -31.9323
-49.4468 -34.988
45.0754 -21.0656
8.8512 55.0193
-49.8742 -36.2625
-50.3381 -29.4538
10.0349 57.569
37.742 -17.0237
-48.6638 -26.2172
38.4977 -24.63
4.8691 63.3988
-49.7959 -31.8439
6.7324 54.0065
-49.4819 -30.5334
40.3996 -23.709
39.8044 -20.944
36.6569 -24.3084
8.2944 58.2422
12.4309 57.0685
13.6076 50.3632
39.1242 -24.9397
4.1664 58.3399
12.1631 57.4084
-50.4939 -25.284
-48.6976 -28.5278
42.0636 -21.2857
39.9239 -22.6384
40.2001 -20.7582
-49.6307 -33.7386
-45.3681 -32.1989
33.0164 -21.233
42.5692 -26.1945
-49.5344 -30.0435
-45.5875 -24.6767
-50.169 -26.022
14.0378 59.4862
-50.8007 -28.1474
39.8213 -18.963
12.6669 60.4742
43.3312 -21.7241
40.771 -17.5969
40.8988 -15.4658
38.1455 -24.1646
-54.0127 -28.4057
43.5482 -27.044
12.0943 58.6692
-46.5609 -26.2261
42.8512 -14.6764
-51.9077 -31.0971
42.3766 -20.3414
44.5803 -19.3688
-53.5463 -30.8163
-52.9579 -27.9228
13.4188 66.155
-45.0632 -36.3776
6.392 61.6947
36.3089 -16.9988
40.1546 -17.5351
39.3923 -21.3417
1.076 54.8011
-51.7359 -32.9042
-47.8438 -29.1963
15.0643 60.9557
36.9559 -17.5651
39.1313 -18.8516
-52.4571 -27.6814
4.555 59.0513
-50.8979 -31.536
-44.8931 -34.1763
39.1324 -18.5122
12.6189 64.0464
-48.9533 -25.1356
6.2513 58.511
-45.7472 -33.3898
-47.8523 -22.3675
38.1538 -19.1038
-51.0986 -24.6977
8.0146 53.6314
6.9871 61.8017
-48.825 -34.5964
40.6198 -15.4397
13.9485 59.1909
7.9027 58.8721
-50.2864 -31.3126
-53.5677 -31.2487
42.3344 -22.0285
8.9191 56.4353
-40.3347 -29.6219
37.6983 -17.9472
6.0394 56.4266
6.3246 60.0152
13.0967 56.5588
-50.7431 -31.3395
45.9804 -21.1173
-52.2652 -34.7653
-50.705 -28.8325
37.0488 -27.1737
-50.1246 -35.2729
39.569 -22.3013
-51.9588 -35.561
43.6987 -22.0116
39.2186 -19.1031
11.9656 65.2137
-49.514 -28.9554
38.9174 -23.2728
-49.5528 -31.7883
-44.8551 -32.5448
41.1291 -16.941
10.4209 62.7142
10.6763 61.3264
43.3075 -21.1566
-51.2042 -29.1011
7.7894 57.5989
7.3207 58.349
9.2543 64.1937
40.7348 -22.7725
41.7926 -18.7461
35.5162 -20.0554
-44.8183 -32.5264
-54.155 -28.3093
-51.6725 -30.2047
12.1279 59.7175
11.8257 62.3992
8.9281 62.3561
9.8786 65.5241
4.2743 60.347
13.9261 61.5633
13.1388 62.0951
42.501 -18.8289
40.5227 -21.2186
11.9502 58.2076
-53.204 -25.6569
8.7269 57.8724
38.7444 -20.5563
-51.5056 -26.3002
39.9446 -21.5577
39.3137 -15.9436
-52.2641 -27.1097
-46.7452 -28.5528
11.8512 60.3657
38.9669 -16.8659
6.7834 55.6034
-52.8414 -37.8217
10.9232 59.9213
43.1942 -20.0599
38.2977 -22.1548
17.1222 60.9153
40.4527 -18.9025
38.6896 -16.8121
16.9695 59.4271
11.0572 57.5156
45.1405 -23.2106
-47.6943 -27.6878
12.8464 59.68
8.266 60.0469
16.3855 60.6363
-49.094 -30.6243
-46.1869 -30.443
10.5622 61.0712
-53.9405 -29.6539
43.9835 -22.4579
-46.5357 -35.7439
37.8418 -17.8235
12.0445 61.447
9.6444 58.1067
38.1907 -17.7206
-50.5186 -32.7478
8.0226 58.9052
-52.2143 -29.687
39.5615 -23.621
39.9516 -19.1566
40.821 -20.0766
40.5892 -17.1516
-53.2903 -33.1752
-48.4342 -34.8996
46.6216 -21.8131
11.4649 61.1572
-50.2014 -31.11
42.0833 -22.9665
39.1203 -16.3995
40.9584 -17.5127
12.4458 63.6697
-49.2715 -33.1555
45.1459 -22.6286
42.8962 -23.1185
42.6784 -18.9486
-42.4638 -29.0541
10.827 60.3222
43.9132 -19.3668
14.0021 60.8876
6.0765 61.3452
-53.4036 -29.9496
41.4898 -23.5949
-46.8125 -29.4093
-48.4073 -31.9027
39.8713 -16.7351
-48.1837 -28.7661
36.2603 -21.467
-45.2923 -35.8307
13.5314 59.0782
11.8657 58.6125
-51.7494 -28.404
41.5054 -20.1927
38.6087 -20.908
16.5769 57.4864
-47.6896 -32.8521
14.6042 63.2077
43.6753 -16.2037
-46.01 -25.7701
9.9468 59.6995
-50.4437 -27.9997
40.864 -23.8778
11.8399 63.4654
6.8778 55.4899
38.4204 -23.9489
-43.2808 -24.6326
-51.9133 -31.7319
43.2958 -21.9826
-52.2587 -24.9149
-54.6014 -30.6802
39.8064 -9.1616
-52.7692 -28.0227
16.7459 59.772
-48.5294 -37.3185
-47.5679 -29.5019
39.4351 -18.1981
39.7767 -19.9953
9.0559 52.951
10.0317 57.0752
7.9761 63.2285
-45.0202 -29.1024
-51.6267 -26.6418
11.234 57.0323
-51.9772 -25.1973
-44.4741 -28.8617
38.8851 -23.4798
-54.3308 -30.3995
-46.3669 -31.8701
-42.4253 -34.0971
-47.8079 -25.1664
37.5178 -19.6645
45.2628 -18.1801
12.4908 57.1039
38.532 -21.9205
37.1724 -19.8419
39.9856 -18.7494
13.7194 60.8058
34.9598 -23.8301
33.1952 -18.3003
-50.9057 -30.0857
10.3045 59.5634
10.0543 58.444
38.9842 -18.1838
3.0301 59.7842
40.8539 -20.0631
-47.9306 -28.435
6.9802 59.2064
8.0343 58.5735
10.1949 56.9989
-49.1944 -30.4014
-45.8305 -25.1983
35.0684 -21.9951
-49.2324 -30.6762
-48.3947 -31.5984
8.651 58.7965
37.6768 -16.7465
-47.0374 -37.1954
13.9854 60.1752
12.8447 60.3296
13.167 59.3049
-54.275 -28.9907
38.0719 -21.8385
33.258 -22.7948
-49.951 -35.2511
8.6546 58.4125
-52.1161 -28.6463
-51.4587 -28.6521
42.4605 -21.8768
40.7756 -13.6975
-53.0726 -28.6713
9.232 64.7285
-49.6234 -32.4475
38.7868 -18.8493
13.7424 56.7376
-48.9707 -32.4297
35.2136 -23.5864
-51.8853 -31.4566
-48.1557 -31.2799
-55.6035 -25.2502
-53.9222 -32.5785
8.5394 63.7944
14.6657 59.2969
-45.5334 -32.0589
9.9326 58.6805
9.6024 57.6702
11.7923 61.7918
6.1664 58.1292
13.8638 61.0484
12.4741 59.1683
10.99 57.4156
8.0053 54.7613
10.1348 56.8477
8.695 60.6951
8.0369 63.1772
10.2171 59.9276
40.746 -24.7702
-54.9408 -30.5093
-52.8269 -32.1342
9.0513 60.4002
44.2113 -22.1092
40.5042 -21.417
11.4261 60.7695
-47.3493 -27.7988
-46.8675 -31.7134
9.9196 60.7881
-49.9237 -34.2428
-47.4221 -31.202
41.854 -19.4902
7.3935 60.0957
13.0888 66.6618
42.9632 -22.9505
11.5243 63.7947
39.5573 -18.6685
9.9747 59.6846
-51.8624 -30.9213
9.6432 62.0276
-49.8073 -31.408
38.7739 -16.4551
9.4791 61.6297
-53.1928 -29.2538
38.9461 -30.6607
-53.805 -26.5809
-49.9732 -26.3576
8.9549 57.2809
8.7276 61.5627
11.1147 52.9037
42.0289 -21.7066
-45.1289 -25.1997
-51.3751 -27.5336
40.1767 -20.0026
42.7691 -20.4901
-47.0437 -33.4875
41.0537 -19.3765
-49.5493 -38.0582
10.3222 62.0834
37.9573 -20.161
-50.7264 -30.6637
-50.5178 -30.0978
38.2901 -17.74
38.6489 -13.9287
11.814 58.1357
39.3564 -25.6327
-47.9253 -32.9422
38.158 -18.3076
-47.7459 -28.665
36.1945 -26.2496
38.8638 -21.053
14.6425 56.794
39.7093 -19.4421
12.3189 63.7218
-49.8708 -29.9982
-52.9865 -28.9784
-49.4797 -31.2943
37.7358 -18.6162
12.3164 61.792
40.4958 -19.449
-52.0068 -27.9895
46.7792 -15.5344
-55.4597 -30.109
39.0931 -19.9309
-45.5146 -32.5965
-47.0326 -29.203
-48.2638 -29.2143
14.0542 62.7629
10.8767 59.8883
-47.66 -27.6794
-46.7712 -26.539
12.2874 61.6409
-51.9147 -33.604
10.074 61.4515
40.2005 -18.7852
34.3554 -19.7268
37.0117 -23.6957
41.4786 -18.0295
-48.1559 -27.5626
-50.1997 -35.3013
47.3486 -21.0954
36.21 -25.8077
35.2703 -21.1479
9.3139 66.657
4.2324 59.4509
9.8328 59.6023
3.3738 62.5617
8.9844 60.2444
38.0204 -21.9513
7.6553 60.4027
-46.2127 -32.6633
-46.0325 -30.4846
14.0029 62.0052
46.6572 -19.1813
-48.8633 -30.4645
-51.6239 -30.1506
36.0152 -20.011
40.1216 -23.9121
40.6936 -16.0007
3.3637 58.798
-53.7803 -33.9678
42.0873 -23.222
42.7978 -15.8214
11.4209 64.3216
16.1957 60.7191
-51.42 -30.8881
39.8036 -17.0982
-52.6466 -37.1318
41.7474 -16.7135
34.1279 -20.573
8.7213 58.03
-50.4423 -23.8042
42.5277 -20.709
8.2604 63.864
41.6697 -16.6601
36.083 -15.16
-44.6816 -32.0093
7.8241 63.1537
-47.1407 -32.9448
9.9992 64.5237
39.102 -21.5341
41.19 -22.0531
41.5044 -21.1841
-48.5369 -26.4703
39.4521 -22.9776
41.0382 -13.1057
39.0887 -18.93
34.7099 -23.9258
36.8622 -18.7521
44.3106 -24.8857
39.1712 -16.6651
-50.9645 -31.004
39.1098 -17.4063
6.1049 59.306
-50.2735 -25.6328
39.32 -17.4974
-48.652 -32.6151
35.062 -20.279
-52.9891 -25.5089
-45.0402 -28.3308
-48.5798 -30.7149
4.6032 58.0901
39.8496 -20.5114
40.1183 -16.0004
10.3977 55.2744
-53.2948 -27.1029
7.8843 59.3969
-53.5612 -28.396
39.3757 -22.4095
41.5453 -23.8434
40.982 -17.2868
-53.5968 -30.9528
-48.224 -30.9367
-50.8456 -29.667
-50.3167 -30.9439
9.0988 61.3746
-50.1863 -30.6377
6.956 65.1034
40.6225 -21.1188
-47.9238 -34.437
38.3854 -21.5053
14.8965 61.3826
-52.883 -26.596
4.4076 56.0643
-50.6974 -30.8775
40.0466 -21.0061
42.9269 -18.5133
-52.2893 -29.0207
41.0912 -19.4416
38.112 -21.5763
10.3458 62.6831
41.7493 -20.4268
44.9114 -19.8698
-51.5189 -27.2836
41.9361 -18.4506
38.2027 -20.6403
10.4644 58.1983
42.5562 -19.1393
40.9128 -25.7732
14.1986 60.6972
-50.5579 -33.1175
11.9172 62.2866
7.9452 56.6353
41.2562 -19.3297
6.2777 59.4877
44.2237 -20.8809
14.481 58.008
9.2802 58.7499
10.3292 60.3343
-57.9355 -28.8611
38.6418 -18.6361
39.7003 -20.3856
-49.8615 -29.506
-51.0227 -31.8417
-48.67 -30.8182
39.5539 -15.6331
-51.5523 -27.446
43.0829 -15.0505
11.5901 55.214
-49.4278 -26.5079
7.1238 59.3841
4.3064 58.296
12.1631 58.6426
47.1457 -20.4503
-43.6748 -27.0169
-49.8055 -31.8862
-46.3585 -32.6136
-47.2918 -31.2492
5.3384 62.2404
41.3634 -22.9007
-51.5253 -29.041
7.0458 61.3239
4.0604 62.3183
-48.2691 -34.3219
15.6842 59.2201
40.2724 -24.4059
41.9624 -18.0346
37.1572 -15.1967
-48.0061 -31.3466
32.0583 -20.322
39.8927 -16.3981
37.5755 -21.1665
7.7021 54.1418
43.776 -24.3697
-50.5157 -29.9633
-51.0234 -33.7501
15.4179 56.7966
37.9156 -20.677
11.8634 60.9395
45.1569 -18.5137
-48.8675 -27.6938
37.4464 -24.2902
-55.3829 -30.9247
38.8742 -13.2947
8.7246 58.5916
-51.0342 -30.9113
4.2886 61.807
10.8035 61.4629
8.0132 60.4356
40.1396 -18.7875
9.8989 63.1196
42.401 -21.5415
8.4422 60.2687
5.9382 62.6599
-48.5561 -31.4346
-51.2267 -25.7469
5.1844 58.7318
7.938 66.7554
6.9612 59.7668
-47.8389 -29.7931
12.5226 59.9092
38.0633 -17.793
9.19 54.6438
9.0477 60.7999
39.5672 -15.7153
-51.6609 -35.6514
15.7838 60.8878
-49.9905 -33.4962
-48.1166 -33.0593
-52.7573 -27.9939
37.6912 -22.7978
12.0995 54.6749
-47.7656 -28.6229
-48.9512 -27.4253
45.4506 -20.4569
43.8828 -18.6668
-49.5191 -26.1733
-45.4495 -31.6153
-50.351 -34.6147
-53.1213 -27.6185
35.2337 -17.9714
7.6373 56.633
-50.7237 -32.3815
-55.2285 -27.3061
6.5252 64.1282
11.2438 55.8482
9.9347 59.7742
-51.0038 -24.3511
-47.1849 -30.5037
34.0409 -19.0254
-44.9904 -31.8364
11.7835 57.5566
9.5913 59.863
-50.9189 -35.7749
36.4849 -20.8237
43.0589 -15.8068
37.8843 -18.4557
9.6792 62.1848
14.0101 62.0861
9.3377 62.1793
43.6884 -22.3644
32.0038 -21.9133
-49.3416 -30.5625
5.9792 57.9616
42.9733 -19.9292
-48.5702 -29.2798
41.0231 -23.0038
10.8032 64.5024
42.3766 -17.5242
13.9264 60.3899
-52.8626 -27.404
10.4189 60.4074
7.5837 59.6556
-53.8459 -29.5043
39.7943 -21.0806
8.4267 62.4176
-55.2161 -24.3742
37.3963 -24.6394
-50.7944 -29.9099
-52.8718 -27.5576
-47.148 -28.9452
33.7276 -18.7525
11.2428 57.4928
-46.3304 -32.2645
42.5524 -22.2779
-53.465 -25.2799
10.4077 61.053
-47.1052 -28.4837
4.3445 58.8389
-54.5034 -32.3454
10.0546 58.2678
11.903 61.7523
-43.8297 -29.4296
9.0263 59.3318
-52.084 -24.2855
10.4439 60.5973
-51.4931 -32.3565
36.4002 -18.216
34.2197 -19.2555
38.0295 -17.9584
13.2387 54.0638
41.7743 -19.8277
-50.3084 -23.6798
-49.0505 -24.3991
11.6537 58.8454
-45.6934 -31.9866
-49.9503 -30.4575
38.265 -21.6369
40.3474 -17.5217
6.956 56.3733
12.5239 67.1019
39.7592 -15.6698
8.89 61.5815
8.1046 57.2186
7.381 62.4516
14.3454 62.3767
-53.9996 -26.8697
-52.1565 -27.9653
-46.9018 -28.7012
8.6859 61.4759
-51.94 -27.7549
46.756 -13.246
4.5067 58.2473
39.6206 -15.6449
10.3014 65.7212
13.9891 67.631
-52.2065 -33.8267
9.0829 60.7944
-49.8247 -24.1484
10.3636 57.786
6.8057 62.6455
11.4336 58.0878
15.0497 59.7328
-49.3151 -29.9627
15.3117 59.1411
-49.7477 -35.5348
38.9679 -20.9996
48.1553 -22.78
-50.7741 -25.3978
10.7283 57.8848
5.6538 61.2351
12.2033 59.3302
6.5732 60.7988
10.3177 54.4032
38.1525 -17.9902
10.6211 63.1992
40.8665 -15.7082
11.7918 59.3084
37.9274 -19.7378
12.3246 61.0404
-51.5819 -37.1444
41.294 -26.5603
-51.9381 -23.0184
39.1321 -16.4045
11.8625 54.9822
5.8913 63.0879
10.5529 58.6922
38.728 -19.219
-45.4801 -31.6562
10.672 58.8842
8.9476 61.6336
7.2611 58.1908
-46.1795 -25.2891
32.6013 -24.1583
40.7597 -19.473
5.0398 58.601
46.9998 -19.5328
39.6518 -16.8076
-51.8969 -29.7306
-51.4288 -30.5825
45.6187 -21.7488
9.0904 64.9843
9.9109 61.4269
39.1565 -24.5045
15.9991 59.9053
36.6699 -21.2714
36.2624 -18.551
7.2169 58.9122
-52.4557 -27.5883
12.1697 60.6942
40.609 -20.0517
40.5174 -23.773
-47.5531 -29.5247
11.4116 57.1961
10.6362 65.7463
13.7845 62.7163
-59.0365 -30.3277
9.2246 61.1501
12.5446 58.5992
10.4251 58.8569
10.6938 57.9977
5.1708 63.4815
10.738 57.5302
7.9819 55.1611
45.4077 -14.8354
6.9616 62.1027
-54.5437 -32.9899
-48.6785 -34.817
11.3284 60.3851
11.7019 58.6706
-51.7635 -29.5439
6.5569 57.7704
10.1709 59.1403
-46.593 -33.7872
-46.6514 -27.0155
45.4481 -18.1165
12.0089 60.6029
8.8474 63.3214
-54.8354 -34.4698
10.4625 59.8769
8.2019 59.7594
13.2723 59.1357
-49.6823 -30.1214
39.9928 -14.4504
7.2201 59.9203
11.9119 59.3028
-49.7053 -34.2405
41.4497 -26.3741
5.816 66.0549
39.319 -23.3583
-54.3148 -32.8739
42.1573 -21.4185
-49.0543 -27.4193
7.3162 61.5071
42.1215 -18.7127
-54.9072 -28.6372
40.113 -18.2773
36.3909 -14.4208
-44.3902 -22.5427
-45.9984 -34.1793
10.5347 60.8743
-51.9199 -24.07
43.4502 -24.2465
43.3337 -18.2723
10.4394 56.1514
37.401 -16.7436
-49.2874 -29.362
37.1083 -20.0174
-50.6703 -31.4968
43.0075 -16.4869
10.0421 62.1974
-49.8948 -27.4676
35.9184 -19.073
-48.2315 -31.6302
-43.7599 -29.1811
38.3332 -23.9622
7.672 55.9589
39.2475 -17.6904
-44.7492 -29.208
-46.7531 -28.1624
-46.4986 -35.3084
11.0917 56.0598
-47.153 -26.2263
-47.4094 -26.0904
-54.3418 -28.5963
12.3623 59.6787
5.9232 56.7245
-50.5934 -28.2415
7.2477 59.7292
-50.8211 -29.4973
42.0236 -20.3494
11.6604 60.1249
-51.6044 -31.3392
37.0157 -17.2149
40.4566 -15.9938
-51.2479 -32.6115
7.9281 63.2906
12.2589 58.0055
6.4711 58.9229
6.9767 61.0088
-49.1407 -24.6289
9.3486 62.2663
9.6836 59.1739
-55.4425 -31.1589
11.2385 53.9507
9.3152 65.91
-42.614 -29.8042
-52.7177 -28.9694
10.3301 56.2362
11.7212 62.2441
12.5448 56.0064
-50.6616 -31.0373
12.7639 61.9648
15.5748 58.4252
9.4477 57.8999
40.8269 -26.2343
39.7985 -23.926
6.5555 66.4956
-54.4788 -30.9099
37.8665 -17.0457
41.9332 -17.4366
41.7659 -20.2394
43.1605 -24.7556
7.6939 55.7063
-52.9676 -28.3234
-50.9107 -34.1517
4.0811 59.486
5.9049 57.1307
8.348 53.7815
-49.7535 -36.5371
15.6654 62.2582
-48.5201 -29.9184
10.1411 54.5733
40.6465 -19.7393
12.4592 61.7477
11.022 64.8045
9.8873 54.2411
9.3892 60.5965
-50.1652 -27.966
41.6944 -18.6988
10.621 63.2492
39.8487 -23.1331
6.4256 59.6674
-53.1496 -31.6521
41.4481 -25.4934
10.6227 63.8578
40.6066 -19.2226
42.1624 -21.0242
5.871 57.4836
37.637 -14.919
-49.0448 -33.7404
2.6692 65.1936
44.1472 -24.5428
10.1142 63.1948
-52.6357 -27.2757
39.0442 -20.0991
12.7929 63.1606
11.4141 61.3286
-48.3464 -27.8124
48.6896 -17.4494
41.3762 -21.2344
-49.8299 -28.8271
43.0979 -23.3925
-47.6557 -35.0064
-49.3159 -35.9032
-51.0089 -27.1442
-51.2322 -28.1736
-53.8656 -27.5027
13.7279 61.7322
40.2079 -19.7099
5.3083 65.3351
-53.7055 -32.1571
40.3474 -13.4813
10.4164 62.1848
10.3068 57.7262
37.2989 -18.3961
40.2306 -18.0116
-54.939 -30.1225
5.6803 62.3824
15.3209 58.2157
11.1858 61.1227
41.2757 -13.3308
-54.2923 -28.5001
-52.3931 -29.5027
-48.9077 -32.1231
15.1692 62.6985
7.8512 59.8058
13.8014 59.4797
8.8324 62.7952
40.4568 -21.3536
16.0513 60.0336
42.2331 -16.8743
-51.9663 -27.2623
-56.093 -30.6068
39.657 -20.7903
-52.8745 -31.6167
17.6364 55.2012
8.1811 59.8356
-47.7414 -32.1507
3.5939 62.369
44.2938 -23.9035
-48.8538 -29.2966
-52.7029 -33.0824
43.6558 -15.8942
-51.2558 -31.7286
39.8878 -23.2202
-54.2227 -27.728
-48.1611 -29.2194
42.6163 -23.3541
38.1798 -19.4061
39.158 -15.7499
32.1194 -19.6419
-49.6043 -29.648
36.2494 -20.1566
39.9151 -18.7811
15.9353 61.3338
-49.6633 -33.2867
40.3715 -18.6636
40.6694 -23.4155
-48.2951 -30.7915
1.5987 64.5069
13.0177 57.846
-53.9858 -28.8656
37.7141 -20.0781
-49.7149 -29.2897
10.4807 60.8371
8.0877 61.7611
-50.75 -28.1513
-53.028 -35.297
-47.9456 -31.5811
-50.865 -36.3989
-47.9419 -24.8123
-55.0718 -28.1888
-52.3276 -29.254
46.1197 -19.0273
-50.7343 -28.5599
41.7136 -24.4239
-45.4569 -29.3153
37.0781 -16.2165
39.906 -15.5947
-50.512 -31.4444
42.6082 -18.7229
10.8803 57.9633
14.4167 60.806
13.7242 63.127
38.387 -13.8857
-49.3719 -33.1758
-50.9703 -31.6853
41.3189 -18.1876
13.6062 54.2899
-47.1881 -35.4879
39.877 -22.3951
-50.9252 -29.2762
40.9072 -18.1173
-50.1581 -30.1872
42.9291 -20.6276
9.8356 56.3965
8.6805 57.1479
-48.3398 -29.5345
10.9285 56.5867
9.7546 60.3515
-52.8326 -34.5883
-53.1522 -33.1219
36.4025 -20.9557
42.3384 -16.9934
14.3665 56.9142
15.3859 61.9025
44.3922 -15.7529
-50.5615 -27.9957
-49.9488 -31.7568
-50.7878 -32.4942
-48.7628 -35.4148
3.6465 57.0886
9.9019 63.1182
7.7962 60.9013
14.7118 65.5464
14.1433 66.0987
10.5873 56.6729
2.7697 63.1296
35.8321 -24.2791
12.7854 64.5168
-46.4693 -34.2554
10.2263 56.0816
9.661 63.7029
11.8123 63.6622
40.6326 -18.8081
43.1807 -18.9392
38.9201 -15.9162
36.5504 -23.0634
4.2372 57.9717
-50.082 -32.1917
11.5156 59.3552
-53.7162 -31.2605
-54.0146 -29.4205
-40.6178 -23.7345
42.9566 -17.8579
7.5878 60.1216
40.1728 -19.0381
7.123 60.5418
36.1193 -15.4266
-57.7193 -29.9972
38.9781 -20.312
38.4764 -20.0115
7.5816 60.3544
41.5852 -20.6544
38.265 -16.9059
11.4616 58.9422
-52.136 -29.1032
10.5839 62.2363
-54.1219 -30.4395
-49.5958 -29.0916
-54.0105 -27.6346
10.5676 61.1998
-49.2165 -29.9768
-54.2403 -26.5244
-49.5037 -29.9933
38.6752 -22.8302
-50.3911 -31.0509
-47.2745 -29.2294
9.295 63.6436
43.3283 -19.8956
-51.0652 -30.1669
-47.3532 -32.3218
43.0095 -19.7537
40.1931 -21.4673
39.4922 -22.808
7.7098 57.347
-52.874 -29.532
-53.0149 -31.1225
41.3928 -17.5887
-45.0276 -23.9512
-53.9611 -30.1825
10.2157 61.4532
12.6585 59.6575
-53.746 -30.9244
42.0176 -19.3908
-48.1833 -27.5547
10.5449 60.1061
41.0109 -24.1827
45.3551 -15.2117
8.4809 52.9386
35.1004 -17.6939
9.6535 61.8665
-53.3866 -29.5415
-45.694 -29.6283
4.4841 61.5911
12.5365 58.9163
6.6205 63.7457
10.4539 58.7213
10.772 63.3377
-53.1584 -27.5193
11.7791 56.6704
-43.0981 -28.1425
8.5503 59.3043
8.4809 61.441
9.4978 57.343
-49.3593 -29.8468
12.5685 61.5204
-51.0117 -26.0094
6.3172 61.1406
-44.5014 -22.6986
-48.1494 -36.1786
11.5035 59.8875
33.803 -22.5374
14.2498 62.1389
-54.5096 -32.7247
37.4868 -20.6793
11.7331 57.8548
12.5992 59.6688
-52.0663 -35.0355
7.5494 63.2417
40.3593 -24.9322
-51.0235 -32.152
-47.4306 -32.4246
-49.0527 -30.0186
8.2575 50.3737
10.7434 59.9933
47.485 -22.0187
12.8854 59.197
40.0588 -21.9549
9.6524 62.7535
-52.7275 -29.5683
11.1352 60.4317
4.9354 60.4224
41.5918 -20.4171
12.1482 55.129
8.4248 63.0204
5.9258 62.249
-45.8319 -28.6247
43.8986 -21.9464
37.6136 -17.3799
7.519 64.5297
6.915 54.3823
-47.9755 -28.5227
39.3513 -22.6677
-51.3825 -29.5731
36.2607 -19.07
-46.273 -30.5963
12.918 56.3364
-52.1756 -30.8353
-50.6586 -29.06
9.4569 61.1673
-52.7271 -28.4115
15.5761 58.6844
15.1898 59.387
-47.9874 -30.7933
9.5589 59.7486
41.7992 -24.5252
-55.5356 -30.7675
35.6605 -13.8289
41.6189 -22.8064
-45.4597 -30.4524
-48.2713 -31.2845
39.0053 -19.7774
-49.8043 -26.9666
11.5833 61.7974
-47.2567 -31.3884
42.4064 -21.3103
37.6151 -19.2712
11.0051 61.2311
40.8185 -20.9534
12.4843 58.8117
-52.2339 -25.5082
44.5213 -23.141
43.405 -21.1822
-49.8522 -34.4696
40.0764 -16.2956
-49.9712 -32.368
37.348 -19.4739
39.8379 -19.7751
14.1509 59.1167
-53.9511 -31.1312
39.8468 -22.6875
-48.5171 -26.6298
12.8347 62.9062
-49.4855 -26.6624
-51.0577 -31.6697
-49.5781 -30.062
9.7902 56.5262
14.4523 58.9232
41.6594 -16.2497
44.9829 -26.2909
37.6062 -17.455
40.9983 -15.5333
38.8536 -17.9709
37.473 -18.3694
13.3087 60.375
38.3175 -23.7915
-48.9425 -29.2177
39.634 -15.4808
12.1165 63.9938
16.9724 60.8298
35.9073 -16.4101
37.5935 -27.2414
-44.3802 -32.0299
37.8397 -18.0022
9.4127 63.0735
39.6622 -17.4389
36.7245 -22.7986
9.5221 58.4504
-45.128 -26.7486
42.8439 -22.072
10.6619 58.0844
-50.7592 -25.2967
34.3648 -21.4816
33.2832 -19.6977
39.8569 -19.8173
-51.5847 -34.7692
-53.0172 -26.2471
10.6006 59.0536
-52.456 -29.541
9.3538 62.9546
10.0942 60.0927
44.556 -18.2748
39.1329 -14.3379
39.3373 -17.5911
-53.946 -29.0376
39.7342 -19.8318
36.7846 -20.6054
39.9865 -22.2952
8.8196 57.4904
-49.0376 -26.133
39.5266 -20.9472
43.0496 -19.6449
34.7668 -21.3642
-52.0979 -32.4021
-42.3223 -28.1525
-47.1762 -22.832
-48.9998 -33.3303
-50.9753 -29.4329
39.6531 -18.7079
8.0388 62.2947
9.789 67.7129
-47.8012 -30.4538
-46.7231 -31.3556
13.011 62.108
41.2644 -17.4587
40.2263 -13.7462
-49.3755 -29.4444
-49.3045 -34.1736
9.0942 56.7409
-51.6548 -29.4454
-52.2292 -30.1835
-48.6564 -28.4866
40.4654 -20.5345
41.6842 -18.3506
40.234 -22.0864
8.967 57.445
-45.2928 -27.7779
9.9617 59.0172
-50.7295 -26.746
9.6237 64.1303
6.9304 59.0312
-45.5115 -33.6385
39.2057 -17.1418
9.9325 57.6308
40.9668 -17.7833
-47.0304 -30.5259
9.9761 54.9547
-53.2372 -30.7961
13.3588 61.6422
-51.4186 -29.4423
43.3121 -22.0491
-46.3177 -35.9171
-51.5452 -33.4008
8.9845 61.6724
38.8958 -23.22
42.7822 -26.2947
32.0982 -21.4918
6.4622 56.8178
-49.6958 -28.9202
37.4984 -18.3394
8.2094 61.9465
12.6795 57.7802
9.1949 61.2736
11.4625 56.9805
-45.5718 -27.2814
40.8767 -15.5149
-53.3456 -31.421
-44.387 -26.1329
12.2765 57.1785
44.1419 -20.778
9.1953 67.5368
38.1852 -22.3602
-49.4252 -28.6501
10.403 61.3032
42.1023 -23.2561
45.5115 -24.4724
-46.632 -23.0594
41.8377 -20.4565
-48.2764 -30.8713
-48.3623 -25.8053
-46.3178 -37.1404
14.9455 60.0867
-51.3354 -29.7102
13.3162 59.6601
12.4878 61.4734
-52.8409 -34.7097
-49.8082 -27.7513
43.2838 -23.8582
-46.7734 -29.7816
-50.4811 -30.0342
10.0538 61.5644
9.91 61.058
-53.4109 -23.5348
-48.7196 -31.1525
11.5044 58.6706
-46.9252 -32.7819
-49.5189 -28.1996
13.3891 59.8656
9.6975 57.0792
8.0223 62.8196
33.7743 -18.8699
44.3843 -19.1489
11.791 58.8645
-52.2151 -27.3545
-46.485 -28.2688
7.7122 58.573
36.4977 -18.8372
9.6315 61.8069
-48.6927 -30.55
11.9008 57.4989
42.8092 -12.1609
8.5347 63.0156
-51.0825 -22.0098
5.6005 58.2225
9.1755 56.674
8.8314 58.8117
38.4214 -17.5989
35.2397 -23.7556
13.4641 54.7802
10.6488 63.6145
-51.4087 -27.6921
-50.5047 -24.6329
42.8073 -20.8488
3.2003 62.6598
11.5576 60.8649
18.4441 61.3761
16.3271 57.4539
8.4579 61.8312
38.8358 -25.2979
41.7804 -26.5917
39.7046 -17.5708
38.6234 -20.7803
13.1291 66.5921
-52.5666 -33.3833
-45.0161 -27.021
34.9019 -18.8127
-50.0101 -29.4991
39.7889 -26.0446
-52.3131 -30.5506
10.1733 65.0096
16.1557 57.4951
11.0113 55.326
39.8612 -20.9883
10.9292 57.9919
16.1406 60.9251
-48.3379 -20.1689
-51.3775 -28.5828
-48.215 -32.0806
-55.5277 -27.4371
11.7156 64.5592
41.6747 -20.6243
37.4652 -22.1468
42.8591 -18.398
10.8102 63.11
12.7215 59.1473
-47.4801 -30.0389
43.8211 -27.5518
12.0678 58.0197
8.6662 62.6561
39.9794 -13.7965
-49.069 -31.1731
10.8717 54.5395
-56.8047 -28.1433
-53.186 -32.5379
36.2239 -22.6395
33.794 -20.6279
1.7073 62.8677
-52.9408 -25.1769
-52.5412 -28.2424
-51.3419 -32.1891
5.1878 63.4601
-53.7152 -31.5659
-50.6392 -33.1626
40.321 -20.8229
-51.6755 -28.3703
-45.8059 -27.6982
13.8764 64.0363
42.256 -23.1408
-49.12 -26.8237
36.7368 -19.3037
41.5284 -16.2365
11.4236 54.2027
5.5468 59.3128
36.9879 -23.5644
-48.9179 -32.5873
-52.0282 -32.2093
7.8839 57.5792
13.2111 61.6645
12.0754 59.8017
41.5315 -20.7657
38.1419 -22.5668
8.0859 55.4781
15.1979 62.0794
40.712 -21.5016
-47.7399 -31.7562
41.2626 -20.4753
39.7842 -16.4867
9.9182 61.0988
6.4694 60.8932
-51.8197 -32.4784
13.4531 55.8163
9.0227 64.6334
16.6216 60.0568
44.0595 -17.467
43.4317 -19.524
9.7839 57.7009
41.2419 -18.9189
15.1394 55.3606
35.9452 -21.342
38.6585 -18.3059
5.258 59.4334
9.6678 55.0446
37.4066 -22.4861
39.443 -23.0954
44.0175 -15.8749
-48.2647 -33.9173
44.7288 -22.4957
13.6388 61.7445
-54.674 -29.3222
-52.7529 -32.7674
-45.9425 -33.1191
-54.5528 -32.9472
-50.2198 -31.617
-46.2887 -29.8002
10.7504 62.6601
-45.6269 -28.6573
-48.5992 -32.8112
-46.5217 -32.1835
-47.8514 -31.8943
8.6439 59.0986
6.0109 59.1313
-48.2882 -33.6932
-55.9042 -24.9823
16.7808 59.4089
38.556 -16.8756
7.9799 55.5718
13.3486 62.8522
40.46 -19.5054
38.8825 -21.1305
5.4448 62.5469
-51.4059 -28.2569
34.8014 -14.9809
45.2352 -18.3449
15.398 59.0057
-46.7193 -33.3185
15.0776 61.4505
9.9723 58.0881
36.9949 -16.4315
43.8176 -19.4818
12.6659 63.1866
41.4771 -21.3746
43.315 -20.0345
-49.7598 -29.5118
-55.1262 -29.414
40.5574 -19.1878
-50.9125 -30.4079
8.1509 54.195
38.6073 -16.8315
41.6655 -22.111
-49.3783 -31.0011
44.0397 -17.3443
14.824 60.1286
46.0059 -21.3937
34.8704 -18.8893
-51.4707 -30.7531
11.5738 60.2943
-51.4274 -30.5009
15.7366 66.9779
-49.3562 -22.2166
19.5862 57.6493
-52.6975 -27.2903
6.8305 52.3097
10.5085 60.7215
-52.501 -28.7135
41.1422 -22.5986
-50.9051 -29.2695
4.6237 60.3472
41.9596 -17.3291
9.1134 58.9159
-52.4819 -26.5091
-50.2978 -28.231
45.6671 -25.4129
-45.4996 -34.162
35.6673 -26.8915
14.8915 62.9391
12.3545 59.9559
-48.6124 -33.3813
9.0082 65.6696
44.7501 -19.7329
9.2962 61.1033
46.2527 -22.9459
-48.7255 -29.7395
8.9005 60.5423
11.6342 59.6693
-42.696 -33.0085
33.9694 -19.4609
11.1855 61.8423
-46.2247 -28.4193
3.5241 59.3492
33.2391 -14.6737
-52.6305 -32.504
5.9266 63.4017
6.152 59.8988
7.3853 65.0467
8.3674 59.9715
-49.2943 -30.3143
5.5496 62.4447
12.4609 57.7511
37.0251 -14.8145
-47.9982 -30.8424
11.7159 58.7509
42.5637 -22.9333
38.9323 -19.5025
-49.378 -35.6833
-51.0615 -27.8919
39.924 -15.7416
9.759 60.5969
40.9393 -19.7861
40.5055 -21.5856
10.4015 60.7278
-50.5239 -31.7643
-56.9234 -35.9234
6.6588 51.4188
-46.8625 -28.5066
4.3518 66.4022
8.1701 63.6769
5.172 57.7955
-50.2942 -28.1043
40.424 -17.2152
41.6196 -20.3307
-50.5409 -31.9586
-50.241 -34.4265
8.6783 63.5468
12.4812 63.0603
-51.4682 -31.9655
-50.7768 -23.0012
7.4603 65.1284
-47.449 -32.1236
-49.9947 -29.8266
-56.2685 -29.9513
42.6682 -24.1205
6.4284 63.1134
8.933 55.0282
13.5467 61.8426
45.5887 -18.0661
9.4091 60.4104
12.0969 57.5722
-53.2183 -29.4929
40.8627 -22.7453
-54.2706 -28.4504
41.5969 -19.911
15.0933 61.2162
13.7775 59.1216
10.2456 60.6586
13.0857 61.8244
9.9582 56.4022
9.9609 53.976
-45.0747 -28.0503
15.1039 60.9421
40.2859 -12.9838
7.6162 65.634
-50.575 -29.0068
-49.3059 -27.632
-51.5862 -32.9345
11.1569 62.0479
-52.5625 -28.6172
7.3942 64.88
43.0886 -26.1094
-47.6285 -29.3529
34.7042 -19.0121
39.1561 -19.8477
10.3084 59.7658
41.2585 -18.2875
35.7204 -21.2976
37.3164 -18.0947
37.9088 -18.1513
44.059 -24.9542
-48.1108 -27.5713
44.5561 -20.3317
40.3714 -20.5168
43.4893 -21.3789
-50.5197 -38.3992
4.081 58.8311
37.3865 -11.6597
-50.7181 -30.413
10.052 59.6867
9.0525 56.4817
13.4871 59.1897
38.3044 -19.5606
40.1321 -20.9989
-49.4372 -25.5415
-46.9597 -30.4056
5.5137 54.2442
-50.4822 -28.0637
41.1142 -22.7521
7.656 57.3371
44.8587 -15.6756
10.935 56.9039
-50.0549 -32.5862
5.974 64.0283
41.7703 -23.7578
-54.3856 -29.1421
9.1233 67.2585
13.1245 58.0951
44.5391 -18.9504
-51.1831 -29.4993
8.7897 59.9498
39.2761 -19.1569
11.3529 60.7744
-52.256 -28.9292
8.241 59.6973
37.0781 -22.4492
-50.5423 -26.5025
-48.4599 -26.8561
39.1584 -23.771
-48.3235 -24.3445
-52.2399 -35.4185
11.787 56.579
40.4461 -25.4382
38.0334 -19.0774
10.386 61.6887
11.7447 59.6582
39.9839 -21.9119
39.7486 -20.812
43.8656 -16.5742
6.9661 63.2399
38.9183 -14.8041
5.3971 60.0913
-48.4445 -35.8982
39.8241 -16.0969
10.0675 62.1509
-45.5991 -30.8666
16.689 58.9923
-46.8563 -27.5085
-45.9843 -32.2583
39.5809 -24.7213
-45.8715 -36.891
38.8512 -19.305
-46.834 -31.4057
43.3263 -20.6925
10.3142 60.336
5.6055 58.9568
-52.4616 -29.251
37.1523 -19.065
-46.527 -31.5811
-49.0123 -28.5186
-52.446 -28.4217
43.2557 -18.629
-49.813 -32.9587
6.3362 59.2495
-49.7695 -32.8986
-49.0687 -32.9686
-52.5027 -29.1413
38.6038 -19.4352
-45.5188 -32.619
37.6404 -16.18
13.1158 56.4745
-52.9508 -32.5931
6.5463 60.4109
35.9633 -19.1181
12.6252 51.8037
-50.694 -33.5902
10.6002 57.2818
41.1953 -23.176
42.3435 -18.1471
-49.1926 -30.9438
36.8441 -8.3735
39.6784 -18.1267
-50.7027 -30.0022
10.4689 60.5034
-50.3079 -24.4038
16.4073 58.8257
6.8998 57.4418
11.0661 61.1283
12.6949 63.6361
41.4729 -24.0593
33.7494 -19.0164
-49.0903 -31.3921
-47.9636 -31.3432
40.2065 -19.3372
10.8591 57.8705
13.869 59.2929
10.3498 55.5123
11.0863 56.8867
38.3301 -15.1246
43.9558 -18.7085
11.742 58.4852
-47.5913 -34.4011
-45.3236 -25.6907
-49.396 -27.8772
5.2296 57.88
9.9502 61.1606
-50.7815 -22.2591
40.6632 -18.4506
11.4831 62.6907
14.7388 53.9113
39.6052 -21.1579
10.5185 58.62
34.2872 -17.1735
-49.4088 -34.1945
46.4064 -19.5667
39.742 -17.4786
4.3376 54.1306
35.4764 -22.0396
6.8985 61.6631
41.2763 -16.6352
39.0756 -21.3601
-49.9778 -28.0003
-50.5012 -27.9829
12.0997 53.6761
-54.463 -32.9791
-50.9529 -27.8729
2.4558 59.0348
-49.1295 -33.6187
2.8042 59.3915
-56.1592 -28.9531
-47.2761 -29.9668
-52.7204 -37.3968
-53.0085 -32.073
-53.4197 -31.7055
-50.1617 -30.4086
9.8024 60.4035
-55.0177 -35.6107
6.0591 58.1756
8.8308 63.6741
-44.2785 -27.0583
-53.5209 -29.7832
-44.0047 -26.6965
-52.1096 -31.0485
-48.5812 -24.7218
10.1849 57.4756
0.4221 61.2132
9.8842 61.3477
5.4034 59.8006
-47.3382 -28.3028
-44.2328 -30.4052
37.8417 -12.1499
-47.7341 -28.2674
-46.4567 -35.9895
39.8175 -21.0387
39.4098 -21.3369
7.3558 54.7225
40.3123 -18.6902
36.2553 -20.4373
42.1744 -17.8745
-52.9508 -27.0768
-45.5054 -27.7246
-48.701 -28.5916
44.4055 -20.8275
10.4417 61.6336
-50.0179 -34.381
40.153 -18.9686
-55.7385 -24.0605
-50.1033 -27.8283
9.8299 60.2931
-51.3803 -27.1422
-47.9 -30.9366
-46.2519 -30.441
-46.4936 -29.6742
9.5501 62.3551
7.1616 62.2093
41.5672 -19.6268
42.2608 -22.2397
41.1881 -20.597
-49.8245 -25.6796
12.2629 64.8782
42.1082 -21.4947
5.1484 58.3083
42.5774 -22.5478
13.8153 58.0823
-47.3081 -34.3719
-54.4177 -28.6451
40.5912 -22.2693
46.3425 -19.7141
13.4103 64.0896
38.0222 -22.2074
37.8314 -23.5453
-47.7218 -32.6886
-48.8209 -37.0716
13.1854 57.278
38.9588 -17.7644
10.861 59.7897
42.7473 -18.1381
38.8994 -22.4015
35.4187 -23.6521
-50.2671 -26.6174
10.8245 58.8365
-51.553 -28.9769
-53.2812 -27.422
10.1027 54.8123
-50.1776 -28.2239
10.1943 62.2185
-49.1867 -31.2275
43.3191 -24.6218
-49.5237 -24.1103
11.072 58.6632
7.0617 59.6695
-49.6416 -29.1546
36.198 -20.0322
-47.4308 -31.4889
-48.8763 -29.138
-51.2577 -29.3889
38.7688 -19.9096
42.0914 -17.2098
40.7282 -20.1128
-47.6311 -29.4091
11.4442 55.1721
8.7634 57.6598
40.1996 -19.5427
41.1431 -16.5194
47.9906 -20.5784
-45.8517 -35.4301
38.9965 -18.9075
37.6712 -18.6208
-55.2959 -26.2509
37.8698 -15.2348
40.0255 -21.0603
3.4021 65.5999
11.0158 63.5342
12.3753 58.7312
38.7182 -16.5947
39.6899 -18.5099
35.5356 -14.4059
9.8345 62.0002
-49.6527 -26.0665
42.289 -22.2615
40.1872 -22.004
34.9973 -18.9071
-47.9362 -29.6002
-50.7674 -31.1775
-47.6087 -27.574
41.0588 -14.6956
11.4457 59.3913
-52.2319 -28.9137
-50.6016 -33.8846
38.6927 -19.2315
-45.3499 -26.5377
45.0823 -17.4178
-47.7968 -29.6283
40.3952 -19.8693
15.6028 57.0036
40.2288 -24.4719
45.4407 -16.9979
-51.5267 -30.3603
-53.555 -25.077
-48.7067 -29.772
12.3397 63.0519
40.6848 -16.7002
39.7017 -19.9462
13.9049 57.1572
10.7103 53.1518
37.3658 -16.7288
39.5789 -25.0334
-48.5647 -28.9663
36.3571 -21.0342
11.4018 55.6361
8.5602 63.3673
-50.3137 -32.9263
8.8813 61.159
-49.8521 -29.7285
39.6182 -17.022
37.1874 -18.7332
10.6157 57.9974
41.1168 -20.334
-49.0785 -34.9295
-55.0046 -30.6082
36.6438 -17.1589
39.8018 -21.7674
8.2873 58.0422
34.8641 -20.4632
7.4152 59.7259
41.7497 -20.1021
-45.2715 -26.2528
44.1637 -22.4428
36.9005 -17.4182
9.2805 61.0337
11.3683 60.8144
-47.6115 -29.0487
9.427 61.0103
43.5361 -16.5617
40.1353 -18.8123
-53.0533 -27.5911
40.6642 -19.5593
-50.7451 -26.2682
-50.5471 -31.7459
35.528 -14.5469
7.8214 65.8165
-49.0828 -30.3353
-49.1118 -30.128
8.9059 55.564
14.4773 53.172
5.2077 64.99
-50.7768 -30.0004
8.6716 58.8373
42.6116 -14.4629
34.439 -19.1479
11.4094 57.259
-47.121 -29.8195
8.4096 61.5539
46.489 -20.8981
43.857 -16.782
-49.6598 -24.5248
36.5966 -19.8205
-54.2085 -25.1057
-45.5699 -29.6031
9.4972 58.6273
42.1103 -20.5827
10.7853 61.3754
-48.2486 -30.3561
10.0179 53.6797
38.0773 -22.2012
9.1241 59.539
12.5043 59.7442
7.412 59.7666
-51.2732 -27.3217
-51.9295 -31.5439
7.9406 57.6244
14.4571 62.1369
38.9592 -18.1999
-50.5931 -31.3049
10.9712 56.4677
35.3511 -20.8725
-47.155 -31.7651
37.7493 -14.2732
-56.1129 -31.1019
38.4491 -23.1804
39.2225 -21.9521
41.1336 -21.4586
6.3396 58.9611
-44.853 -33.3264
6.779 61.49
15.4658 61.3703
42.4295 -15.9573
-48.4424 -26.445
10.6009 61.7884
42.2585 -17.9009
6.6931 61.3978
9.9544 59.9528
-54.7461 -31.3415
-53.1473 -30.4997
-51.7717 -30.6456
-52.0517 -33.2758
37.2874 -13.1554
12.312 61.6258
-52.3422 -30.0761
10.7766 59.9995
10.8983 58.5149
-48.9118 -31.1225
40.6959 -21.4799
9.7003 62.3964
-45.6669 -28.367
40.6206 -20.2225
39.9037 -25.6265
37.6642 -21.9844
-49.301 -25.7215
37.1256 -15.8492
38.5467 -17.7926
42.4557 -18.4581
-46.9367 -29.8979
38.7141 -19.4795
44.1191 -20.508
-54.7296 -28.6902
-53.6185 -27.873
37.1326 -22.8771
-54.0093 -26.799
-49.1188 -28.2944
10.245 58.9487
-49.2125 -27.4302
10.9316 61.3626
-52.5296 -30.5643
36.141 -22.8671
-49.685 -31.8338
-49.1926 -33.1494
40.039 -20.2071
38.8865 -20.8339
-50.9979 -33.3713
38.1618 -17.2085
42.1503 -18.2596
6.6322 65.7602
-46.3359 -27.9886
36.3073 -21.3714
-51.9019 -33.8335
43.1739 -19.0906
12.3995 65.3531
41.2915 -21.3775
12.9564 60.2305
9.4644 59.0743
-48.9626 -27.3282
34.4445 -21.7193
7.9874 60.8464
-55.4705 -32.2964
37.9078 -20.9126
41.9644 -21.8486
-48.679 -29.4504
12.3248 54.2452
36.0084 -23.8929
-46.4304 -28.9754
38.857 -22.2158
39.9504 -25.0767
-46.6328 -30.0759
-47.972 -33.7321
-45.6676 -30.9873
38.3628 -16.9804
-50.1076 -34.4487
14.3621 61.2618
9.9855 62.3376
39.8742 -16.2602
7.0852 65.723
-49.8389 -28.6708
-51.8461 -31.3518
-52.1967 -28.8674
39.3396 -19.962
10.1584 61.381
38.102 -19.8256
-48.6758 -30.0827
8.6888 63.1894
8.1128 62.6476
-52.8912 -29.8332
42.9012 -22.8153
-52.6545 -28.8491
43.3241 -20.9673
6.7927 59.4876
41.5839 -16.9446
40.1765 -14.9909
10.1101 59.258
12.3764 59.2197
-50.6243 -32.3959
35.0628 -15.9585
37.759 -23.3856
16.9717 61.4825
43.2025 -21.5399
-44.9864 -24.9733
-44.1404 -27.1325
12.6528 59.4156
8.7126 60.2829
-46.129 -30.0968
41.0411 -16.9433
13.7346 60.8247
39.287 -19.1486
37.3266 -18.9599
37.729 -22.5305
-51.2812 -27.9834
6.0221 58.7642
11.3608 61.4121
37.5685 -18.7991
5.3787 62.3325
-50.8703 -28.756
39.2626 -12.5292
-50.6142 -35.1929
-54.9036 -34.1857
9.2901 60.9045
42.6909 -19.214
42.7464 -18.4961
2.2134 57.0005
-52.9787 -31.9663
13.368 57.0637
-48.0666 -31.1635
15.6166 60.2518
6.8112 62.2181
37.0531 -21.8542
12.6897 57.6592
-51.8967 -30.2852
36.8911 -16.5378
41.9472 -17.1894
37.7391 -20.0769
39.6632 -18.9288
8.7221 59.2939
40.547 -18.883
6.998 56.5305
-49.1707 -35.6344
11.3281 58.8195
16.3365 57.6368
-46.5984 -26.7902
40.1694 -22.1866
11.4875 54.8566
44.4415 -20.5184
7.1074 53.8774
-49.3274 -35.3151
-50.4491 -26.3366
15.2151 59.9973
40.2881 -22.1296
-54.4274 -32.899
11.7168 58.8566
41.5714 -14.2269
38.9719 -18.2816
-48.7052 -34.5334
36.3838 -21.1568
39.9188 -20.5172
-52.8546 -30.4419
43.7483 -17.7037
36.6377 -22.8274
4.5264 60.8368
43.7631 -22.9409
42.8025 -21.3644
-47.8677 -30.3675
-46.1874 -32.8162
-50.2864 -29.0367
35.7496 -13.3507
38.3319 -21.2043
39.0942 -22.5673
-52.5355 -32.2728