2.613448432595 -2.665094879013
2.572200953149 8.161606989611
-8.133458332418 -8.018653610914
3.730646194549 -6.758755423230
4.447542340804 -2.989935318332
4.576514545634 -6.381018719850
5.737467231423 -6.958736817595
-9.939020467857 2.999864529615
3.496910481249 -3.367695369529
4.319539019921 5.593964287992
0.463112154446 6.674001403158
-10.898277868678 6.178806190916
4.408005872641 -2.464131051419
-9.546161352863 -3.330640341444
-8.323721019981 -4.381883695616
-6.978559612171 -6.179892919350
3.139821902694 5.085217347180
-11.552658185254 4.188714107798
-6.328893496080 -6.165932972509
-11.279774831308 5.937689016402
5.590378130555 -4.973955685815
-8.980408999953 -5.773116675781
-7.444632937255 -4.363444146833
2.019817243472 5.326290356076
2.957415781739 -5.075746350877
4.805483135901 5.820098259343
4.885797094204 -2.988742610637
-10.356328865538 -5.082675409699
2.788526351950 6.609472133272
6.623916307280 -4.739203436840
5.381773829358 -4.095213419655
-9.406293329748 -8.121322152802
2.952542815759 6.250467340093
-6.044564345819 -4.051965238851
4.658284035682 -4.545012305166
-9.080659112003 -4.757308960311
0.716300986181 5.404168183394
-10.727335847308 6.000497196555
-9.781510056464 -6.233954687427
2.309236695276 6.482493035005
-12.570598478443 6.501698933444
-10.797969765906 -3.385302003323
4.003140949168 -3.357792173740
-7.390960130307 -4.847895962748
-10.869868630750 6.156035763623
1.081396242487 8.699259762907
-7.697376203100 -4.653686663609
6.340892606420 -6.565984832142
-6.199372160382 -6.844521941225
3.913686091361 5.184561115374
-9.121848651573 -4.277625121104
2.698436272732 8.179460988520
2.977499827538 -2.504048007959
2.550511400046 4.652608280731
-8.961497048718 4.835617057357
-10.668119442610 6.279187081671
-9.692259376598 6.901591018303
2.642557803934 -4.897048228418
4.336681212133 7.973788703420
-8.736126720821 -6.395117308756
4.101991468532 5.417602256995
-7.282707916228 -3.762047840041
-6.850010641150 -4.803124332211
6.022365027943 -2.855572951625
3.512465700137 6.650668489922
-6.796938401855 -4.827298292362
7.448908952626 -4.751008451399
-11.362248443642 7.197741127623
5.026685962518 -2.902560355971
-8.862580296830 -7.666159292201
6.362020546908 -3.317766605483
2.234231479693 5.956635726285
2.856942375189 -5.766154336415
5.612796871271 -2.881565519021
-9.384948650522 5.850983277758
4.313272412307 4.934241151426
6.560804743005 -2.738904217283
-6.121783239700 -4.574200894327
2.036104200193 4.332471816111
0.067403766403 8.437048338813
2.831066529167 -4.777653466939
0.842639875124 6.229366848686
-8.799126055712 -6.040851128428
5.821162628354 -4.089671050112
-8.172416751167 -5.606980941316
-6.491588583410 -6.470458051523
3.787380544957 -2.937745997671
-6.526164671725 -4.298161437915
-7.286383408031 -4.863995396128
-11.297322183801 4.311885691315
-12.465367894616 4.759736167468
-8.191190443525 2.845054725936
6.321772183554 -5.038176982427
6.643815739889 -3.499221083955
7.190214069614 -6.018787753725
2.630106434850 7.456640323404
4.672337512508 -5.486104660053
3.088516005630 -4.060578448306
4.701682950319 3.922887081747
5.779512792056 -7.091917566828
-10.008425850180 -3.597765756498
-8.350409980412 -6.655123086858
1.569435678815 4.905076241969
-8.666300744164 -5.150357006132
5.979711295095 -3.198298683524
-6.276061350632 -3.351015197786
4.398396976340 -7.277415006880
-8.787507001328 -3.693681850095
5.434274618303 -6.917468541282
-7.975989201559 -7.041039660909
-8.571012709827 -8.219861648560
6.421057123417 -2.579967934075
-10.620741863674 4.232869108704
4.707201619960 -4.543295356764
1.872785981773 6.070605260005
-9.192048469298 -3.570218538304
6.683361837634 -2.815770550110
4.945781924795 -6.237234160686
-10.613114348854 -5.559348534775
2.128705824965 4.296505866917
-10.208523339783 -5.313916552120
-6.357101733833 -6.276327043013
4.147828898173 -3.310990047614
2.546244773343 5.967958592810
2.679107968862 -6.229651981940
5.033042126986 -6.084398376936
-8.615097734355 4.928895685308
-6.391667292969 -3.315591654620
4.995283885147 8.407630840283
-8.889138824611 -7.749056835940
-9.822437175337 6.971979314455
-7.699557186879 4.984452788207
1.472391393256 8.577975915664
3.188189692264 7.408130197902
-7.901131728409 -6.395677980221
-10.509467133647 4.915606531882
-6.156185069262 -6.683519112284
3.753304960462 5.762084784732
2.997251407199 -7.309546705239
-9.261138500907 -6.840849639732
1.065131158700 7.809462434738
4.121221267240 5.268803585041
-10.956356008857 6.413413479123
-8.437787490572 2.519600492456
2.773193668718 6.157937502126
-10.809436300175 5.500059738466
4.262405491413 -5.130127643592
1.366724339694 7.582261841035
6.310639946158 -6.987567964831
5.786124358414 -6.375009444311
-10.265775448454 5.785555568288
-7.585718129023 -5.965474164978
-8.585887696318 -4.090504433409
-9.039706852429 -4.694392190287
7.374224083530 -5.644938044371
3.701322863633 7.432897539355
6.824086825913 -5.249691064612
-6.642949504399 -8.229280748365
6.024300881435 -6.002043606929
6.133195593686 -5.482786787762
0.742467247784 8.585588490047
0.597602847523 7.975608057175
6.371179230894 -3.496359880714
4.100540782068 -4.406515863406
4.934214331416 -3.677414160507
4.428310681456 5.299169898760
3.507600726021 -5.582536312175
-8.878805771400 -8.237973959893
-7.906398513628 -4.351429890855
-10.039029091419 6.511586864500
3.408040684540 6.593587693157
-9.265893683795 7.116453333656
-9.118390564921 5.502780244151
-11.578560213130 5.194168730712
5.933245398190 -4.214324426633
-6.961615830901 -3.382964239527
-8.296375779946 -6.244414758520
3.194414560775 -4.227432006430
-10.322148271659 4.713479417225
-8.531455271905 6.009137468438
2.725406896444 8.581558253510
5.423267994781 -4.815480952525
-12.495419932519 6.132633688626
3.592320691151 4.232010640682
-12.409906938044 6.096134706769
1.796947011199 6.985347383673
-10.579002523752 4.891247599197
-10.458442010489 6.084492303845
-11.169974356934 4.645715662380
-11.404083833771 6.306672403352
4.837227971796 -4.861835401445
6.310805478481 -4.830503164992
-11.880694194085 5.135088610484
0.425247546964 4.595110288313
-7.767586949145 5.942778450430
2.808468542569 -7.252276979932
-7.420376799378 -6.000438857477
-6.488053476510 -7.919869955254
1.127183732796 4.047962163800
3.150993335374 6.253671515529
4.908218763819 -4.657566002112
-7.404692571119 -5.636670383955
-9.710455874938 -7.013493194443
-7.381565549545 -6.519853054198
3.348401047281 -5.393491147845
-10.016767885636 5.151772600815
3.538549783567 -3.092221405859
6.605475078010 -3.796072671576
3.294649741380 6.796984345720
-8.448526457269 -6.146762398035
2.583795438343 -7.214594631342
-10.293118260647 7.067221960815
4.756340022041 7.931654454505
4.795908410275 -3.680343287861
-9.234362916834 5.732373001751
-6.537013067682 -7.151825299395
5.919368301396 -7.190179652590
6.550765402601 -6.606797282968
-8.567759956444 -5.342109221144
-6.006940259319 -6.854028346617
-7.788392103049 3.703225036789
-10.142002560016 -4.777634193707
3.570669589938 -3.278987440051
-8.562944356743 3.604049418223
3.893566521784 7.486769891686
6.490848055308 -5.418859997661
-8.590342857838 7.448003655293
-10.495818553166 -8.077702064355
-11.649727893622 3.101813384381
-12.390192527249 6.260543318074
-10.189806268762 2.697580485375
4.423327241501 -5.242293119996
7.139414444161 -2.921898006147
-8.476907563776 -4.989671376978
-10.621555898821 -4.984000209740
0.183450809419 3.855482274521
-9.864790949467 3.053456504775
-7.268686432968 -7.942797079836
-7.786480800753 6.962526650238
6.489220340422 -3.207700606685
1.451643150485 4.862120126171
-9.736930065318 -6.658051911843
-10.568298584164 3.689817352871
-9.156264491487 -6.278901255670
-8.459911519224 -4.344478347314
7.208491489552 -6.644372690602
-6.383651435285 -5.647267337115
3.663424250853 6.156974214064
3.601067459827 -7.304593163760
-8.535571194237 -4.677771444682
0.428912229572 6.079296266612
4.188600637542 6.769122845514
6.068019239234 -3.437752026659
-6.721348056453 -6.340865465087
-9.431276779575 7.143715909286
2.776453696293 8.105305184723
-9.913992794711 2.954888906136
-10.310052269937 -8.063021822830
1.106635287964 7.606627848344
-8.689092252145 -6.334962533267
3.987177533219 -6.990149479542
-9.240804557010 -7.607937372856
-7.870508568340 2.856248946228
-8.643121375189 -6.448644641054
6.435772046706 -4.831410288970
-6.307483750843 -7.727582699376
4.562413410719 5.076446875359
-7.966136643593 -3.499326797275
4.071818467680 -6.585232564542
6.395880528972 -6.762961069869
3.221721162169 -6.792450505058
-7.525941236959 -6.773170829758
-10.396256289502 -6.010872442397
-10.135230349268 4.998891735691
-9.231584477318 -6.538459458412
5.139088822726 -3.993164700409
1.035258989021 7.762357753353
-10.990645035227 4.448560621452
5.763260410162 -4.711776329857
-8.310117630829 -3.404948572082
6.553479732050 -6.060793301546
6.326977036037 -5.539386163697
2.699445644680 -2.483383807996
4.013771376785 6.233981236020
-10.703762524786 5.420208905423
2.698795543648 5.351412911719
5.119081340643 -2.762445195460
2.612838048913 -3.257221759778
3.778409606746 -5.382028436680
4.208901747661 -6.725064558244
2.903398957895 7.627710769793
-9.999065770361 -5.100129182438
0.130034713180 3.982285413876
-10.788274908182 6.027659938323
2.670051028567 6.811566003464
5.621522042721 -3.380717837838
4.290687596530 -7.279306334128
6.346448764200 -3.675155050359
3.674566363364 -4.482675747988
-12.337102597251 4.269641055640
7.448369376783 -6.458534115923
-6.097637371293 -7.301970442684
4.683116681288 -4.321045546771
-8.618729937924 -5.637031110654
0.531608823863 4.724757541086
-7.608741516231 5.851212342515
-9.207891897104 -3.428432980194
-9.588468280426 -7.377025981548
-10.625510714344 3.393329674195
-6.963588199585 -6.215690268815
-9.040893068956 5.849093842093
-7.951110327883 -4.443556155499
2.090407008029 6.479489656721
-10.017095266612 2.517827485856
-7.645521063112 5.243511374230
6.939021901534 -3.400573836003
4.252102113116 -4.245399721877
3.151605935202 -3.647695602528
5.060512171346 -4.775051956343
-12.057574603854 3.327661725849
-9.845579037756 5.872658275472
-10.320291721025 -5.983687214535
-11.247633501798 5.531712711903
3.031439518728 -6.675320562219
4.816839692058 -3.182765870384
-8.134539138155 6.835596132270
4.514733076052 -6.790014068746
6.472447229621 -6.418295329138
-6.884503200355 -3.439559786769
3.604956863846 4.325856700374
1.774589314417 4.184124144735
1.709553232629 6.203617820390
0.447189165008 8.436286329117
-11.787586933885 2.905656065480
3.286451698521 -3.964546981064
1.028839765256 7.962707665663
-11.356543783584 7.135626314192
-6.710839370714 -3.963529264916
4.514195760086 8.663922242421
5.610695880663 -2.658273544054
-6.731396972841 -8.174881112312
3.521548579278 7.853305889798
3.148070629018 -6.594739051739
-8.989540559505 -3.535612122157
-11.025048471261 5.146656938556
4.845203253243 6.245900948442
3.611171210909 -4.449107392714
4.724813700629 8.076294922380
6.404833409011 -7.124070543118
-8.124093151720 3.799465525632
4.852176413721 7.294250678496
3.824096484526 4.682631364208
4.827167667946 4.306764976373
-7.601713698793 5.339365989141
-8.701819348567 7.309512967713
-8.332118970269 5.759699535300
-11.185379323481 6.394439916606
4.767689581066 -6.710244412105
-8.007042798638 -4.359057638276
-10.554853840965 -6.998204298869
-6.349597877710 -7.750603760274
6.809593380353 -2.853823856736
6.470204904932 -3.009420418683
3.359796333220 -4.748423794857
-6.305400079678 -5.983368896144
-8.765660616474 5.245030185896
4.257935453215 -2.611673427587
2.745956765716 -2.772479728224
4.094894921841 8.581196500708
3.509773368891 -3.487983604958
-8.150506783733 4.773446880416
3.272553032145 -5.759780309615
7.121628072504 -5.648808926371
-6.878535371798 -6.162091355069
4.132171072077 7.852417360750
3.074286043133 -6.643723195029
-9.487666886089 3.940846686145
6.666304796226 -4.723192495289
-6.461037360306 -4.813822296085
-9.773770109503 -4.774992246185
-8.518421954631 -6.348444926611
-7.469990023929 -6.311679692822
-7.553922682689 -5.225711144820
3.035282901398 -2.893708237622
4.293459985178 -2.961125323458
-8.675149744262 -6.319009476492
-10.587822991019 -4.321903155222
2.974822141019 -2.587926487393
-8.531222822356 6.226029556309
-9.271099453847 5.620787873207
4.621732682532 -5.447671294529
2.361981053621 8.148340339860
-8.805559017449 -5.126913316042
-8.405457247937 -7.137022926720
4.554883447648 5.740505237045
6.785945635295 -3.067821827352
-11.924206313644 7.027203764713
4.228990119583 -6.498952047606
2.610505625563 5.736421600337
0.790255151398 3.823076258801
-7.692108984279 -3.657290764409
-11.506153245002 5.097943162358
3.345818121638 8.145564174238
6.876872531717 -4.620256835999
-8.479615369093 5.772402705562
-1.250000000000 0.725000000000
0.115191953471 7.740343351234
-7.938880841020 -4.455226544707
-10.144087611635 -6.774989250277
4.396730082956 8.126733207066
-8.975104805770 -5.884692442447
-10.471589198440 -4.290937836767
4.074109340469 6.364914419788
4.471475130526 -7.080067924947
2.930780330989 -4.744984680112
2.779132558642 4.637498120274
4.555523935486 4.732189155961
-9.042104358083 6.622399068921
-10.277110355425 6.720440880599
5.829982523106 -5.090913731254
-9.015399313318 -5.043468822427
4.563590674634 -6.019907144473
1.459767682396 4.549139912680
4.615009122291 -4.886541104179
-9.642604185238 -6.282921830988
-9.796239676446 3.884188661146
-8.434483169619 2.976713323974
2.527579804471 8.565132174956
4.165456066413 8.373225267109
1.348207122265 8.011479288361
4.923687102758 -7.219004987557
-10.591189006730 4.377517747159
6.758338124013 -5.886323408227
-9.723586695723 -4.815800400727
-10.343374170086 -6.088164227241
5.439413098199 -5.575128645441
-6.106598799109 -4.190426376269
4.810197832399 -6.630446964060
-8.870885062818 5.671214105167
-9.410851656671 6.507117222217
6.612380594347 -4.876384623588
7.054061604470 -4.696147303383
7.423295606164 -3.429685820384
-9.075906350772 -4.139649203052
5.406527319698 -4.604049085222
7.436823549068 -6.622067824234
0.663750746944 3.844599349007
4.367344053235 -2.894305123364
-11.398422035374 4.539970172163
6.647927132636 -3.321246375495
-9.952767349302 3.361098687662
-11.407071937965 3.152052516558
-10.512886274923 -3.562849750432
-10.123199887654 -7.104208749300
2.987365832866 4.607273029227
-10.451614967382 5.221539861798
-10.658330892849 -4.801841490627
3.483438751854 -4.953225809096
-11.727304378368 2.643089120511
-9.225232573995 -6.342631024225
-10.832477382209 3.113151516169
-7.519625202690 -7.451769008938
6.185327805773 -4.646316111637
-7.748038827359 6.480220134207
-6.342126474108 -4.793632051238
4.809785107302 -4.158775370279
-10.054717596018 -5.452874909609
-9.543787527228 2.594397953918
-10.536179659908 7.199252550106
0.302972951980 5.719572175568
-8.041247634733 -3.307719807733
-7.114192165714 -6.504601577943
-10.440633990192 6.063228993130
-10.141412481869 -7.212640466866
3.479955124209 -6.381556666771
6.226432187546 -4.794568916634
6.684850481565 -3.500420900237
-8.567198880153 5.496994193225
1.009944592347 7.658912677245
5.758825630884 -2.493290301957
-11.136068844843 5.047098374046
-9.417637858045 5.090338591999
-10.916608693844 3.499396345372
4.402756826911 -6.919309010694
0.554231755448 4.692898662881
4.716371022331 -5.066739901931
3.988140686111 -4.499977522034
-7.794755370516 -4.742313535918
1.850287908696 6.693293686914
-8.936071710721 -4.074905050240
2.934812454446 -7.224087929828
3.059006252245 -4.122658745879
0.771561010119 4.511878272609
-11.124557194989 5.874379767959
-11.024140640126 6.954883986370
-7.438524342217 -6.415396235642
-11.304734333459 2.627954949350
3.807586617825 -4.377565372037
7.196607617591 -3.325217330161
2.789098339016 6.651043661424
-11.596245353651 4.642801197483
-12.424786185127 5.841653101218
-9.074284529571 3.187171486619
-11.053765264497 3.497984365080
2.786444605113 -7.068752136830
6.289131741528 -4.146157709721
0.823421086499 4.115438742052
5.395059587325 -5.167289057617
-11.499844876032 6.061653027094
7.040851707394 -5.349536757259
3.922864559314 -5.645651796583
-12.468863921426 5.233553801308
-6.297145557443 -6.834969366151
1.622734829522 5.235178055510
-9.537444380406 7.199722443974
4.546388258585 8.127041779350
4.573146328748 -5.854708820997
-7.781247444736 5.070255995780
0.173636749535 6.877258705708
3.421767662411 5.567458621291
4.098991421171 -2.478940597741
-11.425194745535 6.748036993607
-10.044917238826 2.940383679113
-8.317210690710 -7.728628049343
-7.909305072326 4.461690902527
-10.674677781536 -5.900278911363
-8.692775999602 -5.838468706344
0.825060394067 8.356319627712
2.738394794122 5.297063626023
6.043062374959 -5.550201319234
-8.567131618659 -5.507159341410
-9.652991417648 -4.672921565497
3.072480073216 -4.039438483675
7.200099512279 -2.881603659588
-7.975300957988 -7.088719564515
5.454040406732 -4.085225050663
6.340200593814 -3.219808115020
3.746923940763 -6.615997778212
-8.486988972234 6.935545725790
5.532699191733 -7.092422176766
-6.682938292293 -8.051575303847
6.933407155148 -6.044728311777
-6.057098458696 -5.173817409325
2.544186851139 8.120843541909
4.538571813559 5.782299112767
-5.966294849364 -4.530487922272
2.710629038799 4.104634355314
-8.539736184308 5.905230131482
-6.367894907125 -5.391094744429
-7.823576029578 2.961459964484
2.275112191654 7.678350646506
-9.066862552711 2.706498317863
-12.392174594419 3.207572638149
-10.507925463163 -3.447903270502
6.558470630046 -6.135625928299
4.545963599131 -3.909848317115
-9.670870733965 3.011800934331
-11.167955999291 3.397830256145
6.218129956723 -7.160551028793
-8.265623148847 -6.388844455479
0.754138355830 7.902511850018
-9.073251813048 3.878502795501
1.520215654919 6.398011327155
2.844304329567 -5.732526011954
-12.461154044999 3.863276095766
-11.024016231098 5.945914027611
-11.169730364466 3.690751067966
-12.439608846704 6.154200215304
-7.923730197454 -5.805144888110
-10.670824755475 -4.988381461327
6.299385358758 -5.548423535241
-11.613749261144 4.973349707501
4.538692181435 8.155823731339
2.788668993998 3.987098928993
3.903428395924 7.765773771227
-10.109950976184 3.104549432298
2.736258412902 -7.004920512010
7.136552938585 -4.739705345630
-11.590795861279 6.359730440953
6.955111956851 -6.900032065397
-10.804959634704 -3.562725586623
3.066574576463 7.925915838247
4.061133279310 -4.956205465804
5.931190411576 -4.126992096615
-10.165676302137 -7.512684265131
-9.665869269094 -5.983205682381
0.263794420256 4.151166046338
6.835037572448 -5.720908059263
-9.711340606648 -6.205972885195
0.680261248727 7.023421497751
3.876822286086 -3.460200014868
-8.240985246592 4.122464865599
3.485325823175 -3.744663210793
-8.094494886465 -7.589463114870
-8.235460384788 -7.309740725896
-10.541076465154 5.704645943757
2.876465025178 -5.096391457975
-10.536687152780 -4.573313729689
2.114409406840 5.276588557696
4.145800645488 -6.587870148967
-9.834017945877 -7.765335419678
-6.319446248128 -3.963595250829
3.337134326873 -5.170427989283
6.763904678369 -6.944956254615
-10.985996307712 7.440682161415
4.244666888230 3.908218043019
0.879923888597 7.470307105592
-8.392768644942 3.651895548974
4.862540698499 4.079964881976
3.847483243367 7.315960414153
3.054363944614 4.189257510387
-9.887342086784 3.099193162385
3.660903075221 -4.881045487355
-6.361676071730 -4.477501574081
-8.912945555889 -5.022004859526
-10.148412357031 6.853803152312
-7.161648444106 -8.265363356458
6.801116029898 -5.136168841304
4.944532067987 -5.593537165275
6.005602913384 -6.954702188158
5.545094313168 -7.297235424025
3.677352842352 -5.915789458273
-6.232517728160 -4.731229683613
4.086954335143 4.993984176511
-8.294993534278 5.114459909125
-10.946239659338 4.656347304201
-8.108105046809 6.158707508831
-7.716550202799 4.283019062898
3.440978796204 5.986615533496
1.522208631312 5.103680482999
1.428462206212 8.137615930848
-10.421815578067 -5.872612685659
2.550435450326 -5.573000158905
2.619968968521 5.056141169279
-10.018762592034 -7.727536251962
3.893569462210 -6.244661739890
-9.882951772405 6.791465336905
-9.097360084715 5.934786370083
-10.511247398082 -7.565214528186
-10.955774175651 3.519382535537
3.990942116214 -5.214374536289
1.557867747530 6.431377330806
3.341586727293 -6.730986793505
-12.581269526491 6.691943419289
-7.357245840911 -3.611280025656
4.514416457577 4.891023227195
-10.692050875518 -7.798152056912
5.699233979226 -3.198438121454
-8.201495044746 -6.871512912264
-8.330017068339 4.320384053324
3.020201177700 6.055613573813
6.577093894549 -3.754801860910
-8.650525891142 3.277935150648
-7.431446465319 -3.944847980698
3.588569128864 -6.401135891043
-9.674599729162 -4.842275385037
-11.710322116015 3.844283615881
-10.798639480903 -4.369476037818
-11.540719715232 4.136934683178
-9.275015833749 4.626160579381
5.521654188794 -3.030496687994
6.722775805290 -6.378014384772
-7.837869462252 5.018682774658
3.471695473509 5.113167587567
-8.272005585041 5.631243841271
10.725000000000 -9.650000000000
6.586199176835 -7.189985901241
-9.618135251905 6.530293999221
3.478248534188 -2.698271030629
3.773626588045 -5.995072210412
6.727853184221 -2.817538323241
-9.734335935553 3.890917558806
-12.194360757053 5.307466175520
4.903755210897 -2.964007242786
-6.449632062786 -6.842309768115
6.927401175086 -7.331196459848
1.078520713521 7.873902823723
-9.887707174785 -4.014186665772
-9.399184318848 2.843432980427
-8.409007868085 3.737784172492
4.165832276874 4.225158327112
4.449571012693 -2.666901211932
1.138951922585 7.187017412987
5.051426266612 -4.969644080964
7.135316842642 -3.936831759404
2.910279694106 -6.698047027062
-10.994294317405 4.849863441742
5.685657930010 -5.668578177364
6.946875803808 -4.885785325015
-8.914560576880 5.887525490101
-7.722111192271 -6.675323116936
-9.325194603237 3.258980362398
-8.160212382246 -4.941754341565
-6.125537823962 -4.347899156649
-11.119065907581 2.740691942291
3.524634050968 -4.330452895847
-12.591003027979 6.510058184430
2.644589289357 -5.669394405190
-10.035416287039 5.333140462347
7.255359120191 -5.630042106240
1.611347972017 6.899883054017
3.294009427598 5.955488745744
-10.737109771435 7.370912440875
-10.651399735406 6.628552387370
2.715861139256 -4.879373798050
-8.544448178781 -4.133070357782
2.774165815600 -3.416762909812
-6.186336857696 -7.394860986978
-9.895322514568 4.813496775796
5.619408689313 -3.752457633891
-6.797366332910 -3.606217025126
2.172023754387 7.907667426742
-10.532793586494 -3.947579464857
-10.232589092257 -8.155364336429
7.408448148509 -5.427521272103
-5.965652654254 -4.058926672525
2.766848374404 -6.931875168990
0.735380249113 5.556064036614
-12.237675102701 6.819645353100
0.603232156233 8.141816152309
3.270899052021 -4.774243030619
-9.447469994713 -4.192768737080
1.248009448981 6.302447825757
-6.936520974185 -3.652102396373
-7.701888250139 5.076109690502
4.126475147996 -6.305014284651
-11.196594514584 5.223701876517
-7.846237924181 -5.901041545168
0.217027664531 7.859731534059
7.385256725137 -2.770151093737
6.082923327756 -6.283271670634
-7.894550461494 -3.979305308737
-8.695471743243 4.992268203999
2.776048334129 -4.359451750339
-10.399085028086 -7.894502124731
-10.577879982279 -4.650405651074
3.723585838976 8.103732529849
7.361297916679 -3.519056681130
-10.686528363083 3.087964497458
4.745401462231 -6.171125350452
1.615264792297 5.032499301187
-8.755701939223 -6.550810559638
-9.023790743517 -6.650443529344
-9.223365057069 3.738330195903
3.080681344528 -5.571683437580
-9.808858208836 -7.301087672271
1.088635869927 5.103318824381
6.297620715596 -3.146989686305
7.127318739728 -4.768754909586
-6.153314654340 -4.885306399766
4.210415865519 -5.913434734180
-8.898627575255 2.992422881285
3.890919190932 -2.913544959138
-9.674491240872 -5.480706930889
1.732671627448 6.134362758233
-9.141471864436 4.101776751537
2.044824114139 4.040749207677
5.960052701187 -3.932018714152
5.507365452790 -4.259803465373
1.779205455961 6.905558062120
2.770818674843 -4.095396101509
6.974962671572 -5.036605903025
-11.042238521820 4.288288325168
-9.011811013689 3.285184390421
-10.356408905452 -6.533326893449
6.652477296763 -3.564890193748
0.215775939316 5.221308402392
-7.173400454960 -5.382428845518
0.671775789397 8.067515977281
4.456256839265 -2.944353598120
1.957981254475 4.633940216127
-7.158519643174 -6.178975724750
-9.164417641388 -6.375293015151
1.818670702457 4.483881071092
2.773725942174 -2.984690526468
-12.129755910530 6.028629326337
4.699377844703 7.701585102839
-8.132534314040 5.004658174462
3.168407307546 6.639366175683
-8.134511134431 5.146215222593
-9.472323936259 -7.548283638715
-8.359502669767 3.995042461927
4.077407923429 7.453320017670
-10.183475211970 7.318135435780
-8.369431100951 6.692445100075
4.283081689621 -3.780767313612
-11.833257354370 3.877238546532
1.168352349416 6.359576362323
-11.497822476764 2.622878735766
3.188185192577 -2.618874137797
6.332250229875 -5.395438086170
-6.384924772381 -3.860372770522
-8.949662016934 4.129561922891
3.768414834804 5.746860186123
4.634070777307 -4.871142520704
-8.019901278160 5.220637252288
-10.998160480184 6.166868513036
-5.908389138730 -7.188751236165
3.479111626814 -4.482809128008
4.020003112011 -7.138654750200
-6.152273879036 -5.867625153796
-8.913458141746 -4.970571245620
-10.178386893256 -4.238847805199
2.730629984532 -3.176986861796
-9.480718509207 3.413076760292
-11.005634704449 7.019285685560
-9.000998990286 4.324789104777
4.446064786730 -2.954134189847
4.563898409247 4.092994883247
-8.053883988214 -7.098465565227
5.748051017037 -5.759294514006
0.510190952660 6.945080684832
-10.610454381833 7.158826608370
-7.094236969284 -3.532476220786
3.378689182656 6.776898526659
2.088747734797 6.791778441519
-7.644212652179 6.665309485264
5.561414152894 -6.955293589380
-9.216123751290 -5.593810517532
4.968752107074 -4.873018776898
5.759541156549 -6.485696829290
4.846960542673 -4.870374772157
4.503731269045 -3.526935803998
-9.256439589457 7.357077300334
0.405441819190 7.341368031629
2.357821409435 5.350340888956
-12.259860250467 2.471216555157
-8.791569505101 -5.601280103908
2.321017538916 4.731362936963
0.828078956569 4.909041746920
5.988860614820 -4.509344375515
6.588935586064 -7.220996806659
3.668855664238 5.692979496121
-9.028323220098 -7.778047916095
2.063760267734 8.287337556790
-11.553845245159 3.413108818523
-8.612148566629 6.050216720806
-8.895907985298 4.556886507394
2.969254976608 -4.066634693256
-8.878016845003 6.476838239750
-7.362637415677 -4.746371936691
-6.771044419108 -5.135921927727
6.243366029242 -5.594330062961
5.007894400452 -4.842241587800
-11.517622725558 5.719691833545
3.895002106643 5.544791162075
3.133812420144 -5.062828736856
-9.498911414869 -7.857036071021
-6.115387354443 -4.419212016120
4.513935328687 7.923736902702
-9.333060402664 -3.611466474478
-11.170160183803 4.382181889531
-10.440246803030 6.260824459596
-9.669784670186 -4.398814425300
3.082505009606 8.395495984425
-9.950399119625 -3.693996693445
2.334645313105 4.607904660818
-12.591846788651 4.234543141360
-9.025630439799 -5.131343633523
-6.648037695184 -4.339688454929
4.490849193828 4.376899294205
-9.505261220733 3.356620261283
-8.917272149134 6.493201214520
-7.358509918865 -5.680249499655
5.448712817067 -3.471714718954
-6.864375042100 -4.918284542218
0.871243292399 8.400370031030
2.812817497942 -2.834821022109
-8.895274038175 3.992273722848
3.376382088951 7.996371308050
-10.715050903985 3.983177254450
-8.034022517191 -7.329284043565
6.515560870691 -7.140425159298
-11.073711407331 3.999878510768
-11.712943936268 2.976985284954
2.698767320454 -6.468477140634
4.448376893972 -4.547933978525
4.015870432698 -3.607918944645
-9.899444849980 4.629372848492
4.027649158506 8.505357125765
-8.981017470859 -7.439795461255
7.446943568147 -3.897112074340
4.626038262656 -3.908477855330
3.270874976073 -5.275460440636
-9.649603357568 -5.142514932434
-10.295444858287 6.084360304261
-7.929261528833 -7.018791915594
-12.050839252885 5.720824869141
-8.243130379770 5.163013713267
-10.751108019442 -4.773211454981
-7.422695793354 -6.932824344513
6.256918633707 -5.319480942444
4.096818854183 6.032793842183
-7.604323657820 -5.688617207447
-7.866164056425 -4.360044951826
6.501577689731 -5.837115467246
0.300352680527 7.976387320311
1.761636297354 4.632284406129
-6.621001647651 -5.537331600719
0.335026443983 3.954351527690
-9.789973840036 5.189028365841
-9.489870632928 -3.540818494173
4.287725109262 7.374481295391
-11.242238297521 3.543654947369
4.490433769506 -7.194904437909
-8.831583127421 5.070053499458
-11.006519388172 6.211949945286
-7.605872264958 3.009099610769
-9.516881950063 5.165213201322
-12.051863016102 5.424321081167
3.145640212587 4.068400490033
2.649570758641 -2.436282343830
4.832151311522 -7.026510168929
-6.710143990902 -7.731901109578
5.069926333655 -6.984044194763
-8.702519965190 4.428094025548
6.900628966395 -3.933342208345
3.517137984412 4.734677120650
6.714822105893 -6.913411042733
-11.937843503148 3.795711354141
-9.599621945306 -4.228531232805
3.961742788900 -4.287205180628
2.391793745605 7.274698076512
3.662356233367 -6.117596589605
-8.791298256916 -5.517552373973
4.464507475456 6.518221012235
5.876923414011 -2.655050467009
-9.421572717389 5.238529736709
3.297396987044 -3.298375270664
5.301096605810 -5.662958905811
2.643739439694 -3.952198476469
5.211465587432 -3.064061183958
-8.438356910479 6.690605961371
3.027256663082 6.652495561136
-11.339000630094 3.735049164987
5.946946410399 -6.251650768481
-7.501153350722 -6.242678290411
-11.657251055838 6.843659142832
5.934403357659 -2.705439541094
0.071726128232 6.329104865326
-10.663328998444 -4.208714941753
-7.430238544898 -5.303072406222
-9.044295595377 3.971470302726
-11.035141352926 5.515951713501
-11.199205341229 4.032069064953
3.956837440611 -3.591969527690
3.517322709879 4.518498142066
6.566629542276 -6.511082139997
4.390390514182 4.193113227761
3.308877241785 -6.946819023832
-7.983665663209 -7.828628290043
2.546070653233 4.040395314893
-9.707685177173 5.575940551699
7.139046630796 -4.875475213581
-10.472542534308 -5.362416047265
3.140578072286 7.126892924804
6.192883392987 -4.700611725232
5.573303563362 -5.000550543718
3.721952483312 7.675982266469
1.875239460730 7.278260392006
2.827466211069 -4.904147918061
-8.651888482559 4.131183887035
4.417763401568 7.918418239388
-11.692546085125 6.953225610502
-9.222904748419 -4.440236119035
7.419397338501 -2.962034601564
1.779756590657 4.399020519523
-8.553839625762 -4.499467894034
3.753105005420 3.877391647490
3.737653520778 5.025809645459
-10.099480993148 -7.998763225186
-9.827093667733 7.194862082397
-10.599044757348 6.961514168682
-10.963914967667 5.049842125726
-7.535615680111 -6.035676725137
3.235264109057 3.802559951121
1.341836220528 4.789278533337
3.580653617160 6.862874399764
5.385418748940 -4.613898959185
6.226684495215 -3.768709027077
1.539354124985 5.627734629784
3.669576060424 -5.775989860640
6.083130970017 -4.367224660379
4.708639217783 6.259821441567
6.572178903147 -3.856119961939
3.704509715983 5.186166548501
-10.626026222376 -4.182327186459
2.875676821342 -4.586779829691
3.412809100194 6.140341816374
-8.573377431435 -3.649212115255
3.792134706863 -2.356475422368
2.491807303467 3.840887939469
-8.638214748510 -7.231485425050
5.369429063601 -6.933202612354
-6.197769795056 -5.776250274323
6.618665542811 -5.192668332328
-10.471209759265 -8.104673755098
2.527118488243 -5.495494025505
0.835339125514 7.683908818424
1.029831005668 4.922502819054
3.735584114940 -4.333706960464
-7.901425327551 -5.781280724693
2.977407746714 -5.267134298496
1.084707971569 4.849227736417
-12.151317885241 3.536202509682
-11.426237911106 6.858775846380
-10.250466256425 4.010873860509
-10.214101368094 -5.647197194061
3.355951713649 6.689515007460
6.150156613854 -3.933584880325
3.978747548068 8.296327518232
-10.976104299508 6.799492750572
-9.207948659479 6.261514939564
5.410773509404 -3.627339030870
-7.915785500728 -7.852202139070
6.095186007897 -4.852379805408
5.298076747841 -6.150157567969
4.302474791636 5.785787978165
3.721747713013 8.733216081662
2.317756162088 8.182992771863
6.912483513465 -4.578461317299
-11.534208632813 5.355240037754
-10.086319747463 -3.849645318740
-8.940331546017 -4.773382178846
4.500501411277 -3.218384472797
2.635090281938 4.352715235159
3.837727418548 5.441944127440
-7.420911950067 -5.935681574924
5.429175533637 -5.483478926535
7.175907414000 -7.231790649099
3.322081598205 -6.229620459005
-11.426184320271 3.402110917247
-11.102518416608 6.137556797507
-7.266585246486 -7.980937149502
4.596766157392 5.092788713555
-7.467646490521 -6.355959929503
4.029551224816 -3.094667763192
-9.645539732241 -3.856648712235
4.288396923420 4.327861922018
-9.910335416200 -3.542119874739
3.191327770528 4.266985962697
-10.409205440743 -7.839562431287
4.542855609521 8.376465546083
-5.914897440978 -8.211678699116
-10.286150204839 -7.893757838705
-7.224763765785 -4.591227780862
2.635504286798 -5.700445984983
6.057566990430 -4.235660754077
-10.592001645352 -5.778509685839
4.813496026521 6.473415871327
0.977975122800 4.474223427693
6.886242444415 -4.508504652818
1.966416206245 5.809983765914
3.449681777899 -6.742203182586
1.528627933506 5.459567356123
-9.339103348291 -5.730980064151
-11.065496988058 7.165192566481
-6.540339947012 -6.574885521639
-10.108299775316 -5.088951976406
0.980704725399 8.441210306488
-9.865929518384 4.001877430079
-11.425970682498 4.863442539950
-8.507764473636 6.841200576664
-6.875279177426 -7.577973380297
2.894846326953 -4.771568356753
4.323495415164 -7.269402378340
-10.191261964761 -5.658671601768
5.533076224544 -5.894357701190
-7.694808208284 6.602369863375
-10.032241191237 -3.862148694599
4.108549479263 -7.001358714024
-10.512887190573 -7.529970467214
4.286347553382 5.066085974248
5.869735534396 -3.644608384601
2.871787705557 -6.302305261862
-8.751430847454 3.050232590442
-10.251457699576 -6.517766995242
-10.085984598493 -7.932194674153
2.929185570437 -3.718707982445
4.014369825265 4.665397873966
4.249825301301 -7.213242106440
4.688468066083 7.526947851678
3.123402747417 -4.312574556928
4.056939496795 6.165479882591
1.943819597786 4.571070100872
4.359892654063 -2.767915841232
1.338211298218 8.521262388670
-12.309670779699 3.817193755233
-6.923067502058 -4.495577074996
3.873972186166 4.173695455154
-9.929115110528 -5.206350382052
-11.930768726472 3.054617537653
2.463476470464 4.820355051704
-10.643485115332 -4.433085498387
-9.408654296512 -7.169565462736
3.789658744216 6.173841784354
-11.356806548999 3.731282258598
-7.381317852171 -6.455898128820
-7.964381476687 4.234913717979
5.517192979343 -3.344590584621
-7.992234382124 -7.856582040351
4.904397444390 -6.522842511391
-9.313138976710 6.095954411585
3.358602329382 -5.061537496002
4.081486637121 -3.868024984495
-9.202934234869 3.303559287394
-7.486911391766 -6.512851136518
4.632281434897 -2.652311040135
6.456620136422 -5.338829485710
3.143300215650 8.764182122351
-8.610944088156 -4.797481530271
1.804517089274 7.384654209337
-8.135393595643 -3.399621154030
5.021526532696 -2.384706389098
3.939653527921 -7.136782647891
-10.080983280360 -4.083494129875
-12.595594233735 3.267413769192
1.805519352803 8.545403182577
2.856057088021 -5.042479713457
-11.218532541492 5.288119860101
-7.435806688094 -4.733775795369
-9.626368061691 -6.419795092029
-10.888036692747 3.175769122694
5.011490173664 8.433167166417
0.942316867362 7.441557759944
6.924448057542 -4.578962335375
1.550067789995 7.091811150062
-8.629499831521 -7.796258616090
-10.614166379179 7.285027558802
-8.800839465097 -3.597504728647
2.656548972942 4.051488641721
-9.564755437504 6.146585357085
0.563287373132 4.672900433153
-8.497177342054 -7.252829896645
5.291842758720 -6.606535983681
-10.846806860637 -6.894550024767
6.601366061415 -4.505615111501
4.899260245906 -2.612138953796
6.676540574679 -2.573010005476
-8.482503060676 3.348870156180
-10.420311075888 -4.570578101166
5.226036421530 -4.716150254755
3.439415310493 -3.342183077495
-7.189546807200 -4.579189518955
-8.304577006532 7.393971049795
-9.390565534627 3.273717423405
-11.432604910451 2.466253614470
-10.794975140976 -6.188200885195
3.513660892533 -4.569437361240
-10.511373290051 -7.080059867251
-6.691084966174 -7.788412871390
-8.847629156641 6.708610400795
3.872203728719 4.513979287211
3.096054826388 -3.802076907227
3.850460667907 -5.466437446354
-6.935546456876 -3.722175340637
3.118145107004 -5.412586356434
3.293479264406 4.682210784440
7.318825054999 -6.772066957154
7.163214623046 -6.382851645667
-11.427169981856 3.865673601597
3.454001537230 4.086269476939
-6.055537809938 -7.275561565355
7.153369663723 -3.369598862571
6.476779992678 -3.877877509521
3.278862940755 -3.560632849076
-9.860345115098 -7.035929965123
2.680426017311 -4.051497046535
4.151264183274 -5.049524567981
3.428561647242 7.192483486834
2.539824546493 -3.487765590802
4.377153178959 -5.033950375422
4.908382187517 6.062790209941
3.342677435200 6.390411526715
-7.065327692914 -5.379433698048
5.170742129566 -6.869217767187
-8.159299105135 -6.159138422027
-7.917716778575 -4.221599815945
-12.267069826396 5.207836489988
1.614974727796 7.692746898239
4.009902684624 -5.361289754992
2.649383365873 -2.876601416460
-8.015989402140 -6.321607442918
0.261043682206 4.777664579262
-10.496458959560 6.107339174311
-8.581956335848 -5.850737251654
6.459651047897 -4.419550753198
-6.743548289489 -7.703472978806
7.366162280367 -6.251037531543
-12.599088710298 4.342588537377
6.447216886031 -6.925647719616
6.023540616021 -4.232181738180
-10.825542110326 -6.787597374700
-7.612160947483 -6.407948897577
4.019818335222 -2.628854008072
3.661604301919 6.907573125968
-9.669513300043 5.009569841276
-10.823580288120 6.614570700818
-7.187623465182 -7.670917433046
-5.904210683161 -7.010323676874
-6.840209413950 -7.452045968616
-7.965432811269 -6.040448251991
-11.990185395299 3.955441105771
-11.123225944728 2.951243899861
0.991055477193 5.185856974300
5.913257652622 -6.540450267842
-9.254066220492 2.779818268008
-8.517473082847 4.013209959178
5.808814320610 -2.717353059308
4.880382870664 4.516407371167
0.214727135055 7.602662501125
6.219423894549 -6.748845019654
-9.514297563390 -7.040249374602
2.852827508427 -5.083207132320
7.029824790586 -2.494843024516
3.993313197496 -7.114280401027
3.731242427714 7.275805281136
3.013438329995 -7.234950012547
-8.769854054714 -5.339628484112
4.798434755729 -5.317156066249
-9.966516643171 -5.327602765699
2.596543712442 4.974296948796
6.203803539009 -5.471565173150
7.141732623666 -5.871484133176
-8.414981794598 -3.327415893900
-9.255682866502 -6.480015360794
4.484301960543 -6.677580665092
-11.191644697360 4.581710813146
2.862687616366 8.310017423777
4.404554343576 4.445403514982
-12.597982360413 3.557224297769
-7.693284353009 2.895824454826
6.722394374059 -7.119549013729
4.527647246684 6.756112505359
-6.731798579944 -4.340181653132
2.758725561479 7.102653172572
-7.637748893716 -7.010061029738
-10.879494544269 6.563644815273
0.836618915304 8.197281230317
-9.668344901854 4.944431093427
3.173922248429 5.001673586775
-7.431488975770 -7.604676590205
6.176592678431 -6.923862992838
3.807709617701 8.301515021242
-7.435823997677 -3.797507367255
4.028559124375 -3.419045978138
-9.980047610030 -6.897899482806
6.354595044934 -4.362197717661
7.146788148184 -2.847679351143
4.474177905961 -4.911415251030
4.568608224455 6.754728079990
-8.709661396768 6.089917882667
-8.712076745008 -3.491504308336
5.470769730939 -5.136159956679
3.139496445886 -3.859919296468
7.462960105363 -6.087968115732
4.127496175250 3.974035588545
3.069248598356 7.939000361730
1.031462239582 4.524595563223
-8.615252371462 3.108957059720
-8.058468661600 4.443830665904
4.425315242593 5.215094361769
-10.580424567250 -5.746641805315
7.427339087484 -5.426960979446
4.922094652303 -2.627741673152
4.416796195053 5.808943237495
1.084536793592 5.493512602511
7.169067547170 -6.486412255661
-11.063094660005 5.742082127994
4.870024075870 5.098960989841
0.385307282853 8.588192568614
6.004449697249 -5.047224360286
3.243833563870 -5.087420186132
-8.102511432972 6.943955225390
2.622671229421 8.714668098690
-10.261336470177 -4.600773697112
3.471146349329 8.482859433271
-7.800884630464 -4.583153519322
5.031883476415 -2.892212382473
-11.871428927592 4.182202085553
-6.205248078857 -7.299303893469
-7.887189958651 7.126424267253
-11.995500025572 6.931895260981
-9.362695137045 5.703904484479
5.975567568602 -6.182025005537
4.788970122574 4.552993619858
-11.425006535338 3.299300916042
-11.025952079109 4.769490387727
-11.182458384703 4.443260366658
6.032588673739 -5.890149949373
0.248286880381 4.143890395017
-9.669258252971 -7.647538472941
-8.797494066447 -7.549278867383
1.342058977841 8.627958592617
-6.810981302356 -6.897623627765
-8.103540172315 5.438170976267
-10.295904638326 6.976530382423
-7.637140935783 -4.651388412396
4.628071973140 -4.896070605066
6.963570050562 -6.665266117339
-9.811754023919 6.005121753353
5.423739965150 -6.678049938817
0.714369671652 5.080546970149
-8.289080985246 3.410871280130
3.308897894190 4.700663098992
1.009226889946 5.698196609924
-10.819243711786 5.059324114200
-10.313291068353 3.823894563568
-9.992998098935 -7.547306584708
-9.799023167214 -5.909052230775
-7.427853978236 -7.113544500323
4.485514109472 -3.886373532071
2.182578128718 8.557168411594
5.626357600358 -5.926486750207
-9.631500405183 -5.544500868723
-9.781809505501 -6.571894200027
3.599512135005 5.454799860476
4.725717490581 -5.049795694305
6.661903924011 -3.982199786904
4.971729739658 -4.304799244983
-12.369787746141 3.038219941370
4.659317094263 -4.017505363300
-9.316881772369 -4.599920237769
6.034579259007 -5.136160769313
-8.373343934672 -5.417875058651
1.896405451841 6.661882938558
2.503550056946 6.564521281494
-9.152403348535 4.599122662170
-10.040253459780 -3.856140614577
-8.400879410045 2.586391149087
-8.521118897203 4.890133339799
0.060053701367 4.055429339165
2.261976240191 6.136339697461
7.065291826599 -5.480802139492
2.557662385702 -4.375993419565
-7.095707300357 -3.352125514236
7.058380393941 -3.116366889949
6.139031170383 -6.740351080312
-7.864277285748 5.165056936000
-9.911314174330 -3.781046313511
-11.472873755256 6.828209910934
-9.235879749648 5.141566112408
-10.002349282039 -3.703985684176
4.940960594139 -5.027736874271
-11.192585130150 6.368910754868
-8.656675093093 -5.294683844150
4.569181546598 -4.394457698871
2.674675024781 -5.569392162734
-11.327701274941 4.434532404441
-7.070140691947 -6.790252195936
6.185249883853 -3.138451702833
-10.069616646878 5.439178776563
-9.288779734516 4.066260703435
-10.831327083781 5.662830455531
4.691885430044 -6.740102157974
-6.949570014467 -4.485700114975
-7.729714040703 -6.471705909789
0.366470155450 4.284503004693
2.976709866809 -5.058926369201
-11.777159309582 6.700459456595
2.818873586667 5.510266848721
4.640152743026 8.582871504875
4.900931376006 4.189923823108
5.760905063997 -6.655901424218
-10.214263058363 -5.101965358631
0.217841998352 6.547433329727
-8.919090437305 -4.004444511084
4.200791434035 -5.931242566969
4.707419990033 -3.892058899821
-9.864395737927 -3.602076762574
-7.686290626478 4.619563705720
2.455954843641 8.424458336287
4.983458631463 6.325716994358
-8.255659450502 6.722077424973
2.708834109846 -2.715345683837
0.484884288624 5.588397029215
-8.660252960564 5.893741869405
4.513966114342 5.365413084405
6.449930891586 -4.951046747206
-7.045315127893 -7.679671746005
-8.911110781573 -3.732169974751
-10.497969055615 -6.621012042821
1.514991442263 5.748634782629
1.731044457312 4.631294908655
-8.670119897505 4.626612298483
-6.182853902417 -5.367669349210
-8.357890438999 4.735328403327
-11.788791248212 5.472825397148
4.212215885905 5.047469055121
-9.206656946568 2.792093474790
6.577084423944 -4.932133906954
-6.704497945691 -7.619241378203
-10.226933036949 2.791332894057
-8.900295249053 -5.939891761037
2.773141122317 -2.555309479283
1.743105432883 5.603647207490
-10.513226410897 -6.132839614272
-9.529897040108 7.448227568977
-9.533043554111 -4.748570758080
-9.865584024570 -5.267924806986
-8.217766126570 4.256159087786
-7.613400115459 -7.956384475811
-7.726353641702 -8.159851501802
-7.305203168358 -5.000456060255
-10.554216045659 6.723954732676
-12.256827795755 4.539040384852
4.273910594702 -4.770353142008
3.498042702160 -7.306869251272
0.341547289213 8.758380905649
0.717414218853 8.184089173799
4.495808024453 -3.420624464159
-8.543735303263 4.299133490296
2.669539234805 8.732046848400
-7.954908100866 -4.586597606192
-7.773847804662 5.313028297041
4.287889752249 6.727015727859
-9.071345824526 4.088675364331
-8.145465007044 -5.747765129830
-9.706978453143 5.829089647697
-9.312949725880 -6.598464077252
5.046643317346 4.701760440388
-12.425886688845 7.093267326777
3.965463668579 -5.297620180850
-8.407304199320 -5.466023724880
-10.883000776363 5.492709637227
-7.548539198012 -6.990835556204
4.457768375905 -6.076594128491
-9.375382775314 4.952209689880
-9.069637410242 7.345750111961
0.306061865343 7.498752574504
4.056573635118 -4.076113661777
1.291424436345 8.194889457798
2.583486792126 -3.211970349331
3.239456008899 7.091892188869
-12.548257043401 3.805342323043
5.299073563855 -2.855262323710
-8.179019693716 -4.523453610820
0.257900714088 8.373800674223
-10.095288061847 6.196011372566
-11.271412625292 4.564039296287
-10.300562649681 7.415830525785
-9.883984135676 5.712009884682
2.913403597698 -6.628010392857
2.034060874407 7.235376621541
3.769612864402 4.679990147962
-11.317659199911 2.557728366352
-9.299391187457 7.232856121047
-10.033446907401 -6.014679000470
1.188285484141 7.103361535255
-6.157600980866 -7.418678486018
1.424546368670 4.431388960264
-10.712522790763 5.604787021276
-9.313274097776 -4.741746792185
1.840941059422 4.467766896279
7.072459778899 -7.256044048369
-12.001237583808 4.376230502010
-6.782611697677 -7.248323067877
4.107911945670 -5.793244084343
-7.859545049212 -7.368117040935
-8.142433058462 -6.296244324787
4.468551098846 5.080441378181
6.896808465101 -5.643399605739
-7.209584544402 -5.425657288322
-9.190850084710 -3.759120277942
-9.045038223450 3.990941063070
5.198195777596 -3.975007612170
-8.543253342052 6.510542397219
2.210235674172 7.914743951125
-8.616090000438 -4.744151382276
6.095523200867 -4.564026087277
-7.215650482218 -5.433407220497
-8.198691787700 -6.221031595355
6.802155277939 -7.334090913950
5.885575350347 -6.271075688549
4.786608699287 8.719092568417
2.932138043051 5.606916434020
0.323009252116 7.298894802952
-8.115218841698 -6.559674174131
6.035028013245 -5.255722869007
7.051847625894 -6.864314774825
1.083273644756 4.150460995750
4.221737097010 -4.855402970879
6.052658777684 -7.148724323931
-11.997830756958 3.364493219645
3.918805503473 -5.272493325009
-6.228089359223 -5.962315304191
-11.775612967354 5.434358862397
-6.702073308726 -4.843132651155
6.820473667858 -3.705593804474
0.910192041527 5.114843997316
2.909166944076 6.580397214861
2.744843722475 8.457216731702
-7.402761293124 -5.609845855576
1.361831900715 6.257099686495
7.048730037207 -6.304139154162
0.190117045388 3.790048829709
4.923343349495 -4.350747625276
-9.622631189783 -7.690571659848
-12.369244820539 6.769940602848
3.488452292724 -6.720651035717
3.774832521811 -6.665553207095
7.405438345253 -7.273041808645
3.764212903702 -6.567131180540
-10.854875054362 7.320964680448
-10.335488740320 -3.589977429729
2.863949413833 -4.657616228974
-10.087536598461 -6.456146349954
3.490782897858 -2.624816375239
3.837904550419 -3.449643897361
5.245910648998 -5.773890420230
3.718781603298 -6.274728326229
-11.443757347204 6.767858274768
5.590141559889 -6.671555980416
-8.702486406104 -7.513021908567
3.904501468436 5.286527148244
-6.561833907911 -4.918271271774
2.209388242214 4.511674375472
-11.410720671209 6.975916338328
3.935870664390 6.065072610826
-7.309937173816 -6.404510384018
1.776436126541 4.731318195036
-7.120929126150 -6.806230017297
-9.280317242333 3.835834464802
4.276663492551 6.027953182867
7.336997114080 -7.042196507992
0.782689334248 4.584340458589
-9.197683739799 4.429410845639
3.732023979933 -4.252283504236
6.384280517291 -3.883527868894
5.329420137997 -3.878075339311
-6.503878578817 -7.540026151059
-12.475009850721 7.086200569134
2.077977380847 4.709476387163
2.145541153301 8.637837269910
2.934131299292 -3.296444542556
2.335531362503 7.046694870798
4.729439745586 4.905645593459
-8.283979963229 5.615100761141
2.540001633816 8.282521026268
0.552881039688 3.806102913489
-11.435012466090 6.180331866211
4.641784533022 -2.448768709582
-12.241543959846 4.114075140385
-10.654711498430 -4.703057769508
-8.549235963259 -5.507253167425
3.541273836829 5.048749812723
7.142815378516 -2.955420686766
5.639691968736 -4.322163580848
-10.601847928128 -6.081542537960
-10.484014021731 -4.204088154952
-8.191851332018 -5.561164044718
4.826653202886 4.406673955927
4.474191812480 -4.522431581238
-9.638103748878 -4.459112415286
-8.282975038469 -5.677445764491
4.831082165176 -3.012429379531
4.664884902985 -5.735825117922
-7.648147005568 6.028995149023
3.926208299170 7.717098889576
2.595492099677 -3.580474016775
-10.243094081851 -4.144232461254
-9.475606001241 -5.099268690074
-12.380113462721 6.173405121711
-8.976546916290 -6.640765030446
0.278257798507 6.902040669233
-9.796668682447 -3.905674207643
-10.474220979544 -7.628065082444
-12.461574662182 4.743109075337
-12.281896704110 5.671753921545
-8.066153759459 -6.753666254382
3.528030437623 4.391556772064
5.822198140533 -6.689203885758
4.517765982578 -6.862409985356
2.744081755608 5.242992333591
7.429318456706 -6.921707577227
4.668289970419 -2.473235574800
1.757757641180 4.592689790646
3.177215786888 4.963671371535
4.590313405232 -3.109255956665
5.778072841767 -3.252337662667
4.340323360087 7.002878916805
3.668781272585 -6.476125372223
2.281278217391 6.925045225237
-9.409671799189 7.410070340369
-10.304088359177 -7.101154314489
-12.584477070254 3.826283722937
6.342492930868 -5.876923320103
-7.135089902968 -6.881891435640
6.133583126018 -3.118485015951
-10.402628476528 -5.241963418686
-10.736934476417 -4.803672278076
-11.786275774020 6.558760447076
4.168383182541 7.732214062230
-9.526823565596 -7.101582770548
-11.830158948586 4.944989347489
4.257981552286 8.272886832151
3.627079316470 -4.628959546118
0.218019930917 6.400932188318
2.645573552474 6.004098810947
-9.473162228009 3.984860047056
0.079392533416 8.364306578896
5.178734490192 -6.690953513530
5.872827705336 -6.734085909909
3.166245780479 7.126999356914
-12.115940312866 3.815196592916
4.004901215210 5.834979243647
-11.289768476377 2.903227544887
-9.129444147495 6.078989519339
-9.538024786690 5.488528906454
4.902667685532 -3.304921223401
-9.682557357676 -4.129045510922
9.875000000000 9.600000000000
-7.503935831296 -4.427064325865
-8.571849426317 -6.594171140125
1.482990767656 5.839944848436
-10.294272066939 5.955085909797
3.087590414755 8.299507273972
3.868483410895 -4.224746415681
1.209877264685 4.312240287166
3.648247053374 8.159858577036
3.830788090227 4.405686534577
-9.332635623031 -7.745720962335
-7.196894074818 -3.864560952993
-8.897907556414 -7.289009405454
-10.687696605583 2.990945598822
2.775122641492 7.677765116190
-10.426954831894 -6.835354846019
-7.759829613184 -3.848277788130
-10.591932255374 -4.743169659408
-9.450084307534 -4.963054631444
-6.230231337409 -7.430910286649
4.725222881017 7.736116021271
-6.175274470076 -7.114708792979
4.427188031137 -7.089048702375
-8.587431705788 -6.695251067517
0.381392529010 7.555850865284
-8.671249214535 -4.204977672175
4.955471143565 5.329077895453
-8.414959500407 -6.639846458365
3.885199911558 -5.021495239320
-6.778052378559 -5.240535707068
-12.155014844816 2.505266551243
6.012986814006 -5.770011777333
-11.751797746350 4.925646044143
3.578716558361 -5.430968397588
-11.303286232787 6.038631681501
3.050588104674 -3.826036847702
-6.622019432125 -6.791211919791
-8.564859658768 5.807827467544
3.123069049964 5.610291637169
-6.167335827104 -5.458577018849
2.585166729827 4.852807689675
1.544331770431 8.263371099626
-12.383755835452 5.321707644496
2.409977092883 8.236703966515
3.840917482433 -6.105288661033
3.049747335080 -5.674175115725
5.707513034424 -5.574796686123
-9.567071426804 -5.951728295618
5.072586844704 -4.965927651207
6.109393305304 -7.322354623790
-9.851806462440 6.430473179892
-7.402704355266 -5.488901242730
-6.352442270005 -4.074609930559
-8.693790001420 6.745616371122
-8.633878800114 -5.645877133042
4.992127537071 -5.382787797103
5.075670713726 -6.401889865776
-9.843470954203 -7.380491206203
-7.048211390631 -4.165203172464
-12.555465744808 2.456748410851
-9.573246522955 3.749615270379
-11.653087402246 5.277232085337
-8.430279342136 3.185502524970
-10.622844066716 -3.976611281067
-11.941492078216 6.178358621343
-10.032834711826 -6.522562503353
3.428548691464 6.850371369696
-11.499145396985 7.270603698545
5.668535375875 -3.960212899194
1.454175166439 6.962717782642
2.988593573765 -4.083032346357
-10.647320504724 3.609689675285
0.449657267542 8.322650167710
6.884524704287 -6.956681664877
-8.012200175169 -8.261420536094
1.537588619638 6.551171676787
-6.354704576614 -5.032891259810
4.731519071834 -6.518066615402
5.040521768594 8.167104141800
-7.105350659155 -7.348429897748
2.275591703652 6.535484865816
3.935928612911 -5.677627366693
-6.247818480765 -5.545192850430
-9.071177975545 -6.406525861600
-9.288296970402 4.949264713480
7.113710410273 -6.140901468638
-10.552828998944 -6.297359541880
-12.569968498769 6.444309561971
-9.504964091796 3.174840501617
2.864420556720 8.160417653140
1.503948239304 3.885929511973
5.369032220002 -2.846119208220
-10.420242244316 -6.759439029841
2.672857703807 7.756173896688
-7.119121920014 -5.821938598874
-6.566021591212 -7.607115078189
-9.150732416909 4.722032484662
6.770673251096 -3.634396671490
-8.502410283659 -7.011353367346
-7.854413056195 -6.761389923491
-10.683050227941 -3.635164083639
-10.918924736277 3.930559854603
-10.011351462160 -3.491519118563
-6.331540466410 -3.683312099614
0.333497889463 4.135079850362
-8.780514172632 -7.658934060481
3.283451483777 7.869946943528
-11.434476334408 6.236333493153
-10.661131224337 -5.477240514711
-6.072140928635 -6.958136821415
7.235088438647 -3.036540926332
-12.138688647804 5.274358188468
3.745298256294 -3.503305130134
-7.448729796757 -7.368724615864
2.666167419108 -6.820215060940
5.994243395005 -7.007850484771
3.353932082697 -7.278268107716
-11.047045269754 3.944280211773
5.823857206664 -3.253768979735
2.418481423288 4.361293701790
3.301204628641 -5.133829983692
-10.548966998916 5.324375763727
-11.621452573597 6.862547876240
-8.870603295250 -4.186632329728
-10.569118641894 -3.762985778755
-9.393543899635 7.019012568186
1.563118538249 6.595031851120
1.036428965562 5.354482526026
-10.005865936751 5.854942673312
3.196442790581 -3.199173373042
2.800881236723 -4.434347550478
-6.815894665014 -5.403095003835
-7.481673524404 -7.085487771137
-7.888090387085 -4.096527326925
2.722196521491 7.560720560382
-9.193135770479 3.860542537784
0.544691742609 7.969665430630
-7.803391989925 -5.193135138332
-9.948649815999 3.277850215749
-5.961568104387 -5.316791369301
-11.743904572120 6.475328894351
-10.023970091431 -5.386444564197
1.492072745033 6.669247391344
5.124838744375 -2.921751461815
-9.154628699717 -5.719903944320
-6.170181157103 -4.123204609681
6.051405924241 -5.312556812182
-11.177393375477 4.338271481430
-10.192850452111 -7.826601432550
-8.235729724868 6.019567967418
3.071772069960 4.365751994412
3.849292628690 -2.533197934420
3.912978949777 -5.928159826105
-11.236012841573 6.364373335897
5.046550465395 -4.881750520617
-10.608646883743 -5.268342951104
-10.543030175354 -4.147191160056
2.701889580872 -5.097978218814
-8.009897430007 -7.623217504696
3.640403082122 7.722893972984
-7.163290239668 -7.229830518870
-9.360122877858 4.533626210829
-8.797042283697 -5.647190505317
-8.610711167780 -8.103616116544
-6.930527492168 -5.542240335490
2.296104074891 6.763604026431
3.358142000072 -2.541625058371
4.548431222131 7.305130265590
-7.833884586106 4.908362042416
-7.617164349192 5.937603304101
4.073810972152 6.770785940391
2.516722954671 6.213277619836
4.911828738935 4.810992700869
4.983435688524 6.624998129915
-8.579051665009 -6.610266283568
-10.555978600834 6.811301377500
-10.618752260623 -5.594122660294
-11.808959204841 5.715947764604
1.472437254115 5.808974896635
-7.887064445201 3.624443441944
4.094514705915 -6.598073108873
-10.331644992161 -3.847528790117
-9.688304067470 4.276658761557
4.757206666447 -6.378730568361
-7.757159024200 -5.850700086316
1.000151380430 6.244862576995
2.962091731062 -3.790627692486
3.823094066534 -2.740280264149
6.463478727350 -6.565454396521
-8.145635823340 6.846124040395
4.426635947163 -2.671189522710
-9.350229912766 -7.135966676482
2.301743068616 7.010393219732
2.208340405981 7.551179053575
-7.952842504453 -7.735912256020
7.314362433532 -3.087927167840
-7.731585190082 -4.035078444786
-9.657760937440 -6.720047221433
3.166792601768 7.361357981328
6.482484277449 -5.640137660191
6.711421015693 -4.348337056710
-12.514047624596 6.175237151214
7.271363439894 -4.184687123171
2.933829517504 -2.461254761816
-10.627241398761 -5.478887158283
-8.127457323793 -5.755461099368
-8.480609299335 4.708073935530
1.004169976805 5.244476870327
1.043419166382 4.980905947090
2.672952857457 4.208257193384
4.198098547292 8.623427284393
-11.403312714998 5.139852256655
2.863648187225 6.412548511822
-10.930498117332 3.864532388623
3.967548540632 -4.386791918852
4.220832592387 7.090754733850
3.851392063926 -4.994544369325
5.838795580100 -5.307159019597
4.739270292671 -2.844572708855
-8.287030734943 7.175995508270
2.527108824086 7.582168191679
2.649761757238 -3.402825130968
2.726737358537 8.210072435120
-5.975824820127 -8.102655844147
-10.819897772410 -3.608300834344
4.289073246688 -7.163198871736
3.329980575955 -6.430142763905
-9.507792117493 -8.154241479954
5.500136352921 -5.100558978397
-9.420478999893 2.935408640880
-6.545410139422 -3.496004645845
4.424862353630 6.634337021337
-9.437953364321 3.931744463745
-8.812243441319 -3.974083311973
2.938903501611 -3.480002865445
6.877064802170 -3.831780556429
4.227476708096 4.355528098704
-11.836362122367 4.828032125927
4.412878657993 -6.754217498082
2.792526961639 5.642734377401
3.951092921355 7.269581320555
-7.266744531586 -4.660784117082
-9.005871084220 -7.551056442695
1.504173806187 5.829704955819
2.595288855161 4.485615519595
-10.814162707786 -6.323214031482
-10.343502747297 -8.172331204716
4.599915790171 -3.948112843544
5.763845031395 -6.474226246758
-5.925909778772 -3.437605186394
4.896776366647 -6.467407621449
0.938853865300 7.856630771025
-6.242210921184 -6.815525136197
5.528924611275 -3.599033286321
-8.081769222241 4.018290839264
-11.643881490115 3.467824053617
4.172562341425 -7.290424307086
2.760302731173 -6.508068870328
2.064338244253 5.507592596934
-10.077370936617 -4.004034446508
6.453446205834 -6.173158612706
-8.642043125558 -6.323737175517
-9.414008989683 5.814107389184
-7.214957935318 -4.711595480282
1.312257203962 6.186834675696
5.743001656361 -3.375076406997
1.074106947923 8.541221680899
6.063333939298 -5.794461182194
0.426074054794 4.153505479063
-10.692661735489 2.508014178884
2.666112094845 7.244187960513
-10.986617511603 2.829868148873
3.640366546186 -2.495413072171
6.589265551175 -6.149267082728
-6.516060981755 -6.984422560837
-7.368623524488 -4.193268521722
3.890096815482 -2.352534624692
6.421545626922 -6.135224429839
-10.633972570776 6.784950165328
-6.442622356052 -3.876038483605
-10.193467189310 6.370925012592
7.333837724215 -4.393368897851
-12.337616612210 4.053993684834
-7.734036590196 -4.451984388052
5.386813458930 -5.349574001030
2.750159436412 -3.493950915283
7.127977053745 -6.004851280771
3.210425482980 -4.986611035849
3.408944895969 -2.706643608002
2.570073559923 -6.149984743735
-8.951520069246 -5.275951823887
4.483023694188 -2.915005645623
-9.665566802178 6.239101263153
2.096610050551 6.720778591351
2.843903100606 3.834802378002
0.200124640207 4.613560117475
6.069207256236 -2.990982709284
-10.845517887765 -4.656199032282
-11.203518492041 5.134182318662
-11.709537862425 3.028289093581
-7.442198427525 -4.368750270118
4.264251556462 6.116960630887
1.348996217483 8.243599708596
-10.274398810677 4.142268354575
-9.842541218767 -5.329629010761
2.715070193751 -4.198249783388
2.252698416912 8.473358424596
-12.215401095284 2.615810242887
-9.919736937855 -4.842677005386
-8.541565007857 2.929012463879
7.062943548517 -6.511677676647
-11.589671453126 5.370763181343
-10.206847010716 -7.938072982925
2.561469342533 7.559615513319
0.203372456401 7.710612319335
6.215834891528 -3.621941007330
3.551812874676 -4.689832958105
4.213566201076 6.754800241976
-9.809995563698 -5.455391579410
4.533496756016 -5.010738470452
1.509163777720 6.281347439952
7.078242450094 -3.163504776765
-8.321464911667 -7.102577788245
4.254955168619 6.460445661432
3.296815875149 -3.030150001524
-8.930384991959 -4.698043219776
6.403198773010 -6.198610234653
-6.172355937636 -4.673491441453
-8.391743957503 6.864461888602
-10.460734742287 -8.011866562801
4.490880862465 4.356110799458
-6.873314800915 -4.383516136068
5.021869045065 7.830963819964
-8.424482989766 -5.252472130261
1.293991380351 5.458936072645
-12.104569972451 5.370472125551
1.123254441746 4.786853591760
-8.215971385409 -6.409853326626
-8.606872727690 6.353641752859
-8.690619658633 5.645062981468
3.711018028355 -5.609440477107
0.776568853102 6.680006816593
1.421643292627 6.508743889696
-7.806156006388 -5.020435709854
-11.221813467491 6.258200138867
4.739765504180 -4.247178896020
-11.580982850789 4.996634001344
-9.408929942317 6.083646776446
-7.467637602317 -3.499905739289
-6.095536587267 -4.877193128744
-8.856080852167 6.250776589309
3.189504293188 -4.448066180918
-9.221506356075 5.171670730664
1.311971118954 7.283527112323
2.905267433405 3.959969099163
4.444101846039 -3.144992721970
4.539567670267 5.052267260192
-7.473661027454 -4.964361901391
5.025745103431 -6.560473083442
5.750056861005 -4.729815423164
-11.179878771402 4.442925941869
2.499080196074 -3.039151614275
1.225463731046 8.125569798354
-11.713905597517 3.019415424287
3.693786258598 -5.953787393218
3.368663079747 -4.199983450689
3.150459763625 -6.870969290935
-7.959438438527 -3.708456503647
-12.071322856186 2.917533004603
-7.160456606815 -3.455932038296
7.324514587576 -4.074737772854
-8.905213266489 -5.868004267312
-8.797488189294 -4.979262416728
-6.333490861220 -7.349166918192
1.487065470345 4.042837288643
2.162648410177 8.061838357569
-8.222501136642 6.347872737588
-11.409905774284 5.152282060161
1.465824561100 5.949526920548
-6.545683543260 -5.161410777585
4.723226414523 6.657513611677
-11.823650479300 3.475147387976
-8.975356624181 -5.895519990066
4.491872352485 -6.866798350066
-8.557783535639 4.285033785869
-7.916368159607 4.785935059683
5.515801094545 -3.403530671423
-7.939488383335 6.286971390586
1.825547302367 4.147326887304
-6.944477026589 -8.199265877423
-9.642406443578 3.227157711096
-6.282492129184 -5.374194480617
-12.080550489212 4.948546205498
7.140898684988 -2.988360173248
0.109262229620 5.632988098320
-10.080292773965 6.043237767646
1.261459449539 4.639615278050
-10.198322335142 -6.174009604137
0.332849051292 6.864450444377
-9.294358942034 5.218002290110
0.423548916463 3.825759615142
2.765152253642 -6.317553601410
-6.383127298227 -4.690142990138
-10.112582978950 6.714262237428
6.700658592976 -3.565420350129
-10.325851612426 3.104723751236
-10.830009116195 -7.329027510629
4.282448707627 -2.511313192712
-8.836935991045 -6.545574868328
-10.513136981924 -4.861438855494
1.290441177431 4.436085228326
-9.297387380003 -6.778793814612
6.783029242667 -3.579321651690
-6.005280331681 -6.156208804077
-8.572588870555 5.774467604374
-10.726714096655 -6.664854226198
-7.295359103173 -4.790683400594
-9.745482481709 -4.828955562017
-8.494684180562 6.420117603877
3.052351019031 -5.580682850073
-10.559346769732 -3.417357675178
2.742970440737 5.928568591749
-9.248881689898 -7.479172646470
-8.309155382138 6.884695035215
3.364068039207 -2.361433659380
1.157506595568 6.027502645324
6.945636083356 -4.833789584012
-11.025188659396 7.115054870096
-10.564875819034 -4.252326166833
3.138096281225 -2.814530706239
-7.171852712864 -4.721810725008
-9.426861724523 -5.562190480717
6.974809679872 -3.016515894444
3.609602630159 7.346805102132
-6.078378470183 -8.109154642514
1.167902603441 5.260107126272
5.674571841051 -3.522747590633
-9.585888246097 -5.766082351089
-6.491990549340 -7.869903837869
-8.003924848180 3.148932373240
7.350540453262 -5.826587653168
-12.426002667281 4.491449401584
0.583292088794 6.877504400544
5.576502576875 -4.422902322369
-10.566956539239 5.853167496878
4.728815247912 4.942139095377
3.156957621197 6.972113171208
-7.572614306907 -7.009765669608
3.645839642082 -5.961032629360
-11.666367309737 6.888705430146
2.703419142840 6.411673527452
-10.041745690006 5.182269623881
-9.807148733908 -7.592750983815
-10.176864105597 6.786050653173
2.916807313305 4.153967680970
4.132659132708 -3.424831717345
-8.761768439691 -3.832284573343
3.596919725906 6.707940565106
-9.182053934804 3.017574374154
-6.332387388058 -5.952484208020
3.592042741487 6.240892807751
3.866281968516 -3.433216664276
-10.595875141447 -5.180363226752
4.000115484408 -5.441550661368
-9.366544832609 -5.110392876060
-11.917663268151 6.180483393764
4.828600862243 3.850869070654
-8.321070893227 -4.484361924180
1.256649139663 7.402030609242
-10.244689488863 5.121112176611
-9.130001526328 -4.824702083603
-9.177225943159 3.470212926335
-6.819133166901 -6.923254805600
-7.723124579044 3.668766830473
-6.496566053098 -4.535861264058
-8.979272172831 3.973942179447
4.681559500566 8.186884444308
-9.955910515649 3.962994000718
3.427951586221 7.765508216067
-8.775242485516 -6.491273422559
5.519639075554 -2.360974203152
-9.955472063310 -4.015030172568
5.659846939955 -2.410493346715
-7.631102789365 3.183867876685
4.135130575178 4.788521295338
5.113568511653 -6.640837874170
5.424100368865 -2.809212094894
-10.289224432805 -5.476454277220
-10.832505179672 -6.317785477225
0.140200564506 5.111096329849
-6.932730115972 -7.627077477719
7.218513964513 -3.227950648387
6.657839230278 -2.857823191601
5.799571855054 -2.477450732231
3.023319521824 -4.760336154695
1.353037087415 4.370720238424
-9.183860947106 -4.724447930467
-10.196057868774 -5.408752139335
-7.374845268709 -6.526595104286
7.225080230873 -7.115031585664
1.993724745153 4.467318016332
3.819342215804 4.335205772209
3.382719646077 -2.658157031479
6.937911132985 -6.657087060279
-9.983330197098 -3.904709250427
-9.947690940293 6.785246347538
6.798960760738 -6.928479343650
-8.162696088671 4.967089545094
1.089470813597 8.634267314437
-8.644489576360 4.601576066712
5.381224185110 -4.742681595218
3.181489380537 -6.940839508672
-8.660413540297 7.094245515083
-9.946740801421 2.938368822211
-7.780618090711 -8.173214024111
-10.913588394342 2.830288227777
2.751659260484 -3.415388490479
3.973266943685 -4.955653723650
3.251727680246 6.073826266525
-8.397923517300 5.614667775390
0.450092982860 6.101972906544
-9.471763653214 4.244746890870
0.888789149599 8.629648833977
1.442114628260 4.872460144508
3.874923484152 7.706667230621
-7.672067019151 -3.452783017096
-10.656301050623 3.700424977322
4.340740887928 -6.255286976305
-6.571363003859 -4.574893093051
5.942010709425 -5.144489442560
3.551540813492 -4.548329705741
1.310938537984 6.479220920529
-9.428939856373 5.304178496933
-9.440091190776 -4.346293064558
4.775691070225 -4.799469715598
0.601505980774 5.206661830935
3.468176591755 4.720272152833
2.569466306953 -5.267077694801
4.064542900573 -3.392004066989
4.904432044543 -7.212032853348
3.773857005510 -4.644640194760
3.529876969860 6.917756044959
3.224974983673 -3.080292508079
6.761943836735 -7.223247426639
6.312800230492 -3.830135131181
5.573330713740 -4.624352784426
-9.907157935605 5.147355519110
4.213093105696 -3.358271813805
5.768996555472 -6.132436602706
1.946652797810 4.043413685344
5.975693794333 -6.734409488400
-12.479588542545 3.795299625507
-9.997643975099 7.043977492166
5.539478078929 -3.291849753154
-7.714419291739 -6.517818944606
3.629342730076 4.457405065022
1.262228427167 8.433070003388
-6.959073108522 -8.258054327382
2.817910963483 -6.538866879795
3.629744943140 -6.119823283193
2.828938995355 -6.819660344444
-6.132708375768 -8.106248972591
4.757175218660 -3.084837021627
4.503514052263 -6.369832009447
3.487509117562 -4.174454950228
0.852397116758 4.992078268610
-11.976319237251 4.130510414091
1.539853011528 8.435699573080
3.072398310548 6.444495384307
-7.511660719504 -3.812475942695
-8.094175663698 -6.613072591578
4.579541739238 -2.918835419425
-11.185332600531 6.967315806420
1.309090024952 5.819961373792
-10.895027411781 -4.503274078763
-7.849414314030 3.226369529471
3.617602531008 -6.126871509652
-9.020216642580 3.690323659774
-8.280254529155 5.604163024630
5.655437195002 -5.545886744978
1.557761663113 4.030160189259
-8.222643674892 -6.613020672211
-6.702836369349 -5.356151724420
3.264964143794 4.363254979445
4.618056265468 7.832802334328
-10.391496181124 -6.477920915250
-9.575260812167 -5.504629826564
-7.195154909963 -3.833731361118
-8.215492543052 7.271522938775
5.092303217714 -3.962686424991
-8.959631192843 2.490997007556
5.405777231928 -5.401808239534
3.564721738401 -3.653590158238
4.069094226388 -3.620026389425
3.299218999507 7.909064112609
6.750390134741 -4.581247292277
3.746887929136 6.052029164737
1.182927030994 4.666264389841
5.659532845774 -2.774413901671
3.355807974479 -2.839328315780
-6.231022652441 -4.857828486307
-7.440701764892 -8.214878600302
-8.038310670511 4.626489699259
-9.360802792017 7.110925800759
4.615464724628 4.399190721637
-7.847684107925 -7.257190468140
3.096315280617 6.663106316746
3.040905334491 -3.317215262554
6.241384554492 -2.436517760725
-8.394920554825 4.162780928296
-8.790978121574 -5.946666194589
-10.693353351964 -5.510135133383
2.578613337591 5.863648076810
-10.107158175879 4.642992281665
5.045843346858 -5.570849767973
-6.993753874471 -6.729065455110
-8.651994984766 5.963832596142
0.182999874747 4.774334688496
2.773942387612 -3.999604373820
-11.427873657811 6.151164794442
-5.996327946963 -7.067219740105
2.816147294606 -6.845527155086
3.799311041611 -3.815624003638
-6.540734647684 -5.394063564663
-10.610648434328 6.029838676049
-6.262697784280 -7.187395602389
-7.713720333681 -5.438226483097
4.806999233130 -2.695099122781
-8.027690310053 4.568121918605
-8.802773551007 5.537705474028
4.082242073159 -5.520820621701
2.590423437895 -2.833856278686
-8.122948007436 -4.978305898581
-7.327631695000 -4.048769392279
-7.103611418374 -5.519410854625
6.421298418120 -2.905115276693
2.944215499727 5.762140257761
3.471338680219 -2.789652079504
2.637713976342 -2.846735017537
4.261242670632 -3.411566362151
3.581293345148 -5.393169355938
1.037135136184 8.252862130662
-7.854352307409 5.641600030023
2.487353897765 -7.189965686041
2.153202509098 6.655530831840
-8.909691912398 7.103792495866
3.541002378149 4.738555110266
-7.947088085763 -5.819348382546
7.155137229816 -2.465794131813
2.922734397364 5.147868700807
1.811631889667 8.335560669974
5.155831274229 -6.539204562777
-6.972623767823 -4.635906089053
7.363307626655 -3.292419453391
4.368717194859 -3.875309094906
-8.577944947501 5.033129729705
-12.127182132034 4.879663938118
-8.856874597776 6.595940876719
-6.715964196310 -8.113802106164
-7.833918418065 -6.718310661037
-6.754150033694 -5.510733596973
-9.645593064563 3.802221485709
6.400578464273 -5.116554580356
-9.863948176494 2.477378667823
4.108041224889 -5.664024188220
-6.227522760804 -4.479981174020
4.911617375743 -3.275261424178
7.259934282931 -4.823376382784
6.851813025697 -4.904315520080
-10.786624244137 -5.554141527315
-7.888544524455 -4.825414578078
3.029961673328 -6.321480896614
4.426680795542 6.574284660619
-10.244390456261 -3.371618560284
4.470189982881 -4.851385007028
7.200564005967 -3.120545539383
-8.994473449577 -6.871633813897
4.417248345538 8.594330784799
-8.435640167074 -5.410502700381
-6.779323823377 -7.448990862894
5.045758613502 6.211124864941
-10.488720047703 4.250381425806
2.503198967432 -7.067255692314
3.660797531156 -6.312633977186
-7.783559907204 -3.804531407155
2.810353846758 -6.526652673217
-8.753124218700 -5.904731105725
-10.505991475422 -7.935972941628
-8.789967515782 6.403802476774
-7.049149551783 -3.839652315754
-7.957933849296 -7.683580842669
-7.616127893033 5.745676775240
4.683635880937 6.640244057631
5.123137296888 -7.175165435862
-11.475647689883 7.070514353008
5.279447536121 -4.895159508869
2.914746951739 -3.411601078956
4.184471079123 -3.036392578292
6.199406296541 -3.084899504819
5.747333683986 -6.799784590765
3.849155130188 8.711278817465
-12.512878060391 4.046538427116
2.872498143746 5.984418348215
4.265459297742 -5.942975561084
-11.423277856041 2.679710439751
-10.539117045368 -5.867271760668
4.113052496397 5.039304188467
0.202642357866 7.918013585932
-10.547183801761 5.098596989328
-8.123621366247 -6.316700296050
1.699587560528 5.318813995793
-9.797758029708 -4.433924703518
-9.826409334266 -8.091762115165
5.208390939442 -5.563629326476
2.979087548020 -6.786958414539
4.392237932629 -5.950443454603
-9.109169138722 -5.474841898629
0.774371155169 8.430390170326
-8.952817568553 4.741898629640
-10.734559333486 -4.069190828571
-10.456610391968 -5.699183736382
4.142246206461 7.477021015322
4.559522085087 -4.338810085625
4.263031890749 -5.262671243429
2.672727636777 -6.529498337512
-7.568527375412 -5.860208628722
-6.022153085939 -6.697986961725
7.184607456638 -6.213537147658
-7.255369848439 -4.550393000730
1.266986082509 5.457480524570
3.805173746821 -7.135608171729
-11.809419070164 4.067667762526
3.428334183609 8.360234369061
5.218021512115 -6.482742956198
-8.330571043578 -8.242032613658
1.062984813188 6.285812510709
4.921964704304 -7.237812335028
5.784078520865 -5.391153845572
-11.114701365378 3.561292405632
-10.290949028478 -6.874247460805
3.544903419305 3.994838278561
4.039595856691 6.373509275188
1.233142337620 6.692022038890
-10.486763363881 -4.491059319005
0.440287616809 8.511528258755
-9.777913508696 -8.014642721094
4.658948914064 -6.682621254945
0.824545717030 8.278544166553
-6.545382338937 -5.361495784004
4.663134820735 -6.117301340621
-9.615207151581 -7.343594429080
-7.630628660522 -4.699868781254
3.765540014750 3.962627816356
-11.981540399265 7.374454517493
-10.029608137290 5.715499065868
-9.187872164807 -7.711807027516
-6.622165421797 -5.530662201894
-10.137573350108 -5.748047901444
0.263019800647 8.637787831032
1.352129867832 4.674720243647
-10.508669436178 3.646551874334
-11.719439547535 3.305085317221
-8.403895900164 -5.932913896415
-8.773205787053 -5.785052930457
4.600560778177 -4.344925751078
-10.595581242100 -6.981185435117
-9.267157931889 -6.348255373641
4.354161086432 -3.618701693971
-8.978257890014 -3.280279010945
5.205157853073 -5.749029422793
-8.440828172392 -3.997915871787
3.744836362385 6.374474459606
-8.060809281760 3.424523823436
3.237455161955 6.867921327473
2.223020006078 7.294738311243
-6.532778707003 -7.287374648496
-10.483459558327 -4.408193777043
-9.205941812349 -4.781477200676
-10.645668882102 6.248818361280
-10.292138919685 6.927084669201
-7.119336750892 -3.939250929611
1.143588561295 7.579897415877
-9.765603462743 7.064566478768
0.780796329863 8.100044664913
6.105661517012 -5.064086885181
-12.237131939601 3.389681096473
-7.735909635338 3.289419730206
5.544370894696 -6.926788504710
-12.527413739529 3.101674442304
1.830566568394 7.566250719418
-9.815228502696 -4.893136364574
0.081978274498 8.714844176728
-6.826632501084 -3.623899471534
1.082903124985 3.967797685766
-9.499784871990 3.204399540773
-10.649557861806 -4.736468530391
3.961223401385 -5.592194755243
7.146605738273 -3.018227714576
-9.930429310792 7.383712581270
6.950280417566 -5.985926901524
0.556451937393 5.590071297195
6.505591491569 -4.627720864703
7.144369106307 -2.619345341628
-8.796722333476 -7.577485880128
-8.442811195486 -6.580987899705
7.441637467704 -2.717849038990
-10.786393912398 4.805368593392
4.087847669417 -4.665788091161
-9.525855669321 -4.148527127956
3.119183836971 -6.178503166247
-9.710642998084 -5.938488228180
-9.140599477580 3.157778690010
-11.270191375220 7.255754266401
1.420728267143 5.761854031277
1.193353777654 4.906540553329
2.670615101881 -2.605345840240
2.876003605795 7.312312524248
-8.548615008404 2.460792397862
-8.042619225056 5.241275062035
-8.648070917589 -7.248923695323
-9.077995393707 -6.413787089859
5.188591034316 -5.727579865560
6.161343979264 -7.102789569179
0.404826721059 7.266338846458
-11.151924307394 2.562483403388
-12.082401192678 4.606894921730
-8.736301003902 3.154904413643
-7.099500305989 -4.379714734144
-6.378795709324 -5.927073348594
-10.608659097725 -7.019466896063
-7.660040600448 -4.437387755069
-8.640728792328 -4.262749375233
4.860998738499 -6.461466878471
3.837479389818 5.521037257255
5.180849560921 -5.299818234763
3.009088438097 6.951507119277
-9.035369732794 -5.148236026364
-10.005857159099 2.648613428132
7.256802065920 -5.879959361139
-10.269946871599 3.852041233339
-10.498610709473 -3.406178200552
-8.856902001567 -7.063430598355
2.883677687685 -5.193571814345
0.605479554174 4.085969194348
-9.088892408959 -3.328138006237
-11.196585005206 4.246311539742
1.182198839629 5.663519105174
-7.483875346941 -5.973693826009
-7.769047187979 -7.131134728013
-8.993015124599 7.170230286312
-8.195080425851 -3.406777259892
0.735024051401 5.431326232980
-11.319158803598 3.093276325535
4.006522183972 5.365320636649
-6.473985715224 -7.748525617919
-10.365351669587 -6.695402376701
-9.496744859029 -5.550361241710
-7.638943368063 6.199192024836
4.913960041278 -6.385585994448
-9.527793637796 5.551588889493
7.339796973569 -6.675410092784
5.239695145995 -5.426071406756
-12.039103384766 5.635444061469
2.628607236348 -5.128422796247
1.884328796559 5.568222476319
4.700831562415 4.486806472265
1.343364296603 6.536942974355
-7.207092198049 -6.872867315407
5.441339480000 -2.892557109871
-11.837778753193 5.251568489168
5.251018597646 -6.361990338004
-7.742349973593 -7.988817833585
1.642388478897 7.483655002735
0.630712704592 5.488374784647
-11.079481713552 2.503995529870
-8.629337567902 -6.199810762737
6.776176085648 -6.977676477725
1.073706858594 8.547994855558
-6.871289197441 -7.026907252049
-10.619293366457 -5.006960403342
4.987426970983 -6.449026745839
6.590161766029 -5.833304283234
-8.102293320992 -5.527182125488
-9.067298956733 -4.007573768497
-9.659783575942 -6.162577441901
-9.003236326217 5.886402881525
-11.356062206768 5.098739910453
2.295444328554 6.997324389821
4.405637539156 4.844522433913
4.283582978802 3.851270722094
3.792222322467 -5.500093207722
-8.728741825770 -5.500926542722
-9.951174904067 -7.276765428167
0.531147580627 6.092816261016
7.264129938373 -2.575231011125
-10.405241529995 -4.636154837707
4.534043829231 -6.191446292369
-8.416035235992 5.079172567543
-12.231960440680 5.427687908638
-10.598989377181 -5.443988495519
1.866070362495 5.835691967938
-7.603400785416 -5.948526046751
-7.175116607339 -7.065911893332
-8.597611303631 6.492730693721
-10.902895550933 6.266839527491
-10.455538062036 -3.282555216452
-8.698187138486 -5.400859561804
4.279126502533 6.421779582671
-12.008361380544 6.054338999102
3.312441721373 -2.822344531748
5.683921035226 -3.881343735522
-9.522498041354 6.733383669417
-7.097953977923 -4.970950304751
-6.273976242552 -5.412898108643
-6.854960171808 -4.502775381290
5.292975474636 -5.199002164982
-8.840385986364 -4.013437088650
-11.007387322115 5.729309328242
-9.661226041730 -5.751828791497
6.259232356250 -5.215735116661
5.444462737357 -4.691887766196
3.489534843343 3.975435507286
-12.192980503535 7.201781445949
3.504530770057 -5.076375891437
6.253451513621 -4.536099379470
-8.374797186004 6.697098177497
7.305616155909 -3.340830409021
-6.288412196527 -4.454950541429
0.817984382351 5.538729834488
4.739597712565 8.023986157749
-6.972427840127 -5.047117803151
3.084471086623 -7.217168798845
0.721880201806 6.727900299844
0.222819523059 7.613146501836
0.437510412479 5.782508030171
1.144724951190 5.327625457307
4.198295516860 -5.039672093269
-9.284095411436 -5.887503735643
-8.719627759757 3.839339487229
6.489964189196 -6.144556687560
-8.938197337765 -3.786753054887
-10.091730398951 -5.803607510272
-10.060700926713 3.972919575293
-6.796331901249 -5.036646309720
3.361695680228 5.323571291271
-11.418687229463 4.056476284343
-11.387217767949 6.070971955665
-7.532264332959 -4.865878017545
5.919702489869 -5.803622706883
2.879103647185 -3.988113541313
-9.580542465371 -3.756774764884
-7.805199706788 4.372370385987
6.253956261064 -3.542076368485
-10.517674623687 -6.208055279468
2.522262716389 7.947200553735
-8.342768700401 -3.480038218531
1.697160219204 4.014018368135
5.838280087422 -6.574653518162
-10.549035807345 -4.430475559252
-8.704278143722 5.618710778491
3.121411703700 7.574492450434
-8.515786720068 -6.437923073595
3.110781479241 8.052344578371
6.861744264074 -6.051252467661
2.721954731135 -4.432856846380
2.433198365782 3.822333398716
6.764027617053 -5.088022369077
5.059438891533 -3.205977795484
-12.383671004950 3.162210884725
5.357505564982 -4.412614306232
2.019867900867 5.242567250924
-11.394218349198 2.911151529250
7.179879113029 -4.039020496747
3.660103654643 -7.312809331516
4.510755556196 6.189029813229
1.686510667191 7.094861478113
-8.477419221565 7.185479936731
-11.274271923276 4.425599747836
-8.016041600070 2.956801035042
6.635673353350 -4.053250986723
1.248517231992 5.706110724518
-11.941662851506 4.724300413939
5.233894890774 -3.020924690949
-9.909229809408 -5.305445092016
-7.630808151258 2.619213600381
-9.773362837015 -8.033835586016
-8.127215142619 -4.833982975301
0.984528703871 4.948003202786
-8.594234582036 -6.671921882782
0.941610873572 4.697219905989
-9.749598292853 4.417204731928
-9.939213827426 6.234618396123
4.056920909410 5.204540338064
-7.710419347916 -6.594234944305
3.230651679900 -6.837529146939
-10.541536828693 7.104748532416
-10.148237140100 5.849105241569
-7.736735144211 7.355655834090
-11.062922827638 5.329139787555
5.974161487893 -5.460408881109
-10.327360767032 -4.557039006837
-7.219539752336 -5.875896622832
4.401401099500 -5.709258694628
0.574634300620 3.777586624624
7.056112554881 -6.455777385346
-9.663789469557 -8.189563002683
1.024946564780 7.167057007609
-9.832652184277 -7.101061887605
-8.979704580348 -7.175540783129
-8.035854594042 -5.017865900144
4.502515016444 7.862786936208
-6.813596713664 -8.194571223271
5.780160751404 -7.120511389003
6.818881377882 -6.572547284720
-7.815540117622 -4.982601683066
7.260499651194 -4.014734238670
6.732757806785 -5.705119785450
4.320844305325 -6.523727864030
7.100239924550 -3.378545268147
6.345453834487 -2.615912214618
-9.839927854114 -6.108658626262
-9.292755153503 5.592400305222
-9.913168839136 -4.916108864777
3.819570882847 5.153624017454
-7.779281097561 -6.068231842558
-10.623506438886 4.997599727125
-7.431322319145 -7.268873977341
5.244532536118 -7.116200029498
0.406177705099 6.812401752919
-8.817933512408 -3.328279878632
4.313818258065 5.181768883342
-12.105411431622 7.191774346140
7.056959562505 -6.303974808238
-10.546467284162 -5.789338680956
6.425568989709 -5.107782021132
-8.650915174865 2.980336983200
0.181958907558 8.038780820346
-7.750957322403 3.444958103636
-9.890174092068 7.278541433996
4.406559610402 5.914766401616
4.537507938970 -4.124385045181
-10.410987676067 6.610571766344
-10.540244362024 6.187996467554
-9.526298946524 5.952851076270
3.860676765910 -2.610328700272
-10.980186408171 4.936179532352
6.150018294484 -6.282226585546
5.593784543220 -4.569915820960
3.830127384547 -5.894902879543
0.559866604750 7.469241643993
5.007779081245 -3.867837886892
0.162334993307 8.357732617225
-11.548071556736 7.199995954920
1.090337149086 6.059311996191
6.235339694949 -2.587718882078
-10.792965888189 4.068763892940
4.985623581685 -2.501638663765
-9.772854709407 5.631823830534
2.916116428796 -7.235343151321
-8.147365615400 -6.621056888000
-7.271342971625 -5.830252921814
1.815501678061 6.103771243974
-7.804554379889 4.917359734461
3.676965974299 8.196140942351
-7.621198567355 6.778377728274
-6.585050661543 -3.670181839972
5.562389119441 -5.529810392082
4.690464334005 -6.625631841136
-7.809854352523 -7.933346673521
3.215358014155 7.596850067201
4.473862040659 -2.378261425116
-5.988284196009 -7.952740854412
4.322338644691 8.459414555657
-10.708956202141 -4.761233055229
-8.821059431363 -5.522326211372
4.865959491363 -6.418493266305
0.834006588119 6.544957702900
-10.705096968996 -5.054534398556
4.003539374225 -2.731999231062
-10.477111731505 7.274241737271
5.681827888713 -6.799823852030
6.844873574446 -5.496029083341
-8.459419285508 -5.731842740986
3.848454106334 -2.496211298346
-10.354604858990 -4.304930525934
5.513206611465 -7.348085627571
3.675204802286 -5.812393696854
3.221658167248 5.278059803083
2.120119164952 4.476567007344
-9.195588703430 -6.584095081405
-12.058226536878 7.176459252030
3.571700792822 -3.012694672152
-7.753933684322 -7.441249597053
5.417910433433 -5.970412775575
1.515083018899 6.851017619903
4.630268839118 8.591510782586
4.902033286670 -2.509728667033
-8.638545768155 4.351340454073
3.067200216984 -4.102525412434
-5.907813331101 -3.576447565370
4.697131746785 -6.224730556689
-8.431508020047 4.562308262675
6.752628099864 -3.821363243006
0.424618345270 4.790773931712
1.669811615787 8.593978389567
-6.187748271579 -6.774957149707
-6.029539628910 -7.063143729996
-5.934983592546 -8.118965584539
3.166032258379 -5.955880155627
-6.815883544549 -8.181104112534
-12.403515349235 2.689290596546
6.100620595262 -3.770100562088
-11.806636897440 2.881143265397
3.369725053777 -3.168455526740
0.154375919182 7.172036475643
6.500886511946 -4.037246168541
2.629235485289 -3.751100132760
2.085049655259 4.578246475736
-10.392538394043 -3.756387067113
-6.146504576530 -7.708773651773
-8.832422974174 6.706956630607
2.203069967720 7.200315059776
-11.020917701982 3.386392960800
3.856456850461 -4.500257765997
1.686621977780 8.342143783322
6.615970812800 -2.904971136882
5.662163531610 -3.669940739356
6.924509148951 -5.986740559556
-11.518905331702 5.638511340103
1.044750930311 6.576550162934
4.932999848989 5.085748145035
-6.438194039871 -3.380915534242
4.087441549961 -2.735623721953
-10.693788484884 -5.972428502761
-12.027670012552 3.524848632212
-8.094493182316 -6.505784146020
3.129456464608 4.343671517754
2.913428911718 -5.172436205080
-12.246766662441 4.032413610970
-11.740499630405 5.477262839332
-9.801731167042 -7.790747829354
-8.957952494170 2.791287583377
1.586158326781 6.341981212734
4.734809825046 -3.644069085531
6.749807083154 -4.013634044159
-8.894451551016 2.579594579365
4.661251369121 -6.757898577794
2.815587826093 4.507746367120
4.901732985953 -5.721628392618
7.071377297645 -3.053903826971
4.870814278814 -5.800000137015
-8.914464972796 -7.464841465796
-10.211631489180 4.137861824232
-10.070168567276 4.066951207549
4.941559898057 -4.742907500367
-9.262979169148 -5.968601063916
-9.689796437255 -7.283715626319
6.377144912739 -3.267692228586
-7.484457657527 -3.984194886480
-8.544866310769 -5.084013689040
-8.134261229689 7.002141143185
0.114006651289 5.086310858380
-8.121323345900 5.379583081842
4.130509669032 6.790821955007
-7.064245080464 -5.277924598138
-9.462935705766 -5.684859763840
-10.468238860529 -7.750578509718
5.350716769550 -4.909515991081
-8.021612172582 -5.644890063930
-9.274370593925 2.521054564715
-9.440605363024 3.658054925145
4.421169625396 8.211620180274
-8.344851107730 -3.913966980158
-11.375637958144 4.902455190180
2.711576411857 -4.184434506922
4.068218214158 -7.285502016954
2.477206216811 -6.510909181551
4.074331144017 -4.100665879630
2.306794095512 6.473302533279
2.064410799766 4.666331541915
6.179832110761 -7.220362128338
-9.905626436217 -6.586625428140
-9.131223858095 2.495193471025
5.073193534519 -6.484691208900
-7.508861701527 -4.529794727072
2.480163579169 4.215428725583
1.725501895634 8.055253776921
1.880560410487 6.169588943441
5.107103134484 -3.794607602561
2.750555789076 -2.708648037188
1.182294479588 5.664159894651
-8.090699179694 6.851370194850
1.110893285890 5.057729748836
-12.105064002482 5.127975109518
-8.594191785992 4.579166293554
6.748964104694 -3.989414528294
-8.350452556881 4.974643967498
6.694147472793 -6.989999775456
6.778918442224 -5.598579458784
-8.603877416924 6.684739294135
3.815632492527 -5.712863018057
5.053731893875 -6.043962828263
-10.355064772843 -8.163219884284
3.750059165661 6.197666285670
5.084193820319 -3.379924682637
-9.554777045590 -4.324288832560
-7.190996423334 -3.434841391629
-10.010817251757 -5.753412744940
-11.295171099883 5.286403362698
2.105876492121 5.226680921774
3.121682661716 6.221987863779
5.303239331774 -6.623023870564
-10.421619570005 -7.348508005405
-9.881846405500 -5.039628882678
-7.355417975606 -7.323079768405
-9.415662054396 -6.970080035443
-11.975210766904 4.887556297797
7.064025555833 -4.260669533887
3.877176132204 4.503018232931
4.881830358730 5.115508319335
7.373243994275 -2.820468386460
2.718135741829 6.855941700007
-8.941556858771 -6.726241806287
-6.011952249510 -6.356501307686
-7.809497432636 3.181633625632
-6.281620200301 -3.440800293100
-7.929587266394 3.044862045334
-8.564655953531 5.588331415860
-8.318305615799 -5.927865306136
3.925080309585 6.080988696054
5.379515261390 -6.939974669246
0.916281799155 4.775768237627
-6.311310626525 -8.171479471160
-7.621490888569 -5.054396067324
0.696773274418 8.099622639844
-7.669948887877 5.344621527436
-11.319222999205 6.832164293220
5.825647352570 -4.937041179937
1.060538670995 5.298596442522
2.725354248931 -5.225257196276
-9.358898873322 -6.997310571638
-10.041237334969 3.200804450264
-12.149312835418 3.587329544926
2.943601210287 -7.342735289932
1.161857765294 5.253255987599
-12.334525058753 2.534344585510
-12.194387332925 3.927556483522
7.314059946779 -3.000536789471
-10.739332116601 3.354769214405
-10.731722839755 5.929006641711
0.797680497341 8.497519861525
-12.373191606841 3.696569720974
-10.439910366111 -4.017869419700
0.540319568700 6.767476373761
5.131954845486 -6.057984609265
3.222373828892 4.455098282406
7.374890169080 -3.168698473055
-8.564079963246 5.729055188078
4.678359553102 8.186540514221
-7.472935831955 -3.302134619562
-6.131167331819 -7.761776981236
1.942093690492 8.067815337860
4.112798639618 8.254640060205
-7.987665189446 5.897033803612
2.142631159656 8.172657913867
6.363473593854 -3.310718010940
-10.038660931135 -7.268563825596
3.555037946300 4.895886496641
4.486681634341 6.211685882649
0.862830374544 5.593320035698
6.900153791345 -6.048016111725
5.768309212253 -4.787937108456
5.561763384908 -6.677578508590
3.047037713151 -7.246088706020
3.136669635780 -5.268389511407
3.208269908181 5.346725120622
4.257669608947 -3.163330014146
0.964636579610 7.495946675928
-9.197740820841 -3.765359909036
6.050747866172 -5.613418986153
3.346188243949 6.088667261133
-9.744414763140 6.723816528408
-10.453044508750 6.062462033536
5.237931519688 -2.816258301144
5.832715897464 -4.584099532006
3.192016496853 -5.284562771276
3.757354380068 -4.393482961071
3.262585684459 4.251710788026
-11.200210183601 5.196320471619
5.512994063484 -6.882583298883
5.846380548996 -4.100709386774
-7.740617578193 -4.791597314150
6.520876008568 -6.287821345098
-9.208449075831 3.652748146599
6.393865325388 -5.952743121125
2.848724624471 5.193749760159
-8.297744997208 -5.005598822139
6.381949246999 -3.056327851049
3.365818920186 5.539435136332
-10.480861910015 4.039582549636
-9.345043009774 -8.253058337994
6.178211325898 -2.379506602273
0.277054116734 4.126796349880
1.481006360453 4.368985111794
-9.765583518888 -7.402798063623
-8.367762720431 -7.528358152371
-10.953475463469 6.702527679376
5.541355146838 -3.562399881526
-9.735468028989 -7.397969473201
-7.328616459486 -6.199543967854
5.275663618979 -6.426626735807
-8.812749189177 5.358062360290
0.518379591355 7.158264634499
2.867697051167 -6.971543701835
5.679496672513 -3.762543921334
-7.607142727369 -5.974401981896
3.551900806304 4.355709721384
-10.710296688660 -3.733717224361
5.355075316261 -5.513298732095
2.337128635648 4.081732358943
3.712345982889 4.495408498741
3.793846573553 5.508486179406
-9.167768072240 7.280667952115
4.719530378263 4.050806430184
1.224019389338 4.765856259396
-10.707618491258 -3.300916893164
3.100938740030 6.101014060797
-10.688749953054 5.031405775730
1.803268446243 5.129558977117
5.756631308277 -5.764330927032
-11.146923679382 6.469160450835
5.428449446541 -3.448935146532
3.620506326232 6.755721871634
-5.921894412988 -4.701161561749
4.009895871247 -5.563296661800
5.074795767753 -6.971787150981
-7.694850274351 -8.222397879908
1.459222855901 4.874244178340
5.722585799719 -2.389608644832
-11.830406513221 7.227459008928
4.340221787373 -6.019224988256
4.266639709304 4.374999003194
3.056395787525 6.884349630621
3.555436450683 -6.591859941045
-11.502382598889 7.179462314305
-8.756683637285 -6.246940425831
2.565383920556 -5.432865937180
6.006493958208 -4.994356897294
2.437517882799 4.779152375981
4.995276986337 5.201294409086
-8.118239636320 5.734423019595
3.148998477353 5.955746845711
-7.835586662773 6.138528566162
-7.354022079618 -6.301332043772
-8.518644405397 -6.470105017366
2.805046634400 6.797848876537
-6.698051612169 -6.848017378804
0.997953250609 4.192989199630
3.849284513306 -3.186303293630
4.487505999734 -3.525733534207
2.347389991317 6.900809585183
3.899004813520 6.880243958205
4.308786049887 -2.650163150843
6.840030605789 -2.457154981222
-9.862516658014 -7.322918431481
-14.050000000000 9.450000000000
0.101554401492 6.472170186173
3.771891080523 7.367760472095
3.766919383243 -7.263355711959
-11.183427118275 3.730925801154
-11.544415506611 4.989241128973
-11.578938524039 6.041304129238
-11.722604883016 6.896080980943
-6.441915050747 -7.783570695908
2.736884725619 4.623455500754
3.928277469753 4.593001304969
-7.453836132371 -5.606370136397
-10.009977623956 6.664976703835
1.040264096905 5.829733881339
-8.962120594651 4.921992372749
-8.558623428244 5.198198289671
4.862442231766 -6.098599554817
7.334935149048 -3.750215979238
4.109721927676 -4.523121892939
-7.982267939146 3.840946727117
6.113356044483 -7.324000604966
6.613064498010 -3.221206928463
3.841068364596 -4.666138306940
-11.188714572950 6.109747730740
3.270706490689 -2.355894793791
-10.544058951465 -6.542535456731
0.998825726141 3.990559537552
-9.564680995136 3.473371013391
2.322127096816 7.737240085430
-9.346687471560 -7.413645292941
-10.747623850902 -7.858215898396
-10.392373908342 -8.213256544149
-8.955111924653 -3.508234853371
-10.075122584922 -4.902821187344
7.051857723232 -6.273329731004
1.256844054343 7.623083294187
-11.362432509593 6.156348112748
-8.829721021333 2.731448612109
-11.594697972105 6.506403696008
6.347542266734 -3.544805310566
4.936609549620 -7.262076377668
-10.333593212707 5.713621871447
-8.483325870875 5.317567782254
2.982633536809 -3.232112745785
6.170244622524 -4.454771147337
-8.107133492952 -8.122545189463
7.006533415757 -5.582678714725
4.932572503231 -4.335403045156
-11.431295514001 3.001057657106
3.087066321898 -2.628970065199
5.558796461710 -4.878246277702
-6.286881174832 -3.783272657847
-7.961255171999 5.810267571519
4.083499089135 5.797863611982
1.804824793150 6.977405149113
2.095933063542 5.912009041044
4.059465975214 4.537993776903
-9.554359797739 2.949030925881
-8.107638628957 7.205314112198
2.860215016419 -4.384761198709
1.237657089185 5.609018945950
-12.193038003457 5.785466493867
-6.443027263014 -6.247214378536
-11.098366202973 3.060045078032
4.224992938580 5.767054739215
2.575286210689 -5.589521035802
-7.472102176153 -7.446644149252
-9.993282312394 4.693237638789
-9.948483950799 -7.127598839089
-8.449600755692 -3.313680248356
4.428108269886 -2.463439772756
-11.201817428410 5.702512008747
6.188272007616 -4.467508337497
3.580215718603 3.997439575956
6.712222415784 -6.322876031297
-7.915415428015 -5.699454293571
4.510963324551 5.944037712589
2.040728220245 8.183420222830
-7.893080183779 -4.753216096364
-10.505526839611 5.927921402142
-11.407731918804 5.515761885588
2.725859316767 -3.702750006824
1.716174981043 8.111085620178
6.533731973215 -5.180890034726
3.374979312588 -6.200510705322
-11.981276407715 5.279832290155
4.460556193667 -4.532511361912
-9.768578315298 -4.654934040259
3.038963104063 -6.761418071217
-12.278750074595 2.819533319639
5.330530911732 -6.394246644839
-10.041910775629 2.548624102677
-7.885880371498 -6.417575283541
4.524848869042 7.427504875932
4.774949544759 3.993509089947
5.610103866623 -5.006288224147
-7.839472221116 4.113060151313
1.756121820745 5.120640561942
-12.591297115566 5.744515191023
1.763098523435 8.496475586092
-11.860744290255 3.580364423502
-11.741997761775 3.907336347933
5.732167311576 -6.299811192182
6.443081521648 -5.065513548561
-9.111574390380 4.876691776094
7.064206544169 -3.068059090285
5.723372041539 -4.958477340540
-10.162621617979 -6.589488298205
-7.896051987980 4.108253860517
-9.547583205534 -3.325493939202
2.721554683366 -6.433281517205
-6.319034499900 -4.317267889192
2.209630073300 6.278680966090
6.419314641069 -5.234270410792
4.110324741038 -3.555433462877
-7.917675182024 -3.666667360028
3.242154034992 -3.817026900471
3.755104693853 -2.432064218503
-8.228264387922 5.981742326153
-6.781823676639 -6.531270133586
1.667443869036 6.085212574328
7.284359827937 -3.240611524196
-8.707142332463 5.689077063996
7.413645640605 -5.851955628344
-9.853737141608 -5.766676615724
-6.916253130546 -3.520507491152
4.054280012135 -4.281140265586
6.670157094597 -4.791327730845
-10.598211559467 4.924835419670
-6.235423294694 -6.353045144711
-8.339400257521 -7.060968443871
5.904808501674 -3.191250968992
-11.312748952821 2.624864635521
1.651384205117 4.830070428477
-8.732818756023 -6.834509404300
2.641951838465 8.323670291779
6.850717521550 -3.432331634247
5.934495550632 -3.523747219732
3.504791837291 5.946448790712
-9.489457890301 -4.374299277192
4.009721633675 8.054755715988
2.828009234755 -3.937478032920
0.841833667286 6.435380083339
-8.773210783703 -3.800928642594
-10.491572670104 -6.776186807081
-9.174206794658 3.557830905129
-9.616155663241 -3.806276068188
3.471821084985 -5.752436938095
-7.186710067819 -7.851367338327
-9.457412807424 -6.342813805230
4.870385422694 4.661337228155
4.373230688108 3.981614974540
-8.204495967767 -7.538868125770
-8.251388576267 4.861268207245
-9.978671074178 -8.052669095222
-9.589539791633 -6.556647405577
3.805134223475 -5.613408334469
2.827165883117 8.490557247106
-6.114061320003 -8.101982336947
-8.839569949473 4.917654455540
-10.408932458622 6.249105324679
-9.819992977512 -7.221982478916
4.304027696613 4.890941829391
2.500450053568 -7.204170701637
6.009788850781 -3.399989621296
-6.582552565414 -5.474963643881
6.947118353351 -2.563586998522
5.684603262130 -5.204127953587
4.521445254734 4.237267493974
-12.485845935419 3.707920799494
-9.061167286187 3.838657368827
-10.004031729255 3.836588469287
2.704803752971 -7.158146021645
3.384204625486 6.517353747641
-9.696787095381 4.220442579843
-7.784919717400 -5.081714470177
6.288158740958 -3.047516109943
3.175643686916 -4.230524695648
-7.709318567478 -7.103832115819
-6.615072071238 -7.474741992316
-12.022192258621 6.639003233913
-11.927051843480 5.212895881186
-10.321163467310 4.860259646535
1.952172970833 7.720816452376
0.730696506462 6.785569023892
3.565608853552 -6.607715537605
-10.005988907204 7.255027827770
-9.797251564009 -5.573523351467
-8.263049908844 2.880900474177
-9.480745464365 7.390659709363
3.394896553963 -6.642282386565
-6.388310003300 -3.776308071119
-9.139424687820 -6.238682222212
-9.119825738896 3.319634897854
3.654091764853 6.464055170930
-9.213671359195 -5.842380714968
-9.983955562368 -3.491478772379
-12.412100530698 4.528266535027
4.981054905509 -5.950810523789
-10.539946228470 -4.610115005681
3.171162275366 -5.959602467936
-7.190685856696 -4.282732431446
-11.024238947216 3.017005730873
4.183473614454 -4.780208345790
-10.123443851186 -6.287923235902
4.894137999869 -5.557793836586
-9.441468170414 -3.985620134998
4.553532144856 -3.936122825058
3.630157175745 -4.653314753737
-7.522330774883 -5.848086120229
0.680382005909 8.191796810138
4.145972056148 6.573930152825
-9.140930759727 6.947333869285
5.181476323992 -5.441806547445
-9.494960718170 3.874382312826
-10.870771249364 -3.398416604816
-6.230399070960 -6.453229229286
7.245424673514 -6.200504220874
-8.646134351687 -7.133343115039
-7.427537492444 -6.267165359196
3.734296564423 3.778486271893
2.846617723010 5.811075770626
0.615515502917 5.343198706743
7.056111459097 -2.815699737650
-12.495350799546 6.243653773924
1.128481349266 5.334257297732
-8.245258057613 5.139228020933
-10.411434584021 -4.665213278220
6.403268093352 -5.989572264650
1.032847197383 7.845069998750
-11.749723757078 3.538150026966
7.039483497680 -5.627367627802
-6.746300043432 -4.431481003199
2.966492905072 7.563629987528
-10.646129531557 -6.239069054045
-9.173356169061 -5.376959132161
2.701753605330 5.943487247121
-10.220701248780 -7.273696464215
2.467574553228 7.145222112868
6.313633175546 -4.058943845196
5.466631551282 -7.221314211065
-12.136539113093 5.112026782752
4.859178190118 8.374300787926
-9.064873416444 -4.612698447361
-9.790585519073 -4.724983088429
3.332970146454 -3.179743061430
-10.095268996149 -6.614115657275
-10.570004200889 -6.197606617002
-11.890983432545 3.370127470398
-8.779448130916 -8.220977706342
3.336158384223 -3.208980143589
-9.625215398235 -5.905213393859
-10.466226285839 -3.694307529873
-10.484859228872 6.740672731441
6.971955050647 -4.844996798357
-10.522012775064 6.342909742242
7.456287326163 -5.586250589107
5.559589607882 -6.568506373113
2.805452010905 7.071113588745
1.033626591206 7.211565161724
-9.932176772947 -4.554620306353
4.173716308191 -7.112874238678
4.365718370453 -4.330893618672
-6.554358289007 -5.742064201740
-10.811363155268 -3.758615484414
-8.765558582182 -7.004909141578
-11.199567133122 5.067707177072
-10.311304277336 2.785695959251
-5.951957297030 -7.252866045389
-8.622048698895 -3.739512543708
0.590268302482 4.830665726059
-10.774162356855 7.353881346069
2.452689100937 7.588539245247
5.797375052742 -6.733923947215
-10.450345934232 3.351490342102
-10.450724063152 4.561134218213
-12.066830574033 3.413120252800
5.487662952090 -6.698526030675
1.477093927340 5.888155894848
7.343362091533 -6.734497054558
0.449206798646 6.877250429251
5.038671060192 7.402010634927
3.445583842695 -7.194928996572
4.473804806234 4.898121004834
-10.213462914649 7.321176368807
3.601635767675 7.507511307206
2.979225609627 7.514363205849
-10.917836418920 4.877312789202
2.422958495962 8.348717173716
4.740059281130 -6.371084660503
-6.514239049116 -7.118931422984
-9.756504967260 2.841291533195
-10.440633637165 7.155986925658
-9.084776560096 -3.787015796209
6.052432108648 -5.442416874570
7.403569544668 -5.080958118698
2.645168711189 -6.941953707385
6.016181708400 -2.381193308599
1.832185267577 7.057684054512
-6.946284649183 -4.140353700867
-12.144875391379 5.452031180071
-8.461472331660 -4.534400531903
0.990997722547 6.479479877669
-8.539109487950 4.332485054435
-6.111169435454 -6.769587069153
-8.700148734628 3.053274889446
1.808258690308 4.379886440676
0.759350590571 7.496428465734
2.197051097327 8.180772838412
-7.699681836251 -5.964175269824
-9.414779160894 -7.727102775711
-11.639424870853 6.913928183742
5.437737733360 -4.866377014251
-11.151119885556 4.754090098640
4.743669753266 -5.201732948671
-9.970075660767 -6.407883208121
6.777388095387 -3.433524858089
6.696227004822 -2.547739721862
-9.005597522011 4.844573629221
1.979533936984 7.777863883893
6.912178612739 -3.342361706694
-11.190142700326 3.058996344962
0.271208951380 5.931463946874
3.539042596280 -3.376428603591
3.488915207682 -3.399222802742
3.010983009075 8.271869603825
3.939438825347 4.477316063163
4.940960863324 -5.127453459525
3.200379649716 4.993004715936
4.401690673595 -5.671267549761
5.880079032027 -3.680830385542
-10.055354745491 3.279945128321
-8.460424232219 -4.850610888466
0.485148621941 4.063580515738
-7.363190825154 -3.902193085257
3.352634373777 -7.027299715463
-7.736931657530 2.689270626901
0.151355141454 6.044601401876
0.248693877634 5.370367927107
4.213957370925 8.692927304380
-11.484520142350 7.060041150318
-7.061735503223 -4.124056113400
2.939466091321 -5.492429736226
4.800866217455 8.721458325831
4.981705399899 -3.682664947659
-10.302516414759 -5.085385531426
3.282440846323 -4.933335527042
2.724486514538 -6.906966148505
-11.430248176416 5.233099252141
-6.844152359120 -7.760558218306
4.839782167953 4.374875558425
-10.057498387744 -4.994120301774
7.016874451615 -6.384179156097
3.008883929387 5.884518825448
2.003853664593 8.578650113322
7.160326494749 -4.112916565110
1.173075519241 6.038746710968
-9.468570849497 4.613162634297
3.195336604498 -4.419986412872
-9.712874656165 -5.891822987731
7.299558657151 -3.910645929810
-9.395100588123 -6.106479463264
6.729769391662 -6.650126706504
4.557402939149 -3.240629243001
-12.371302582504 4.456647698407
1.136138568316 8.086223934156
0.646076607588 8.232209771427
6.453857363670 -6.002164069546
5.362896543370 -5.138081887789
-8.011951792657 -4.864969237538
-11.014536539225 4.208621845140
-6.669155790550 -7.859829662783
-9.692163141919 2.936468860449
3.476957347784 3.841260314255
6.070815733973 -2.534008326359
-10.616461026608 3.925480147004
-6.311793551259 -5.115147963884
3.912603955963 4.318774259842
-12.471476771596 4.951349393304
-6.051690773448 -5.820590873909
-10.252239194389 -6.555377113241
-7.427337012610 -6.292414512060
5.884578578867 -5.830849401656
-9.904837495672 -7.868404661150
-8.714289200279 -6.264230846931
-9.281599295039 2.622741263543
0.435184226605 4.601873543844
-10.511249415845 7.379779605756
-8.919754074623 -5.685871322407
-8.018654576650 5.998221673407
3.310909955546 -4.448825180544
-9.384565511831 -4.600931610276
0.609949073145 7.667024606271
-8.582908592145 -4.155427203611
-10.003175511442 -5.223152355372
-8.879020951094 -5.140432880582
-9.866134656806 -6.482171513172
-8.904892411016 -3.863408203831
-7.909723620337 6.825142802531
4.071567234270 8.049001518175
0.507861086890 5.520017611674
2.738475692216 -6.660853491051
5.388071208831 -5.526129620858
7.325917380908 -6.151964413054
3.994812287202 7.301048867461
-10.593798717693 -6.861267402184
-8.432121285602 -4.513742301382
-9.691403520473 -6.261603157862
3.060280839251 -5.512359866953
0.554217618282 6.724141383960
-11.028703475513 5.818808998901
5.134970056679 -7.293540722822
-11.507178200410 4.606986251363
-8.494182495228 -3.306659765981
-8.098600623954 2.859497078144
-11.497178779259 5.342330447858
2.818153745348 7.583742393144
-8.819321476967 -6.120437466350
-7.046659029033 -6.630727327729
-9.466556217499 7.213755677538
-10.816723537357 5.781778655164
-10.613308835172 -7.531821636121
2.320480426901 7.591183657728
-7.939511678015 5.842656915435
-12.423575950777 3.002692534671
-10.213409318319 -7.772712374854
-10.338350613548 5.573791722640
-10.806332383863 2.869607568750
-10.612900026446 3.938741792227
3.879210217184 5.279802853192
6.692427727209 -5.102921800188
5.852963078389 -4.474818815859
2.598126165794 5.151198460016
-9.907476948007 3.517566748922
-10.546625093708 -6.188512607467
2.543021431103 6.088501231591
5.485902492564 -5.107888636578
2.711957112969 -2.369870246080
1.326828788876 7.260657109410
-10.813845308226 5.280697435189
-8.155465049226 -8.065271617858
-12.159319847175 5.745479867568
3.923580638882 8.476153516078
-10.475507092242 -6.937865667751
-8.380529435737 5.431110069699
-11.974204407788 6.777850547448
-10.636861408530 2.722307734098
3.840670726831 5.790051200887
2.915193861390 -5.268243783858
-6.929540104273 -6.473129963294
5.601496991302 -3.312334863236
-8.253847311547 3.907270792016
5.495229618820 -2.924954067273
1.890001608774 7.927916355518
-6.684644230280 -3.637124446015
5.417880116749 -3.775971784116
-8.113003222733 6.348359902800
-8.004309239136 4.602634893559
4.097473956151 7.489951147528
-10.198364098237 -4.298467475709
-11.235254726931 3.499386685030
-11.966514522838 3.386439656092
1.347907099006 7.433455219613
-10.845115720173 -4.050677619713
6.758008741384 -3.225581411150
6.823080513943 -6.581221562582
5.398364205852 -7.080874824547
4.237863527926 -4.838079638263
4.869744050375 -5.557010074056
3.648728856344 -6.049369109954
-9.008115043653 5.485124144458
-9.105840325650 -6.376031183704
6.610532086488 -3.340174760966
3.434225959157 -6.764101113695
-7.863708511636 -3.703170516973
2.834977986052 7.662819484321
-12.560962010442 5.802064473343
6.889309295161 -4.793807448261
3.399595222924 5.462062971858
-11.738234516311 3.056921031972
4.206647246750 -6.334334557413
-10.298895543497 3.192639345280
-7.583397882063 -3.342002517310
2.892858118939 6.682028570965
-11.003058431641 6.712267350508
4.870490206022 7.748543881475
3.761913181999 5.658226784080
5.683086360696 -6.540132284717
-9.871652316214 -7.438644486749
-9.662134615423 6.593145538967
3.972800464284 -3.483683257376
-10.100654060261 -3.325165958879
-9.592360477567 6.863908711689
3.678446104660 7.242564030233
3.251476337957 7.645407650453
3.457745020392 4.122899854415
-6.582650035549 -6.979750115847
-9.981402668070 5.686212713465
2.345754390504 8.232111788902
-10.580689434952 -6.081090824236
3.363668912386 -5.734785290294
-11.501424608637 6.732342057065
1.600965188579 5.369573224344
3.928916260055 -5.315209806161
5.216229870335 -7.237273252334
1.695625975156 5.308685276962
-8.488470627688 -3.694895599300
-10.166972965880 3.690706202408
0.425378618055 6.183608843472
4.112697771557 -4.811178666631
-8.978623919292 6.877577206913
0.257067700722 8.428214578727
2.105765232837 6.753001763156
4.101594177896 4.467827459296
-7.693230401135 2.735744768334
-10.189691297074 7.180195526763
0.382782253339 4.675981078251
-10.227481788928 -6.692916564996
4.342976363064 5.191284653477
-6.425681876178 -3.958524208909
-11.141578614309 3.734847059522
5.469205042869 -4.802192919628
-8.160598784613 -6.619437350210
-6.878083989017 -5.798173856036
-11.731429837629 2.925343147883
3.713893119631 5.227072979097
4.608987592625 -2.767818745019
1.853033845800 6.971906503107
2.691300931812 6.109033661609
5.794280544734 -4.598714514962
-7.933885088640 4.661329473031
-7.558908475742 -7.550775775019
-10.058068051525 -5.477982594159
2.175428236265 8.518281737918
-9.886516741019 6.920502912075
-7.523026377159 -5.475248259321
0.525821175093 6.009309710438
0.641124369472 8.335697518569
3.494806949217 7.173696007239
-6.150649847066 -7.101974467703
-11.517210929015 6.287726937661
-9.336866093022 -4.522976349470
-7.457951506049 -7.687751062269
3.898397238795 -2.487859995485
3.385772381918 -5.497295130568
-6.837925460324 -7.034383145330
7.042761267714 -6.713313886916
-6.094517526899 -3.757931305500
3.081777846101 7.649383756409
-10.275299105497 6.551422664708
-9.806105296463 -8.190257065142
0.334392849782 7.688797210853
4.006861537221 -6.086112693762
7.097147317445 -4.501573122345
-11.337270374618 3.372622005259
5.542487090787 -5.639936277196
-7.724537132534 -4.591384865842
-7.061818377314 -6.406723369539
4.247632022937 -4.140282419017
3.097643060051 -6.207912179923
0.142522890853 4.821007523402
-10.822311796885 2.474901247023
-8.432266741528 4.058509874956
6.875057661657 -7.295318901624
-10.506753502859 -7.660786609443
2.552166035352 -3.156219787498
3.933427081166 -6.243368513300
-9.401652879470 5.017207138077
5.028344532882 -7.133503853917
0.872001078192 4.538897964795
-11.031820770554 6.248870781492
4.213413899649 -5.612659199042
-7.965204433209 -7.571629666465
-8.627298577355 5.226052771321
6.426916433153 -5.458780390359
4.101738661005 4.809926221097
-9.104242162338 7.256115874038
4.586087781618 6.774265098925
4.928571308275 -2.903179995384
2.846242824015 -6.647391306429
-10.554390438623 6.437908630102
-10.806678888019 -8.196960893992
-11.675733830868 3.279948213744
6.160159677546 -2.597508944490
2.066088174889 8.490084996283
7.269552475447 -6.817392330063
3.517724324902 -5.149052955308
3.045514982471 -4.478421703576
-7.787581671796 -7.382338632651
0.387979081877 7.377737324402
-9.997675914684 -3.592441165200
4.114698823227 -6.975485330714
-6.892983205064 -6.459213919617
-8.692400706572 -7.934754980919
4.020111989720 -2.636571094596
-9.294901551499 4.326765355760
2.944060101917 4.110775281426
-11.344307713424 7.126682803664
0.943049321205 6.760759797885
-12.145489866115 6.093250731291
-9.045319199919 -4.298692573788
0.318167914029 4.167326349303
-11.395002419022 3.197379060448
-8.817548502276 -6.119356662672
-10.228950865776 -4.700392521502
4.646374638692 6.884594027369
-9.019999523996 3.923310580303
3.839701400525 -7.176311532144
-11.539805714036 6.459435367028
3.415247581201 5.787545517214
5.774092406340 -2.647356110754
-8.132649678799 4.385214893585
-7.730477657743 -4.772768692684
-11.457361556654 2.752763307341
-8.910126247433 -8.114172471857
1.145185825887 4.675761081619
3.361459490651 -7.130158099332
-10.416437257480 -7.653009029792
-10.009541250294 -4.928664533320
2.534509561302 5.755667838841
1.344555889285 5.080238326488
3.332855425914 6.302941185773
4.101919109894 -7.195611424622
-10.932398110688 6.984532412733
3.169251007055 -5.242666696211
4.802342663158 -4.515669666885
2.741808468124 7.897027866670
-10.439589991298 3.609636648847
-10.797482290621 6.833458993019
-8.647752479376 3.371020154107
-10.130393154599 7.070608833245
7.208858610971 -7.312855925856
-6.220772451560 -7.288316214005
-8.001451795067 -6.036885811225
-7.921654976920 4.246136396467
-11.218832760512 2.787638955394
-11.017348833149 3.667097463879
7.166148086014 -6.073460137858
3.504463850341 -2.783939990051
-8.464310814633 3.452133636890
-8.590330249130 5.104946466273
4.106263463521 -4.996951198070
2.895073242320 7.462653567615
2.693767859955 -2.910601457681
-8.342338231551 -7.897366773054
2.143538815747 7.829472522109
-6.092013298604 -5.888655472312
2.935809884205 -4.410019238561
-7.206820249677 -6.427673210800
7.390910560105 -4.278799017845
3.871796106928 7.720905407862
6.423889516802 -6.570713909816
3.325734740700 -6.007725259781
0.693077176918 4.307529559147
4.830780077239 7.975171367825
-10.154833966239 -6.106959317495
5.738116797192 -4.235339958973
1.332738791932 6.890657752422
4.998756783377 -5.249544103918
7.040766430025 -2.972723104723
-10.765359085924 -7.087016915788
-8.463703196248 -6.241349605968
4.414570526545 -4.969353474184
-11.400510218930 3.265599959528
-8.513889786980 -6.697365060896
2.604814661400 6.363718604640
-7.534876775312 -3.400459812953
3.473406185113 6.568341685142
-10.004410151744 -6.076363806231
-9.478204190181 6.453949568887
7.376104452155 -2.623528307658
-9.405791591436 -6.555796867091
4.537871396832 6.661562888090
-10.999136493204 4.457230471363
-11.071161909116 3.877451285080
-9.588673309607 -3.671553606151
0.217953518726 6.785082082093
5.329238656820 -5.516567506148
-6.142995654993 -5.566274493621
-9.562691356462 -6.133210020948
1.894312001968 6.827386222869
3.489370856373 -3.456264314782
2.818731540913 5.941699069276
4.735026809706 7.423229258920
-9.729043302441 3.877315506806
-5.989867067223 -4.921696756719
-9.814210266025 -7.814493645699
-8.553998503772 6.516474627093
-9.305234689170 3.054944013266
-9.978484897093 -4.000625034919
0.095765318296 6.937834533102
5.064148093932 -2.805327947204
-9.472874657473 -6.065533949920
-6.849352577997 -5.169287234520
3.216793977333 -4.389961928192
-9.260710264997 -6.211062481118
2.609078543969 -5.073373520971
2.709142017726 -3.978453912609
1.106327129468 4.775456397040
-8.631904676706 -5.214763743289
4.486910906568 -3.405883094459
6.430740280876 -5.432963771133
-9.443214969107 -4.025376307517
-8.849384612741 -6.598199355850
-9.555056325376 6.015512154724
2.914731044131 -6.997883652633
0.893723615263 6.534979692897
3.497508757646 8.385118608245
-9.502120280622 -6.400776289036
6.007911576347 -6.280862644072
4.326489268885 6.182013921567
-7.522843698729 -4.848164878962
-8.680675210895 2.900777265758
-7.061040725924 -7.255745996137
6.785818772368 -4.859423932313
-8.189182897936 7.101105560699
1.000205695870 6.449642466923
1.280930069096 5.175466810349
-8.826764005784 -5.962903853751
4.370278427221 -5.806558341140
-10.072719602257 7.309302692151
-10.727484489249 4.590427259619
4.717733496287 -4.257078484546
-7.575449786091 -6.183033557229
-9.396591898389 6.751552106982
2.464990651282 7.762404696017
-10.849398697219 -4.906670001672
2.778350928441 -6.838223610138
2.929811601565 -4.674164204937
-10.979041551211 4.138507982507
3.090988535430 7.088430739061
3.477657928536 6.224469818178
3.398381410228 5.860689441222
-9.445494616250 4.019102844199
-8.991133194332 -6.401268271628
-8.181121398883 4.251181616862
-7.882168583037 -3.465578530183
5.613943065263 -7.320563105196
3.985509213721 -6.617193322178
3.823801218629 -4.376729125426
5.321120495701 -4.089741920473
7.155036454301 -6.102326753008
3.002712749189 -4.639230579955
-8.304882578295 -8.042613768433
-6.751833472406 -5.207105608616
1.186580046071 6.926640047114
-8.122912911881 -5.973410698661
7.021008335798 -5.254228391105
-11.062260064379 2.785730619528
3.091531759551 5.443167383337
2.397838246181 5.854330677347
-9.275488163661 -6.726839621440
5.375253790874 -3.762817107412
1.529693892614 5.490070672751
2.023496708001 8.682387379244
3.451134610832 -3.977174302030
-12.268868522016 6.295401930826
-12.013231092576 7.395330967668
-9.892371527418 4.515726244063
-9.419414008283 -6.299471857843
2.197147844450 5.111702464426
3.464437356811 -4.717614402485
1.515868775558 3.975312944289
-8.831017380761 -4.232418959067
-8.529306190776 -5.435175288547
2.107662226025 5.598489614548
-9.687888221487 -3.333349689847
-8.416176670756 -7.470099088220
2.775393836191 -3.640202952990
-9.821919166177 -7.015534497660
-8.242359442359 6.395143647136
4.887608492003 -2.848626453625
3.918373538204 -6.092713319797
-10.473038762307 -5.454982925021
5.949569118227 -5.783553647121
-9.760746905933 -4.640471783436
4.877814130124 6.019074631057
5.293218363169 -7.178635861370
1.464020914389 6.977911759159
-9.543164335518 4.372318816842
-10.909890743734 4.134767601611
0.262542989259 3.891253739141
-8.299462288115 -3.453659145159
-7.763082233821 -5.493775324127
-6.842738772685 -3.630156079443
5.860598433295 -7.282435961083
-8.793622213249 -6.781107766443
7.226675110845 -5.473640977843
-8.999186696200 -6.610818654031
-9.053084402923 -5.475617480485
0.943763764369 6.217723691363
4.775708193742 -5.904267481222
4.017409352285 -2.370639539003
-6.245188915969 -3.950611150404
7.098293761173 -3.151401530455
1.710962675973 5.786659755394
3.438377774110 -7.102747775965
-9.627233536920 6.996827990046
-10.289681740791 -6.782229958756
7.037656630597 -7.055268695200
-12.342801747377 5.374339089057
3.593905487766 5.286919922970
3.414219230470 -6.371286055537
-8.146266210229 6.595454614539
-8.109053824084 -6.967176903237
-8.619793367165 -4.077737262677
2.375105678841 5.472849044610
3.623795852365 -5.241869074919
5.198778473424 -2.376619839960
-9.619014652240 -4.235456935880
-7.389002647288 -6.852072241821
4.054067248569 -4.697059507527
-10.932714060011 6.363166108168
5.996439994724 -5.222497942763
-6.506478638713 -6.241606180266
5.115503921037 -2.603406675878
-10.583307242038 -3.547822158150
-9.376956394348 4.478810750505
-7.645741931187 -5.904097571151
3.454735285378 6.052744820984
4.268292465345 4.691524302052
-8.355991491391 -6.122165617422
1.093232789717 6.040050878118
-10.185423745802 3.108182666904
3.878646024163 4.864282138269
2.540798813074 5.948021714079
-9.551757758127 -5.119397330259
7.034094275241 -5.238088865638
-6.122701464681 -5.745158132938
-5.959152301949 -5.893348978386
-8.252525334715 7.293578374157
6.203219168103 -3.675148651826
-11.570769486752 3.867307119998
6.419362181607 -2.461662150018
2.273685941899 7.846748711283
3.165326977660 7.073465002573
2.770437809461 -2.970388221706
1.142585493555 4.540578695459
3.588734876646 -5.351550363493
2.959591437745 -4.304629490238
-10.524099012815 -6.240297662997
-6.236410882002 -6.658570754834
-9.945554045547 -4.992008094824
-5.932023197079 -6.044561477449
-8.647088185313 7.405560313503
-9.382124319391 6.600514430010
2.566977483727 6.078006444719
7.244692981002 -4.159999976680
2.774676305640 7.344127846594
6.953473848278 -5.313676619418
5.863555018676 -6.348104658555
1.934492678161 7.342672477019
2.880654810597 -4.507818236423
4.442121081417 -6.291554810667
3.232714204343 -6.115335089166
-8.572878535639 -4.804301308074
-8.675882292838 6.697378675882
-8.300845309857 5.712055515398
6.137524818715 -4.395778290576
7.159730264694 -4.266071882775
2.125430187999 7.573034667231
-9.101142860928 2.763322943540
2.024229689517 8.551889088255
-12.230059352452 6.908283151469
-10.858486816496 2.751682411490
6.052723042125 -3.839112519445
3.774357715219 6.523600429567
-6.227082588909 -3.968619083061
-7.570974883570 -6.309923893035
-11.701978921653 5.809571767617
4.184887289232 -3.699809340546
4.859798735115 7.855808076559
4.637707403093 -7.192222951332
3.328782113909 6.323248135397
3.471010015608 -5.698442035177
-11.897381617446 6.991270821009
3.534280342320 7.545907430020
0.120205818959 8.741840012773
-10.808169847264 -4.160416756973
4.493623465587 7.503271521072
-10.503154548390 -7.203215462362
5.582805143798 -6.114978049621
-8.354742715780 -6.469460320984
-8.961478608978 -4.529457239084
-9.979780476316 -5.789693150514
-11.396786187008 2.920431568981
1.186766204466 4.067409160740
2.732539906796 -6.171241933643
1.945219399213 4.033604302421
4.241073509309 4.837281665181
2.236644029181 7.026509640106
-8.261916384033 -5.166462158614
-11.894326748170 2.686534657159
-11.254093234837 3.821556967964
3.446121285219 4.774091624678
6.601475603797 -5.897556856930
-11.895815302346 6.592115569511
2.576489734781 -4.169643936559
-9.531170035785 -3.295071038397
4.751130291139 5.491130309264
3.716069460409 -3.718332360790
1.169492745659 4.663397041946
4.850850838853 4.843991669251
4.300292935475 8.287669889534
1.805163494538 7.415559371567
-8.269169420137 3.250849267913
-7.954051000636 2.967523403456
-10.763586904562 -5.991252257009
-7.723903159676 5.174306018528
-9.441031686653 2.954708998757
-9.639868520797 6.315065018688
4.945718760108 5.138171688677
-6.147281132536 -7.367997526206
4.094641538319 -5.703869995634
-9.871442813349 6.235185963233
-9.503515703809 -5.896698191101
1.693679748048 4.146219236813
4.740533938527 -4.385852335277
3.441715027412 -6.306306922280
7.398211389138 -6.048915662401
6.196101404114 -5.361556438631
-6.568699172020 -3.972076480039
2.724058984765 8.464376953614
-8.430380419652 -8.092352133615
6.657065496945 -3.659444070989
6.778854224253 -4.210921338809
2.776690158637 4.746806443768
-9.180906362796 -4.036263055419
-9.142379021304 6.085301386465
-8.355678062422 -4.281279744645
-10.728191573468 2.500109928234
-5.979407043177 -3.626387329584
1.255790040069 4.489764162219
3.558169679706 -3.350331473815
-11.696530118598 2.587593967710
3.120183402665 4.036205541076
-10.411796531063 4.121310123049
3.046027216088 -4.843559188307
0.736759060816 7.597975749723
-7.841654953873 -5.420551975005
-10.613478564092 4.193277879366
4.955504646031 -2.843920176823
-12.268109502304 2.739860639146
3.614305933405 -3.444960511467
-12.029089466765 5.657520509448
-6.678900901332 -4.605807802891
7.251455079824 -6.992686369875
-11.500488505476 5.815405837165
-7.012416823799 -6.311907290336
-9.854875535311 6.116255463277
-7.910868571130 -7.642442499789
4.428138256305 -3.216077120969
4.228080492742 -2.958712731286
1.210324481493 6.656189313027
-8.063929308292 -7.513134011400
-10.292684675070 -5.448187330436
0.223784002481 8.173593944726
-7.804276934553 -7.920593201212
6.783434583019 -6.430958457311
-13.475000000000 -9.725000000000
-7.551803400481 -5.715077271114
-12.385384346296 4.898423224890
-9.007169162830 7.018933139262
-9.346116738618 -8.087194923063
1.926159646048 8.577530230764
4.358091238353 -7.025799496789
2.855002685642 5.025738385379
-7.117694952452 -3.984483294311
5.023683716367 6.063399163940
5.849949812680 -6.162312433595
-8.233007040271 -7.103292126868
-10.246737559718 -5.913564284935
-9.463624516957 -4.481699214917
-7.710069048264 -7.837385319035
6.306331363538 -5.178147202519
-11.795059177278 5.492432841479
4.909932077375 5.088868541506
-8.492383692589 -7.381878286302
-8.746853381855 -5.918548055112
2.556622315818 -4.740466662963
4.986713510731 7.588953844658
2.199032058239 5.836408169883
7.442413082887 -5.423923959090
-12.059530538149 3.712708884704
-10.294722714714 -3.570150002946
6.267191992813 -4.314718141934
-10.424806478070 -4.862907583576
-8.907628512471 -6.349543026735
3.769076853531 -6.499018265111
-8.587593306350 -3.898977295512
5.803077379052 -5.157375697657
3.275107500165 7.142086110831
2.862956248268 -3.713253765895
-7.888454380362 3.884948596770
4.795268136000 6.332794432128
-8.122660439201 -3.745249450279
2.528732691201 4.649399448675
-6.335413822727 -4.409883404748
2.564147281362 -5.801196082854
-8.147283110830 5.903353627209
-9.931475979862 -4.967990190503
-9.918227034640 -5.362290083299
1.881953254981 6.845298471251
-7.977833147885 -4.362909172568
2.966347898851 5.143566014408
-11.220971332514 6.376566927159
-11.120411147796 3.691240502814
4.510319468989 -4.935774713437
-6.821070652808 -7.930550495541
-9.972064432622 -6.394340950697
7.205254398499 -2.802679189301
1.913126611994 8.205891160518
-10.291158530589 -6.704907925335
-10.162759735226 -7.292879789680
2.273592175963 8.135005052766
-7.335967641617 -4.140855162024
2.190761139602 5.043793475775
3.311096882807 5.918441915750
6.282046751268 -3.456242257366
5.297369241454 -5.454634294738
5.099403685222 -4.862537461693
-6.653374908007 -4.692661858732
1.139569436262 4.954865768583
-12.350036776841 3.877761697262
-9.175062444101 6.029433178824
4.886395571070 4.279028629267
3.318478289761 6.480715143552
4.021676978239 -2.908535863026
-8.029066472934 -7.669874602002
3.447173273602 8.246454692474
-6.463781259997 -6.398646320186
-8.203382656188 -5.624602732878
0.107526885870 4.504566240184
2.747370236932 6.714715453913
7.218207068680 -6.375134760883
-10.004676160577 -3.976004320725
-10.372263838807 2.977662207765
-7.869534136752 -4.713462831670
-9.900593785015 3.890738182738
4.172398582733 -7.312613871729
0.252299598230 4.137048036312
-6.849280267720 -7.758452897381
-8.173744932946 -8.087609199629
-7.911860730538 4.400206576881
1.202852481599 6.826022953451
-10.456199689071 5.740448651630
-8.269204413329 -3.644472224137
-7.059910381626 -5.631304437156
5.613720726478 -7.098825798932
3.150196412589 -5.502110933342
-6.276867252386 -4.855752465488
7.040254103118 -5.554771446729
3.172961038060 7.837403613786
2.758483772640 -6.531397499760
-10.795075114497 -7.091099279834
5.022007735082 -3.450844500144
-8.816601479285 -5.935767372593
3.160732382539 8.457456072996
3.841319006460 -7.212589318918
-8.550229257641 -4.239705337603
1.044237840106 4.765974905164
3.427448958943 6.539841885346
-8.096172636058 -6.324620238874
-12.123263500736 6.069743237992
0.165006789584 6.640425279730
-9.674172806314 -3.487342839569
7.088264073903 -2.546571724876
6.849061129555 -3.629036851752
0.698306099277 5.796921325837
5.031727317531 6.218561571069
-9.177140363254 -7.549185681368
-12.102040775729 6.018134426407
-11.661384588917 5.443944633013
5.448259853138 -3.173179344013
5.651053955325 -7.280527370429
7.021663006152 -2.687464071067
2.218077380395 7.549184390480
3.421410790669 8.196897255497
-9.806482790385 4.102591488468
-10.929447576509 7.420460017104
3.880376269714 4.487636570111
-7.103971842237 -6.787788720697
3.407242011384 -2.427310522043
-6.198746997592 -5.457798582906
2.720055045214 -5.317636511653
1.194900108519 5.973685307105
-6.718010937196 -6.781204123748
4.699728632034 -3.485777029913
6.138912314867 -6.546795106982
-10.379485870197 -6.337210553149
0.149046033586 6.807718646521
-9.135577034921 7.177007968169
-8.267432289160 -7.009984290531
-8.547608697535 -4.532717921841
-9.567933880314 -5.966519586423
4.423047931355 5.999335082275
2.896265476245 -2.390915382106
5.864541885006 -3.330387267062
-9.291902893270 -7.693557981509
-10.526538398450 2.996782700782
4.863212676380 -4.023055843137
4.143313592147 -6.353720270826
-11.036126834293 4.510533826515
-9.299061350965 -5.125249355504
3.213074637706 8.608909113598
3.693092234428 8.509103890393
-10.190083511389 -4.912386475827
0.599582740939 7.650697355045
5.371024513587 -6.629709911253
0.154157066465 4.470254521188
-10.619896522719 4.147980860669
3.537638092130 -6.746720523386
5.029044605825 -5.138722881854
-10.486902861420 -5.806602396276
7.216216348366 -4.228890308428
-7.936808350555 -4.410725849985
-10.461706531690 -5.749297486523
5.878180962772 -5.131646607193
3.851932071875 6.873061893415
-9.883032634998 4.868137498706
-11.799668518176 4.702227952927
-9.982062802793 4.157531974324
-6.235610066289 -7.910708730325
-9.403552641805 -3.283048120871
-10.877385964290 7.375924292798
-11.574816603967 4.170880747587
-9.836693217382 4.564996283877
-10.731360031791 4.332135935932
4.530976847780 -6.906580811939
-7.957385509348 4.147447620865
3.439034182506 -3.111873782299
7.139485068150 -3.407118001341
2.838203528389 6.856535057740
0.393519254941 5.911232013098
7.062011872328 -2.452904838382
5.688320844005 -4.246704048682
4.453672636170 8.403355075522
6.969291136889 -2.503158311159
3.852974919446 -4.739590370991
-11.322994763452 6.056040733268
3.318604676129 -4.327019283052
-10.320299032959 2.688970370925
-8.582751971891 6.191206408855
3.381691239318 7.554080001594
-7.009403763092 -6.579247987994
7.111840058878 -6.137153087579
-8.147114782142 2.807705666009
-11.677240903681 5.154507256888
-6.349079183692 -5.977696989091
4.579695813024 -4.087453721854
6.895500960747 -4.951716898227
3.164280652638 3.938683609603
-8.798501401177 7.339859614138
1.552589352684 5.174198150661
6.895582832727 -5.413841767232
6.633616731616 -5.373212993162
-9.104181687471 7.345459945612
3.255693518827 -6.682207241870
-9.296751862375 -7.500025563614
5.339929156719 -5.435338941817
-8.957562592647 -4.315244365541
-9.282112315455 3.033304605472
1.581714927705 8.398116119195
3.335102306727 4.983043945593
-11.523394835120 4.342555032356
-10.299605519640 4.850151924787
2.826650127468 -5.163028342004
6.402309675862 -2.381779926982
-8.316885900881 -7.355563447535
-11.315446063640 3.012619520802
-7.934753494861 3.553414964271
0.363161760721 3.935732372678
-8.983995891992 2.613263746727
2.967733634073 -4.433829947094
-6.728599264169 -4.642664850355
1.056906533933 6.764572822016
-12.475857203933 7.050749922169
-7.607206284891 -6.172956490859
5.109789728739 -6.688939422446
3.022452758854 -4.111403198259
-10.363616840772 5.834709504801
4.821957108066 6.791982221034
2.925576641687 -5.695178521014
6.458767239190 -2.384202910642
5.371564505595 -6.462497154355
-9.919586283132 -7.871241881829
-9.754317352155 4.207509395479
4.371766090811 -6.432364067700
6.867743731356 -2.669786796167
-8.392696169025 -5.098714080051
7.110153790911 -3.363477137330
-6.353085045125 -5.639938311842
1.069381344037 5.798858322338
-7.992234523665 3.347698903158
-10.136012837632 2.832534690723
3.014411518012 6.466748055822
4.230714340365 5.631526597440
5.933091496791 -4.203282903746
-10.797198791012 5.422306247429
-10.943245064143 5.156027499784
2.575416990283 -3.477647286535
1.626164771755 5.457430409572
0.194679890331 7.048809064023
-7.629327563455 -7.615470582359
-8.388947855635 -3.689998698881
-8.789510767382 2.778916810012
-8.181463003718 -5.151657052647
-10.899602503957 -4.598034611937
-11.676822690206 6.979153950029
-6.574246403913 -3.752037084820
4.358319921926 -6.424426564300
-8.268857294623 3.617295154272
-9.759011932357 6.994605337358
-10.345339770886 5.777506389448
-9.337703462746 -5.342979081708
6.723502388611 -4.695577423373
-7.038884306126 -5.460380928174
5.464012299143 -2.610787076011
-10.841847677073 5.966689386424
2.878865906944 5.672003114895
-8.244392341566 -6.155848042126
-8.027903191266 -7.090162635948
-9.185513746640 6.546592043069
-6.592343432095 -3.447356475013
2.838710762482 7.482147631515
-6.038009118436 -6.063806841821
3.107287696556 -6.592650458725
3.028918838002 -4.942218873032
6.581402292287 -3.742427330944
3.566551915744 -3.636960240668
4.939758798914 6.647889636904
1.950505629584 7.901067765398
2.558849130728 -4.612884485069
-11.352434856770 3.439618149554
2.800036456141 5.407273344756
-9.822366808544 -4.999620892186
-6.730174925002 -4.168763190094
-11.085427173134 7.342047688055
-9.987582944600 3.071640381327
3.143519444375 -7.149882501702
5.766158416321 -4.917020316567
0.912696956902 7.250440668932
-7.762726118350 -5.400393700276
2.575443185438 -7.051636176562
-10.389552503810 -4.250971736948
1.853369188101 4.197521268948
-10.476882394916 -3.283974745770
6.851801912788 -4.221739088024
4.656601317378 -5.947676509729
4.008033179605 4.981648232805
-7.485633310891 -3.658258574435
-9.169070204731 4.685844089079
5.296534035563 -3.773377117472
1.950471462593 4.268070407755
4.112709247296 4.340453871601
4.230216019072 -3.698845180139
3.819201032760 -3.676458981730
-9.758773919606 -5.366042630094
4.207687828917 7.645622798002
1.136571470706 5.708756341747
4.193477985074 4.824178361296
1.150766981771 4.548724275943
-8.068393197342 5.547529834390
-6.315757297188 -5.482264687168
1.726564317802 4.162656415790
1.914585798992 6.847860187579
-9.309099922752 -6.237115639507
-8.811371126478 -6.388952670533
-10.520157164591 3.677872348414
5.019838693560 -2.548809505968
5.787707848089 -5.425219575260
-6.811115143134 -5.063709770805
-10.373569830684 -7.664618312058
3.171858195024 4.144887190616
-10.001779541491 -5.745944259094
3.242979454494 -4.418094286671
6.517315906314 -2.688395327781
5.840871664167 -6.461128469276
2.729505622551 -6.300196551176
6.668846691952 -5.429908622011
-10.286100556434 -5.607284160890
6.101547544872 -6.366488825119
4.285463266216 8.480416678702
-7.023514135122 -4.523414651425
0.597352944241 4.692090975753
3.180128629958 7.978362783360
3.477901034577 8.322628550745
-11.433518337097 2.954136019487
-9.721854319167 -6.451746224845
6.891438964177 -3.163023287837
1.840379393668 5.152407276780
-12.586603604264 4.162814495393
-8.927398280542 -5.579202698253
-10.255832195253 6.439833253049
-10.788714852793 -7.667665485016
-8.005304040398 -3.714554431842
-11.020803817866 2.502817014116
0.411291004821 6.582649320751
1.388443487569 6.077157483431
1.616364310127 4.822485721258
2.027609401707 4.905434116207
-7.967111116535 4.449605401484
6.482382587550 -5.732517344854
-11.278831897539 7.041005793796
-7.770736131737 5.609643198556
2.562525717279 5.588014855762
2.686802499931 7.250591017689
-9.435892490810 -6.986674843010
-6.721904987635 -6.457342987921
2.790570889920 -3.006038639264
1.927693561419 7.331082304693
-8.086926354444 -7.297708860554
3.405010466259 -6.899969880885
-6.870577540400 -5.203286720010
4.928839865282 7.933772540649
-7.915315663680 3.214257844337
-11.943185427295 6.181280441596
-12.543965060141 2.715420134772
4.436892604510 8.625930667571
2.013462017113 5.076600435077
-6.597215663593 -5.615400894609
2.588034591092 -4.495164048525
-10.621371946915 4.383249906439
-10.778549948459 6.766770488897
-10.650783564172 -3.952704269513
-8.634410019358 3.831186336642
-9.779185854276 -7.840458500148
-12.070065891610 5.436354166230
-10.814588115010 4.456020202254
6.100999331236 -7.202877185285
3.659717874551 -3.096107220938
-8.324148898610 5.012343487304
-9.983117647012 -3.430645474770
7.377615375517 -6.017507911330
2.907428486287 7.621084568596
-11.151553088683 2.735565022638
-7.993355132863 -7.040253030145
2.847727468401 4.837098563085
-10.089520579994 -5.279279932771
-9.326897496376 -7.812414688445
4.450606353045 5.289601408981
-7.814569044117 -5.446217639920
-8.316759439380 -3.641461352256
6.705359217937 -4.104890945224
-9.058956291322 6.594328859867
-9.809656661093 4.765010608268
-11.667208383408 4.480871387444
0.834467765535 8.760861994097
-8.915662142501 5.024457103986
-7.525418416899 -4.461598533733
-6.251369448717 -6.099796222949
-8.683707977774 -4.796225115600
-8.778572757037 -5.669610873661
-7.522613779183 -7.636501911328
-9.289612437005 -3.892989156083
1.953139435829 7.901247273737
4.367313173020 -3.309938752002
-7.938186066836 5.650092624660
-6.098284031645 -3.736574396061
-8.082868771736 4.107338269183
-9.439416321938 5.858475808081
4.474152214670 -2.418304528934
-11.257068969501 2.968269982488
1.563991276198 4.652009466652
5.722914818624 -3.822565283080
-9.337199428678 -5.488709230116
-10.676499362175 -4.651657826101
-11.474434333562 6.996620433559
-8.992782302795 5.528522192584
-6.098170469487 -7.097407737879
6.413138344319 -6.601036371342
-8.553868309564 6.583692052476
-11.065944809651 4.109532151529
3.378093160102 6.565734915872
-10.073265491494 5.200275470685
-7.721012527487 -7.767103559320
5.504794763167 -5.218215553931
-7.849284233264 3.286646262168
-5.985658508858 -4.279397548345
7.192987378883 -2.557026801160
6.944012673166 -5.257705748366
3.059567971856 -6.359473365296
-7.437342262532 -4.551962451344
2.656912929372 -6.717896679232
-8.787661335610 -4.264070333680
3.863015837072 -6.674968485783
5.563598834007 -3.067341317412
1.507031857773 5.246980428930
-8.164999437583 -4.781887369487
4.737612474431 7.944402230509
2.720317710722 5.522423846066
2.600404473113 -6.237547660688
7.036819145467 -3.848642189428
0.566006745579 6.421551246031
-11.487682101312 4.000608309578
-7.739398765815 -4.810541727682
3.973096785030 -2.613012301320
3.541318903834 4.988193171553
-6.826551280311 -3.718589132984
2.853316204161 6.627840625500
4.896950822938 -2.822722620969
1.354411692286 5.936702812800
-6.443501943139 -7.571624742870
-8.897047547763 -7.197134112540
-11.651586288153 5.547551104789
-9.172910622787 -5.619224042995
6.966499457161 -3.856976976560
-11.894652240576 4.878509045724
-10.296241752088 2.820830280416
-6.830618552728 -5.650451335698
4.451873325216 -3.478159988996
2.122665161695 5.238184913616
-12.323121529052 3.287500861909
-10.193764449586 -7.353938937496
-9.522691502779 -7.079236231973
-10.131031696016 3.091813172209
-12.402315715819 7.105828050729
-9.069939690978 3.922170474421
0.790308286607 7.364983014130
3.325744772042 -5.296124704583
-9.170623908040 5.739470305116
-10.112294936920 6.865026274375
-8.390570628077 -3.892251537977
5.863751304629 -2.683548130319
-7.276147979567 -6.293130251025
6.497620059981 -3.218874505616
-10.247958646278 -4.423971147668
4.778149639097 4.528956766468
-10.524082919353 -7.015405437106
1.296493353861 6.530940556541
-9.910019439462 -7.518866855802
-11.456369541924 2.679595473781
4.871621686358 7.080055693840
-12.205719373572 4.486408359256
-9.374518171228 -7.351185960636
4.959195911026 5.209697777198
4.408626426682 -2.435636977051
2.395012042683 7.734697636777
4.804723142027 7.765417364329
4.895744611981 -6.241481824065
4.677525895855 5.202304406083
6.127481818980 -2.553044900729
-8.793252875733 -6.692612993466
-10.117328776299 -5.961664229935
-9.110646637981 -7.799530172453
2.609014125916 6.680978941840
-7.517801332979 -3.337943672378
-9.233904306004 -5.105131010359
-8.716858975042 3.651980549605
2.749879961291 -7.097019669256
-10.614534944338 -5.758269464460
-8.382298995373 -3.740417182705
-6.412014050710 -6.988694522444
4.677565920525 -2.636729187507
-11.981974983171 6.815091503336
3.757006859750 -4.355547131065
2.624273689860 -5.414467793084
-7.546101737220 -4.547885648124
-8.302514765260 -3.572515754146
-9.478003501358 -7.279601274053
-8.325324259354 -5.980349387481
6.474096953473 -4.984389898308
-6.454580714072 -3.961202496308
0.183296664764 4.961210605612
-8.398731315691 -4.857197062510
-7.025213035872 -7.498164558765
6.655371780139 -4.119251507750
2.456402984230 5.161999328321
4.704626056791 3.990826411778
-9.020692805825 5.270276001797
4.453820543580 -2.644797942938
-9.175333446424 -6.475858571032
4.976332068787 6.412238393600
7.141051092512 -3.922579921581
-8.737360103488 3.371816434177
-9.240384126830 6.541288187798
-10.356799312491 -7.354484559671
0.360564722913 5.921239116405
-7.135127166775 -3.862970585506
3.011606915159 7.191967049893
-9.260835824108 -4.087835517004
3.655494859269 -2.978699370943
-8.802216465613 -8.055273630826
6.171598549382 -2.891543269166
2.075737140226 6.867254050044
-10.433293236753 -7.602207104904
3.128597020942 -5.353956366927
-11.499162049466 6.788219026858
4.498243668131 -3.619068915686
5.344442798075 -6.799140381976
3.842633550410 -2.557126875386
-8.421944358837 5.196918062870
7.015858419866 -3.424568103302
-6.356248397392 -5.734456450787
-6.594271826890 -6.351114972861
4.169651075047 -6.374019338163
3.470029434283 -6.535638675359
4.994886802101 -5.166124963764
3.611504681430 -3.227838716656
4.679408919753 8.240728678779
-10.278243126138 -7.559372971942
-11.276611181925 5.669529688962
-9.668193561264 -6.269993924701
-10.776476049102 3.942080333371
-6.419237066736 -6.302102098720
4.495381195367 -6.751538886588
-9.283485775973 -8.069616958194
-9.893574141991 3.454285373505
6.220924672076 -3.525962151020
5.105885518940 -5.436242906812
3.507326917735 -4.290847853363
2.045543776385 7.300604372269
-6.702041720172 -3.784043983584
4.683103146225 6.342620569045
-6.763376700741 -7.256766693464
4.506985926659 -7.081033764484
-9.694355105215 -4.253993548515
-7.881663380061 -7.200841082166
6.173318964143 -6.843551961273
-6.278833449383 -3.791365519703
-8.893886538955 -4.956547983431
-10.766074569361 -4.795358339998
3.788780953738 4.867417090566
4.355318921194 -2.973172942541
5.752804033710 -3.550020363228
-8.045218205276 4.546140683736
-8.466573576026 4.376803268900
-10.501508827105 5.288312484757
4.660989561495 -4.425717581039
-11.502918344967 5.133968123087
0.066458453784 4.911266841178
-10.303823082570 -7.419906249502
-11.228099416382 3.449596960614
-10.885042637105 -6.773626964632
7.294284536348 -6.023189137343
-11.734333034063 7.423785662951
1.427174999845 4.974521160672
-8.267448904823 3.450989865294
4.667673135166 -3.439338163564
