-15.0164236779919	-22.4279206801643
-25.7713640052935	63.7614046248541
-20.8480209169664	-19.8875574284911
-45.6732527429227	2.66921174155092
-31.5073074344512	99.3928367143274
-15.626415445258	-9.93116321870765
-10.6027115894516	23.2960149874651
-17.8902634361195	-5.54550541952316
5.43584353148115	11.4868228737389
-0.859221592459957	55.5685362703045
-35.7405800685582	93.8189219558176
-33.8967506386089	69.7381405803303
-48.4123779042437	-4.99424568367859
-19.933555656152	12.8955980452509
-2.65583109119562	91.8099499963243
-30.1143363972118	100.008478089471
-15.5613339000341	-11.9305171942618
-17.0876458077376	23.6813532978336
-31.1695568803141	60.9342038802747
-38.0783736628708	-9.11771753234115
-5.91559216519553	96.1422685727787
-24.8756113582831	100.117190224445
-0.691290200560752	55.0040296472674
-43.0162707136732	-8.50476154927817
-7.21844018531639	55.8088493697826
-36.3374265096473	102.318846025849
-24.8277933046458	62.9874924406286
0.707929368903024	84.0739801920713
13.8310621272947	-19.1717610520845
14.117284786812	-15.0872595561759
-26.8962010404898	93.9878190742968
-31.3836229210761	64.4753992816439
-38.9862777414092	0.373540084560769
-10.0945637337393	88.790045756502
-46.7854952098318	2.77667306653967
-45.8622302394695	-21.8075085657836
-19.6668079167821	9.98949497135961
-28.5913397243352	51.6693720194121
-42.6303861924304	9.5736953109014
6.74688624751551	-24.8787247610145
-33.75959219008	95.675464585357
-1.82555480547073	83.9588632093082
-29.0196099538448	102.207445271776
-34.3610500358639	89.0726644295872
-17.6314385349958	-5.77917083634503
-16.0643054440682	-8.67229532281876
-32.9123241174628	55.0333542783798
-3.59016372736206	80.6002588292347
-35.3233784447258	65.902354581487
-19.5023625080557	19.5670705080092
-40.6785937347218	-19.0896416940834
-32.5079211316274	81.4905600101287
11.5173406840679	27.0816554576288
16.823652039158	-13.769685422113
-11.1869264411442	-0.844913221842955
-29.089801400866	80.608462525128
-20.4309470159249	-16.9960801226169
6.71202368494367	23.4892389773644
15.0916611845765	22.2818049276319
15.4453007878693	3.53307569866243
1.00250068159008	80.6517621699308
-48.3951544709589	22.6925773431885
-4.96599457209052	55.9728030766931
-46.6374655602367	-18.9984339625705
-1.04624704661027	54.6731664889467
-41.504556637577	-15.509184005061
4.47907912596641	-6.98493743625261
4.8353909244026	-21.2472536822418
-2.58874480115678	78.0704043817061
6.34985806944058	11.1895833760898
-28.9746059881581	82.0431921819509
-41.0052907809651	-12.8696967060486
-43.3911932214133	-19.2229878065894
-24.0546408411289	8.89832750493321
12.197294750873	-17.5055946284275
-7.78719285384511	82.6827754283241
-45.07839126671	19.3217629698636
6.2103564793643	0.316400819768153
15.3222785711596	-18.285259326165
-49.1958776652548	14.2904339840637
-44.914455295334	17.3875525855086
-10.652672329348	-3.54079203580563
-47.5450341929017	27.2816695909232
-28.1802397835993	56.9283277665495
-14.7958934788734	6.8224223861848
4.31596043430044	-5.05586159325293
-15.2024206940205	-1.97841902789369
-48.1976145796819	-15.1519210302182
-33.4012068275297	61.6923654736302
10.6926283193491	-6.30466998680134
-1.48293913662211	67.0121831654448
-29.709560875913	67.8588550168736
-27.750729135246	71.7168084430305
-14.1411637369147	12.4827190208479
8.17437918607944	-12.6780709154563
-21.9175378222298	3.37688117528712
-43.9352406206722	-22.7686017236481
-46.3593088314892	5.27352440177825
-34.3251464257881	97.1297637784047
-25.5255717043604	53.7203567487867
-32.8533130200509	50.9904569450795
-2.08339119221896	56.1903960537811
-17.8866913655662	5.35855856856417
7.79247102029292	0.825203308441077
-50.930613853975	0.743423678965899
-22.4775252263344	2.95095824184149
11.4318724650209	-7.33997623761005
6.71617022126754	-12.2266135410871
-38.927172312539	-23.9057196851706
-1.78967685687352	63.5180140712499
-4.87012065513211	86.9648733856426
-13.3593882796272	-11.6365383272234
-2.78540210872765	92.5290414543881
1.90209786315608	90.2710480940483
-43.5553140588286	-17.3881226794447
-0.129240012421499	101.68653589067
-19.5589427231487	-20.7167708117723
12.4088962312608	-15.7417724293089
-9.25038707656554	71.0023033707032
5.83067961356317	-0.452883600966062
-33.1652360188785	91.8693512478419
-44.3873578239712	-3.55919656160233
-48.5186459491791	0.209059055372266
-42.9510677559957	-7.8233572759234
-12.6539250584892	-5.77563859704609
-19.3177205281901	15.9852550144899
-7.68810668673648	58.0658139320136
-47.3482398722694	-4.561219558512
-25.6037512425388	100.947394354136
-0.677174159260403	55.972995515197
-32.1810379580318	55.8166725993737
-0.304854783335726	81.1665676185303
-14.9861165857873	22.4173972406953
-43.4816767143107	15.286103578454
-45.5584420997541	12.8674963522268
-22.485006103678	3.59185962876667
-40.2713381577394	-1.82319974714761
-11.5007625010219	10.7700087572382
-40.9251869431724	1.14850671387461
12.8543097681873	-14.6368013396498
-17.0436022858152	-25.5593976729706
-30.6305642569191	94.4668125587046
-33.6765786085574	77.8738950558028
-18.5233120066866	25.9720782032184
16.306396826583	26.9552961446523
-25.4220028268886	64.7708539014053
-37.4745301883653	51.9925047574355
-43.1503169374169	24.3092876730043
7.22188409228428	-7.85838388592701
-10.1616287404111	67.338690913342
-9.42693434496394	96.5315965308515
-36.2220966148491	57.1527085092727
4.99444408079248	23.7268961362204
-31.054297259545	74.6338352675275
-15.4742031334586	-23.8155593472268
11.2291813510299	-19.9866939701258
-34.4300991913993	76.3467053283144
15.6345921711184	25.7143049427595
-13.8731874419099	19.6176482707349
12.4911015946625	17.554091044501
-36.9169494789343	101.760180111514
-4.74253437993519	66.9636310251958
8.1537337113657	4.83421048438136
-7.23190250981171	78.3208439105243
-17.4946835227494	-0.186827557590499
-17.6282564195488	20.4342874730655
-1.73391847265085	85.0709661453901
-28.8776765667094	85.5504911009582
-49.3994645923834	11.4735919685838
4.23673059251225	-25.2245302512652
-23.7529356766922	8.19239487040789
-48.2938824164661	-18.8656351953131
13.8455360416434	-13.3685795914518
-2.00812321941256	67.2736778859421
-22.1596386767225	-22.2360986470788
-39.5022349172842	-8.56535854201118
-28.6531576796578	100.850613712512
2.65294464596437	85.215501012028
-41.9852270644612	-13.7469312368214
7.52770357806387	-21.8590536414427
-19.9136256462368	-11.4544640984595
10.0432185367181	6.31121097449015
-26.0564255558664	71.3287081550165
-44.4582804861102	-12.281967584534
-42.1891664999871	-16.8258323225274
-43.9824206717981	21.2516263545933
-27.9216971322261	97.6073567843881
8.1640054199617	11.4223555394395
-17.8544577723285	1.3408235375666
-10.1001359187907	78.6266856752673
-51.0762519800659	7.51100580141813
-39.6731652112059	-23.2785935079155
-38.8429439001478	11.3062755521288
-8.0063081450137	96.9544693795059
-11.2354543294037	2.58526857761173
-49.3731465630496	-21.1616706930916
-8.56600711383448	90.9084604762738
-19.37758742937	-0.764844367429473
-47.9686762582364	6.4931880114636
-9.31594820234839	61.4603969415094
-5.12718471068693	54.0869157323895
14.7368738800243	12.2507532700517
-28.8811940824566	87.76056633641
-5.39987577871066	102.56400547808
-28.3815666336899	96.0204315354166
-7.06013083463692	96.1225411205565
-0.14640061949448	74.7261966651221
-13.580303478021	1.21299309898304
-30.935620490968	63.922817915232
-20.5266694361516	-10.5065889837287
-14.0505266401794	-15.8682604966453
-5.90177054166754	91.8306013061053
1.01930413290561	65.6120451612865
-41.0588002395984	21.156557819302
-40.1315235214895	-10.6186583277138
-32.0882681950806	57.8206589662583
-14.7920198038439	-0.53464026570447
-35.8589708208575	96.1809351058752
-6.80988460163893	86.7363552802049
-20.5185021157158	12.0952965193979
-6.06120581285997	62.7452363640417
-32.3843775430912	59.2055223747386
1.33796597603184	71.0969415862249
11.3305412515101	-15.0736513722038
6.44692842803553	21.1943993697625
7.17774072079209	-23.9376458472306
-4.18397907181402	88.5438197049902
-39.4839358812209	20.8913136052017
15.6168818360374	-13.1561488445158
-38.492463159811	14.5487925156558
-19.897136962724	1.64289305831925
-45.8650202758167	-19.0519523171597
5.05827737999617	-25.1019168615801
-41.6610704968486	13.0791842800415
-22.0749668772947	-12.7677727288568
-39.8606528478783	8.60065745608351
-32.5879092483889	95.8302480524839
-10.6885226706936	20.6591671367174
7.93371264314607	-8.52906070210864
-39.7586151674031	-6.26955319380731
-31.8370074312353	75.1097625495395
-1.33488103387239	96.7620816482842
-21.7913856063457	9.79232243490424
-10.3904964217383	62.3790092195562
-50.5445416459053	-25.2066653262782
4.38035282763171	-12.328097424135
2.50189994522101	62.6513544742103
-14.5179861846203	7.20063849664164
-41.4161718505286	-21.652564736699
-25.7788960406433	81.4341321350978
-29.0583828943417	90.8572365880543
-13.7100188541926	5.97801312492989
-6.59606488981582	50.9965454095666
-14.8109686971255	16.9659223822102
-10.8527585298846	-15.9274869385121
13.5242457301183	-17.4046463526714
-51.3372676662502	13.178018826228
10.770494620056	22.521557695247
15.8962388814672	2.60306977572172
-22.6844390338898	-6.86459768948291
-35.167046566551	91.2964353941186
1.64256081683804	97.3103079198095
-27.1056316286913	70.3850479464213
-42.129987668857	11.3528479744894
-39.8531205658552	-7.56433780707691
-46.935841189637	-20.1238898146448
6.29656902059376	-10.2478349886893
-38.8972945532667	-22.887465024213
12.7522632251119	-25.5896134894119
-18.09499356803	7.62014116989085
-28.5050102464138	96.1604062126272
-43.3978955687158	21.7733218827254
-45.3149026230446	-16.7225131376409
-48.8695658804661	20.4784258618506
-7.49287194349801	99.1850336800979
12.435997239785	-17.8881752027156
-13.414767372728	-12.8530585237607
-21.8676021784821	-4.0878473907304
-42.0276068472739	-6.78108156288927
-42.4674863099232	25.6184502823396
-16.7699820928281	-2.25498805881141
5.76597879092624	-12.1522701840715
-19.4431414203829	3.84265762926388
-10.7919222502495	-15.8926493435807
-45.2314763820733	3.34209875519492
-10.0913099027909	56.5530204040429
-24.7323811513628	94.0360063512312
14.8559824506165	12.3775099123397
-8.1276537180183	72.4887648620829
-21.0720159275763	5.23619251403764
10.5468197320998	21.8034368108718
-21.3305386669243	10.9191992339389
-5.04850427859722	68.6308699499002
-49.7332623500647	-7.12526456400544
-30.554201842604	72.7434166760429
-45.5326454620712	-8.04031724128911
-51.4130467951573	-10.5513111279438
14.4342857974109	11.3190562315369
-8.70085993147211	58.7083348290653
-28.3648653940159	52.4003593845043
-45.3516309183568	-9.47749558901681
-33.0327432431713	99.2582664603975
-16.7328363200873	-15.1212986853721
14.869685807699	-19.5825373555624
-21.9046053983757	19.312667648361
12.7311452818933	12.952777903062
-20.1096391284758	11.6811032931626
-49.2380036647903	6.60430252596175
-7.16562055497799	75.9842697459604
-12.6545292212712	12.2760300293319
-31.0658155046336	76.5110215684801
-6.43190230468287	71.9586022810906
-49.5476306889721	-1.41244099778944
-33.4195248559813	67.075743638461
-11.0982932065072	18.9467676741983
9.40234805922774	-3.77117276014102
-28.8771701757179	78.1438715836
-49.5984285082894	-15.3617517797861
-33.203866801073	72.6958958800647
-34.004149129489	85.5471273359146
-25.1287557154713	86.2710820981603
-16.7040797234813	11.0347846782973
-40.7382155183145	13.964211594515
-42.4138057464808	-15.6598731001712
-0.0196574067562104	82.7717328479697
9.80161848131193	-6.53554082758939
-1.38847704094587	82.4753259898315
9.81081457656576	-23.3075526888198
-13.6195734534803	13.8644298254662
-31.9560835351837	102.377636563463
6.8454222003333	2.52113293308885
-18.4402537530364	15.9585393412242
-22.7105969678704	-23.6067965188338
-40.1457935156092	-5.74526139280881
2.49102751643671	57.6087787672926
-10.9624291034464	-21.4348726809112
-21.6774471067775	10.5468084970944
-16.1632938602285	-9.64766399261378
10.7696487652057	20.6558131609447
-16.435323936065	-6.53932592407098
-32.9593664946563	85.6198795095109
-12.2658390491038	25.5240488150027
-22.5387711152003	12.1045092728112
-19.2548143401755	24.7892630954244
-31.0947241475971	84.0526146857334
-12.5995002279932	11.2505265801761
-5.18685203073836	90.0927295642086
-46.3772213224146	6.90319330343151
-23.7647260809734	19.2820184596049
-27.1561927042462	58.1477490435259
-13.6829142560849	-4.89020735492306
14.4567425134255	-0.755242274703669
13.3429600672679	8.47390409654205
-34.8315889394594	80.6745770190714
-25.7652570300994	72.2849606270838
-9.33882753173891	99.9859554017938
8.51780055663776	20.9123673562158
-0.378371861307636	94.7104085144027
-38.409623816532	-18.7109178115917
-34.3589210214445	71.1247948814614
-20.7247357404192	25.059545045956
-40.7595540797796	-1.27106693718061
-0.622878632624038	102.282438946321
-34.1586769129274	84.1424501747348
15.7688677620698	23.9722173023913
11.0053440699541	-18.9246080292643
-14.7656639242599	1.85920886739139
-21.0541665481891	-14.4124367385981
11.1898023061289	5.69647583119919
-4.7293245921353	82.0819725839906
-12.4912583753643	-0.100069127272067
-39.3805840237774	26.7342848082785
-7.60414424429105	52.2997970700364
8.42490343489421	-6.24409028214367
-5.88727357796011	68.49342504234
15.5309155893511	23.3304967231251
14.4456994364161	10.9512663972993
-24.3616278400936	91.1698200110001
16.0143261995402	-6.77966950642477
-7.04034570223938	65.9428852659957
-2.13617845285023	93.8677885560313
-2.42202433673404	67.2790949464214
-37.2623464345963	52.8106018692739
6.15529614528274	-16.0972077179609
-6.34129586836721	66.0933255286755
16.5745685702333	7.8493066448301
-17.7356371902077	24.1605871439656
-25.9226706933309	52.3427377220839
-38.7490529323959	15.9392300058365
-50.5464875515097	12.6566281983534
-44.7737302913988	18.610020533694
-22.2525527201085	18.0020644647786
-10.643528795548	0.243100032085544
-40.096439804194	16.1947038391644
-16.1619919002293	19.3723140789699
-47.9754450702843	10.0818734153896
-21.9846420221335	18.6028455408646
16.5999473343329	27.7030428717704
-35.8859027603212	78.1389706459097
-43.3313367863579	-2.69297769978348
-7.10803994773265	78.824174799903
-2.41709355978976	54.3800431312626
-14.3612830373274	15.8494590086221
-10.1133781972466	76.606264503748
-13.0899272035777	-24.4527157718891
-20.5374510832742	-22.0171491054315
-37.1925376479047	79.1428631491614
16.6852939662737	6.60325530964503
-13.3831221486206	-14.8698140448256
-30.1254276050438	82.6865718691353
-46.9299405430726	-3.79408880721157
-31.1886327673666	86.0510218995325
-15.1616937337752	25.0305903141805
-10.7526456025267	3.12634421002581
-10.790107055857	-19.4512651994869
-11.3925790955301	13.2185779358584
-10.9530420116657	6.88542625091147
12.1748954401531	-21.6781225307403
-18.043422966206	20.4611078028474
-51.3228660037864	8.0509540023222
-7.63701327512359	90.0599431003422
-20.0910419290617	-2.52337353393788
-45.4950278750004	-22.5595341262935
11.9404508085658	20.4937780743201
-24.7415036735151	51.9638075945617
-12.1815409073784	14.9410144933439
-19.5948822570981	-7.35073856386806
-21.8646795067989	26.1437087349765
-9.75006696980675	54.6861077858284
8.41053302588873	-5.96000562819762
-6.85853390776738	54.1329841870116
-47.6019449846355	-12.4537327492559
5.84985159746333	13.6638601184746
-40.4548746265342	6.08304424522585
-4.72796332587042	79.0706999018562
-19.7625256956242	11.6266096206982
-48.285213740136	7.96322803241857
-20.6547437762332	-1.94541577577297
4.96946421281619	25.9643244438273
-42.05825397107	23.1353330155345
9.08949040479202	25.0495586087392
14.4435477796266	-25.1928889677319
15.9645642452057	-8.17135958182654
-29.7734695913551	84.9288194646538
-14.9497363850787	-15.8073347774966
-35.6919363370271	100.917941703862
-40.0027421410626	4.16116748434969
-28.1675242148983	102.7559837033
-2.31416403949538	72.3062569117399
-30.1424681623353	67.0203333559081
6.19827769422605	11.3009529293278
-36.9052524905122	62.437963180552
-49.7161701810354	-7.17519241071012
-0.867907784742611	53.0619385428971
-34.6017653635996	92.0611763518174
-46.4180094911558	3.38777203084088
-50.5261024294997	26.4362804212336
10.2151202913333	17.2661046513562
-44.8927795096455	6.51801207463563
-33.2682753264803	58.5387287140733
-17.1623429456691	26.9394387606146
-23.685923993466	5.49659979245368
6.63840002741688	3.56783337553052
-2.81821307845883	88.2323204727602
9.91503279343767	-11.9753576182794
-43.2121279593005	-10.4048952800391
-50.5086265345382	9.11026531161101
-37.3086550682007	52.7650679509097
16.7399599342733	-0.925386992775999
16.4426989991075	-4.55971772146588
-2.2034925380643	65.2420343222538
-5.32213617504018	96.4208315199248
7.92582360393046	-11.9287641287692
-38.2286239111017	-9.90286458968237
-51.4024971997344	-6.65531013373336
-51.4636104915233	-9.04740051013542
13.4132773446979	15.0532082323625
-0.470032363483021	84.3189947590193
-48.6608365412824	-2.78195821403042
-40.358225927012	-12.5925216107841
-45.6839120517822	-8.1640474485994
7.89279008087816	-13.7076842737634
9.60793709492154	-11.1724051508156
-33.906507916181	97.1652676293047
9.99837039834568	3.48126832223882
-11.0797868280753	-5.63505028365537
-10.0840324803245	75.667574033108
-14.9611304419543	23.4759471664531
9.01961929573627	8.21770446434999
-42.3109189259542	7.4684270233227
-46.3465183752697	-16.9584731413088
-1.50721710623913	75.9048270505772
0.534674041572171	103.773041230752
-22.6755144036012	-1.29498169037542
-36.5173991747191	55.7662118141177
7.17103330447694	-14.4316341677528
-5.19088331668936	85.5827626833327
-27.3003727829587	88.8198555919301
-33.4732687872121	84.2285553817398
-13.3140068134161	-22.1570290223352
-23.2164623448779	11.3923860888993
-10.1354589864706	95.1146536556434
-27.4467967025139	62.3235744811904
-14.6881665897667	18.5673373662447
-31.3344802140125	68.0139757580024
-35.788114152108	70.1238091217057
-37.7365124645695	81.4478299165246
-19.0098922556875	-22.9905434407576
2.2106262249273	100.244657535482
-1.41674100908987	52.1985296200808
-15.1229844982109	-10.0607000182058
-18.257434512965	20.6834151028999
11.6235514990603	15.51551323229
-39.0910061212538	1.70647572642156
-11.1239550224516	2.94151001875273
14.6966946946411	18.6967635387237
7.38080798029354	17.6994639165184
-44.9996146391332	16.0994521198496
12.7290926193352	-7.61272838615336
-40.6001490938277	-20.7905066543166
-18.3199214497239	22.5414978561791
-16.7230975798042	-16.9903608543281
-27.6858904951328	65.1317526303128
-18.631728536774	-13.6052089631231
-44.5644039815099	-19.7555519845936
-19.5831771575931	19.1869119298736
-15.574201308726	-16.4372788574553
-1.0585431403828	59.5740634867092
-17.3617531336028	7.21445960326062
-47.7195910144466	6.5611987384638
-31.9112815665118	84.6832306236683
-50.7327480206706	-1.20791371792492
-36.5655622653417	82.2322420892294
-27.4809330976778	87.2512567922189
-47.3428152018905	-16.7652721480243
-2.87508841373912	89.9098623642809
1.39761917916263	90.5854796538821
-50.7856557234322	14.6171974846344
-47.8612119420038	21.6966792296556
-49.1113030057746	-21.4705766317702
-2.50451121794147	58.0246344978338
16.4697937096339	24.4225520920307
10.256327570008	16.9679890148678
-11.5265262547257	25.2894059009356
-33.8205423613048	77.0878132990769
12.2257535883622	-14.4934334179236
-35.4624694298579	92.5162904369395
-29.4548791835887	78.1242768117459
-22.9657464021436	6.72170898545682
-37.4772742061918	97.0491073547074
-41.9224901937426	11.4484632938765
-20.7390301716881	27.3275021035373
-12.5226607464424	-14.5055576442261
-10.7872481308113	-8.40605665229376
-22.6735138153642	18.0907574200999
-37.0831456919671	82.4158313549537
-47.6106206228403	-14.7119938005993
-50.218910135318	-16.8030914074437
4.59688094959065	13.5673761988015
13.6657731152746	-6.73937549483312
-40.7680824932084	12.2455426948157
7.39241636181867	-2.12742736892728
-7.51360690291452	92.3259085493276
-7.10896799821797	87.9367874304329
9.22377706558978	5.14692293571561
-36.2265526640348	65.0706812470751
5.13546626545529	-20.3399702606311
1.93985133072458	102.703609520488
-51.2951320455723	25.442157325192
-17.7531723452476	-0.0535079047332585
-27.5512232142212	86.58954061743
-37.084806887676	68.2128439193494
-32.5300557931498	92.4262932078578
-8.59499699453732	63.918583432965
-24.1655389509428	4.80293757946937
4.33444627476566	15.8857005638136
15.4372263346733	-20.2071183162293
-24.7756822394191	55.2323021878035
13.4234043560202	11.6192180598647
-11.9110633467615	8.41949631364427
-10.839843273968	17.8724553059337
-43.266232458013	-7.62606581660187
-0.745988203276831	58.6971141378925
5.07005140838552	13.2404385505911
-7.99119524789018	71.2916218519866
11.9441689545272	-12.1748809676035
-33.3784373577739	96.6469708858723
11.347985238934	2.59960978235393
-31.3875817584642	97.6092633330175
-26.6625080836853	94.1240978094152
-5.88288124675135	62.5270959527087
-35.3970079920177	93.6064608340729
16.8896561842241	17.2036531434478
-12.1650748893801	-15.4707201539504
-11.1748145478122	-21.1629292300218
-29.991350045541	100.033293210683
12.4378586769677	-13.5208232369346
-18.0696801248647	-6.86663129549969
-25.0932440566492	74.9032085992181
-20.0272692959276	-11.8407086378085
-13.2654749835233	-12.8790761284414
-40.9101096635093	19.414481731597
-13.7672829173004	0.253531165552607
10.6921370765748	-11.744409127085
-15.412782508698	-20.0906031422775
-3.78955397016809	93.7519384664061
-6.52011288785679	65.6286335356576
-20.2254818090888	11.1028337507978
-12.0287516959607	0.418008271095149
-30.8925961153311	66.0065906752156
-46.4341160015237	11.6785519153112
-21.4338103883726	-18.342644694539
-41.8809180446619	12.2805460802738
-25.4542793400915	96.7438662130543
-36.4027756648062	80.6884387511009
-20.7750456683085	18.114030222588
-20.1097960561982	27.0211760997352
-49.2615244493339	4.19438028941673
-13.7598430091566	-2.55262243945993
-37.727911348242	71.0514942745384
-13.354731218657	-18.8840648384075
-50.380125013462	14.0548044849958
-32.0382972917872	58.6341073380722
12.6032536467254	26.7833357050505
-33.8237929425801	88.830533738677
-23.4334494232393	-4.17537848644465
-21.3730115522612	-10.7786233796089
-46.432817453331	-6.38378578884882
8.64300949157576	19.0848434235339
-3.05623210366514	85.5695218114221
10.1316745338295	6.83446851649528
-10.7147257128256	-17.9555710631944
-7.33067307045396	90.2887986100059
-34.6327932517365	52.1461359400123
-6.29022559067537	99.809456577721
-43.1529735304424	1.807706169528
11.1666767043819	21.5135848788017
8.89701035592517	7.82963243764066
-19.9389054449668	-3.42702627645654
2.22592149612424	58.1073796117258
-34.0426140122479	87.9811947328804
-14.4493248868457	-8.28654327183418
3.73520169834519	-5.87552114710107
16.2929364441455	18.5366340936597
-21.8508281109586	-20.6180460041139
11.8442417153743	11.6436126739525
9.17245873223111	-9.05902836699144
-38.4960601603279	-2.04082192318424
-14.7224850712573	-23.2992872022675
-21.9628141331493	0.612363293133391
-29.0048064973127	87.8410817735504
-13.4199690547023	6.08549255907826
-49.1302233174513	14.998922880686
13.3709535924313	1.74864049515929
-0.828067138776769	92.2632574508349
-32.3773069464962	59.9399270651631
-27.8957363794932	97.8645184644326
-44.1083269599575	-19.5681308722951
3.04925522688472	66.8643340577073
-9.1311004342852	58.9698668704955
-15.2628502368239	8.82094627801653
-32.7497154191241	100.092217919879
-48.7553108700105	0.48720845951597
6.09211732868268	18.7436424639424
-29.2439842496835	100.312180964194
-36.0428646068097	87.1267293105733
-23.0381675731907	25.9788311330136
-12.8705585653944	-23.6842754354882
0.696851610711621	97.7884404738742
-39.2126362824006	7.05314193528425
-15.8281348824224	20.8537949475001
-8.76020918678242	98.4839800959941
-19.0776081946832	13.0353597833832
13.6220697211048	7.48904866303173
-11.636120566551	-10.2940147238692
9.02784334808326	-15.0597439193232
-15.4226170864846	19.0564024569325
-37.7554005212615	68.3679237527281
-45.2248186312329	25.907603959699
-28.0384690562842	90.3245899989714
-46.2169140988628	-17.834113932289
-29.3701636783088	103.374258953363
-41.5969186521987	-18.8888734123176
0.721563076604564	63.8398967258305
-3.99193569079574	95.3758456447581
16.7250718580865	-18.1884193804883
-14.7375931728963	13.868310063472
14.3868933565377	20.5800193853527
-17.1448727746059	24.4514384540591
-7.70757490250279	99.7064237879739
15.0661298526168	8.23354008775687
-45.9685322901892	12.489633973452
-18.0476773819424	-9.01099577081352
-43.8169508244806	21.1217709960675
16.2048429583861	-5.86327820595651
-43.9460474731659	-2.35357055595346
-23.5890121857719	13.4753395649316
12.0218820144053	-17.4372296825774
-1.74481652120759	85.8010062600011
3.54979959960885	21.9659074338264
-32.0218104390924	79.140721604647
-2.6857627359904	97.7570994682447
11.4976637299223	6.08714230803995
-37.8426239448377	75.5851436506025
-33.9659417502644	84.3748833317207
-26.9115731601451	57.1273267352489
3.1695869016722	59.7496594261039
-18.0330035618748	-9.32217864379915
-11.5969621570661	-14.0129121680099
-34.817597645287	103.646203265418
-25.8294008571152	65.5067374955127
-47.6257401507586	-2.34066005837964
-49.6418440418898	-4.98476053798013
-18.6876597572936	-3.8711279801208
-31.7105658597595	65.6689618271404
-33.6251068771229	82.7726842973305
-8.42959596212378	84.9899860469349
-2.11501591810427	69.4582789973713
14.7603240065411	-14.602987843723
-26.8975724010987	75.9443593189179
-24.7434170104571	57.6640456243664
-10.4538615069295	55.1330042368635
-27.2466859096151	79.8270227123939
-47.6822231589595	21.6789103405924
5.49696733184329	23.9877978244694
-21.7673189195714	7.01876653001159
13.974690383314	-0.0442929413605301
-33.2403199837052	85.8026928323752
-49.3417426712105	5.39361611316371
-43.6611262915148	-11.8340173138862
-20.1329996998051	-18.2110262052515
14.2253858868693	26.8938570961352
11.778020980588	4.8476914816708
-34.2645168856262	80.3730887048024
-9.68204889222062	57.4162784410887
-11.2398677253242	12.9168396938813
-7.64001182034602	97.013211949487
-20.5038486256828	-3.6822937440657
12.6261359751795	20.7546951564924
4.77276291363014	-15.3682746177523
-11.1350577669725	-24.2071354530631
-44.2766770173685	1.89620929741517
-2.62744488033254	86.0823245208165
-11.9366024286933	11.4915658689449
5.84315831998546	23.4169387863098
-50.9482006388717	12.1534617009966
5.24109105067203	3.88710159748134
-9.63948648417976	97.6618468787692
-36.2255077743201	96.8814996699381
-20.2036029192485	4.70569972155801
-4.47184776186588	57.4496251357314
-29.861820128869	90.8712439050673
12.513377948022	1.09034726359743
-16.9606808150303	19.6236317003068
-22.9511231805376	-13.4049373395565
-30.9664211951863	51.6693819660303
-40.2076381086761	3.01263715959382
-38.2701949574574	3.04888209044686
-17.8472064887716	-22.9575700499101
10.4525564957104	-20.0970071189033
-1.8911583908776	54.7836490465381
-20.8486411325664	-24.9025710976087
0.904268461182408	52.8887757958212
-17.2036126443856	-19.8463076726899
-15.1900895211191	5.15078432019834
2.953991612803	92.4508728670423
2.63764368367676	84.2389774156016
12.2477091514224	-11.1720257545237
-33.659452126687	94.3947079318666
-30.4480139616853	84.9023005434507
-36.3482135476382	61.9328157754181
-32.6781849366241	76.0069224284698
-39.8417523279365	-0.276851655273866
1.06414573982606	52.8089259310617
-26.6956118034344	81.9528243354981
-29.8851069879238	98.3818400942157
-7.30951463060729	82.7337629722626
-35.0324013105394	65.287945616517
-10.4806841317772	52.0250384458042
-25.3507000394381	89.7870412173454
2.2816667594246	73.2948118474607
-23.2084630380505	-2.25797282563582
-49.7110650726586	-18.8610879164989
-23.4902637176278	6.51913211966139
-44.2658947612062	-14.1166601918401
-6.62940212005647	57.479238117122
13.0150866775021	-23.0425910815808
-44.8768298450719	-22.8298530748012
0.436653955701618	58.9178884861371
-31.2063746798356	95.2825632510199
-17.2840598828917	23.0675912446598
-19.7264111443906	11.5485112414585
-8.30612168908774	70.9228954049606
-36.3590240562549	71.4449181380487
-47.5128080931854	-22.4232781401312
9.19985767007313	-8.09369556277731
-22.0231192706407	14.3083965816163
-35.8994197853969	77.7747075172868
5.39228396468089	14.0731550452412
16.6388370313098	12.2517754026189
-28.2830987815719	57.1484845033012
3.6899213602587	20.9760419586947
-5.43270691784669	58.5758662836841
-14.6864878458474	9.3235409369623
-34.1748765656874	66.9820106356888
-45.9412941257393	14.2580650392405
-35.9755265233519	55.2571992023371
-28.6171061907511	50.7123967284162
-33.2615396340098	82.3049380336235
9.7497807386546	25.7336141767286
-33.8989782264071	93.7218511694465
16.6023732406917	18.0556181292178
-38.0584465043094	-18.8544006892138
-25.4595986689234	101.472601899769
-35.1137527387435	97.1465776043086
5.09704699890285	27.6370384836493
-19.4678782116591	25.4884913555115
-24.4122927857277	55.8874507091565
-42.604261290994	7.2022601580895
-0.887822227368799	98.4147162696938
-29.2003505454076	97.8165413140874
2.33980383122426	70.7640254431297
-25.2064414949226	58.7488443915562
-42.5851939678713	-6.47372291339069
0.998242255281237	80.9180384623816
-36.1353266636951	83.4936931794853
-9.81351996213389	58.2670672939419
-19.7689727605811	-18.5614285654648
-26.9388265609996	59.5536855124707
-29.0343705489341	55.1160107463526
-5.84711299421491	88.5280275667776
-16.3511120988979	16.3354782689796
-9.05095516253188	85.0334314816997
-33.0608781161325	69.0924524779536
7.83798179450231	-4.11221988707034
-37.5819540981946	57.9697180744669
-0.819150172409397	92.3593602670518
-0.519230148094328	95.0588430087418
-34.618173968409	54.1539904411465
-18.7643057616892	-6.77236258161648
-32.9470976367187	75.8583919162169
-33.9258932280216	76.7004290493303
15.6425250224435	16.2455230219933
-14.4580250859513	-19.4889444743157
-47.2082829937526	11.6805602463187
10.9902486926706	0.260674370021545
-47.4501788234093	-3.23032331860011
-24.7616867622876	98.7614830711238
0.777592727119559	78.3329770937607
-28.3282904479653	79.081079940195
-11.7116366569046	18.8297354978552
-43.105764557254	-4.25932520344836
-0.610997937825836	76.7953793769426
13.3972326464377	-22.6395983486277
-16.5381136977629	10.2086374042547
-13.1498965664682	25.95891502585
-45.1263536960617	23.3103517522773
-6.22246911642526	87.8432132470607
-23.8149543339717	17.3512093123724
-20.4181556338601	-22.4789164236679
-19.6080671341421	20.4045786952979
-19.129491386816	11.2972785425934
-19.8175285359999	16.7464080177378
9.45358304764105	22.3432248462645
-2.29556901842677	103.40692119413
-42.4999931229005	5.48227493499342
4.25859398044401	-23.1146775732389
12.6683356529945	20.296911529533
14.3270577798917	-22.1376045298154
0.491332470560164	62.2930146640068
-48.4854960499911	11.5204774536193
-34.9569843906888	96.2704328843861
1.46851180825781	91.288576166571
4.21957010933336	25.4504078379742
-30.4239009625934	102.264965241456
-36.7195924267352	72.8331644166533
-51.5824740568221	-13.8049701155505
-47.5845500394256	-19.149568778432
-44.7136419452748	10.7205605140366
-49.2028458631582	-1.68956973248825
12.4699431685988	22.4098889122876
-29.9590945775015	67.2103793482826
5.63813262158295	23.4052562220035
5.9627490239905	3.93038681531953
-37.0081669920937	91.2185092486286
5.06661976482158	26.9333286660261
8.74957588254765	8.28290016180837
-14.4542759946841	-23.1620162396561
5.46280047519483	-8.91649171949278
-39.9920004080507	-16.2817386571502
-37.4632437225522	91.0234165891781
-2.89344159070766	65.0981381351718
4.10931139294881	11.0808130842392
-32.5644131505841	94.740739798261
-36.2162760553555	57.6319373251844
0.337737727360657	57.2333512267917
-43.5741362985273	-22.5938627851744
5.24029192320817	-24.1652949703848
-1.89145828966869	55.154001326067
-12.9451951491287	-23.3532485578882
-47.7421211748421	0.573319937642978
-21.9091248538145	-15.4855796312393
-46.3039356959004	-17.7220870093258
-6.88805840190015	91.1611251005592
-13.8373659009171	27.4979307119256
-13.5417456595386	-13.8138494522252
-19.7559154916202	14.7449535591777
0.761321634308975	57.1929395919986
-45.3881466529902	2.77847358828549
11.873957249733	-4.24433978539653
-44.694676258692	20.302882279563
-45.9178416500434	-13.5203656699427
-7.8438998851078	73.0024599128567
-11.5020249796288	-10.742927926617
5.62627628831554	12.300453746167
-30.1070369853416	69.6346944651224
15.18267229716	4.52073209229692
-31.4735017205413	66.673454768567
-31.9749809701162	95.8333299388084
-12.6248983187392	-2.2094487983139
-44.7735971669166	-24.3502581462467
8.9207489703107	-9.50207865750254
-2.35210840201921	56.8734130928232
8.20578098476486	11.4105773065495
-42.3897883549616	12.4690839299944
-9.33434724989553	103.759678776061
-29.8100492979076	85.6506496777544
-0.259386216524919	103.341436536038
11.5253475187646	-24.8101966547144
1.87600988669946	101.96159439933
10.8553744906054	27.4471095888985
1.09965430345594	87.0204109406288
-8.64153803630325	78.2416520398853
-12.792968832486	24.2118639513732
-5.97275279051824	87.0440818061102
-19.9121361297882	4.87243155793487
8.84152269565847	10.2872082135633
-15.1688033522058	24.4798600676936
-14.0826249054824	-2.24878414721168
-27.5242552122556	96.9217974207349
-21.7530046716869	-25.5892534535105
9.86705691813951	-19.8067066153446
0.947636624066766	62.3966940705537
-51.5208742977335	20.7043065942383
-12.5395656283229	-12.2806513025463
-10.7251022394626	5.94490879563582
-39.3853557778908	17.5878696497926
-36.900834570854	97.105844065985
-22.7078995938463	-1.13420563696201
-20.2199147608485	-24.0369804851059
-31.0442569511913	69.0902403102882
-10.9393708702313	-23.9906450621215
12.9592267907836	-25.2478059734775
-2.28577105923306	74.9955392657008
-29.0778471898486	85.3694998133598
-5.17438237484758	73.4890130888359
-51.4355925701727	13.2787003577333
-14.0483671704844	24.3187768432934
16.3075419731677	25.6157583739443
-49.0780845810664	0.851777821377875
-49.947579238055	9.14367857821179
-7.74619523907653	65.9154474755127
5.71560071924644	-4.06603447980564
-32.764864468408	84.5571479380522
7.02871310487566	3.95087313755609
12.8676322335157	25.3186827374231
-49.9703280040553	-8.23314634414787
-43.6916483218891	20.8231971784039
-16.6843594691524	11.2916532978358
-0.169100992747633	87.2105684846585
16.2147733345323	6.35385951703503
-49.432228253237	-21.0509250479339
5.86250379205995	13.0628493540683
-0.106847807332488	63.1314148046224
-16.1157962586612	-8.29832640223584
-43.5758517340003	5.16845575799114
-36.7292941234232	90.7817211574432
-46.1419526789023	18.3919600449364
-21.3623660153607	16.7197103421495
-9.74834158391626	78.5780428200967
-21.375760079209	-24.134989770533
-43.0580983265697	-7.40096717822197
10.1508919832003	15.9967905695792
-45.4360421935693	-14.2489552198724
-23.3334011213685	21.6237637928343
9.27261424362079	24.0342689492633
-17.4154711612454	-5.65296028889186
-9.08843836515879	91.0474748371555
-44.4383082866481	24.9968678872719
-44.4994774260307	-12.2272898073627
6.24018588281694	-13.1788133587108
-41.6735831642613	15.4714312231125
-18.7509973320167	-16.8419810533992
-37.63128617596	83.2521409523432
-45.6165917196009	16.9418755829525
-23.1529926791195	20.7939671604713
-20.4013600396155	-1.4567942683159
-47.8427704287311	20.6829096261626
-33.3257117885819	94.1784817309957
1.45518016961685	78.6242123359624
2.39149132465487	55.0782705193467
-36.5555050661539	62.3146597502824
-4.13084131174864	57.471209129972
12.5232267935394	12.9897981925833
-21.4745821371515	9.09277575465869
-49.0086971067174	0.428578922863422
-26.6321979015316	80.4700217004226
-34.822235757867	57.7188980753542
-4.07981333368414	62.6615810758566
-19.1176397670802	-21.4918083655971
-51.5941715096583	-16.7446114471308
2.37868087142329	81.6601622958941
-17.6337834180014	-24.5350207095386
2.82104155697371	73.3687897553204
-50.1786609764765	-14.0939824121885
-25.6030649077398	67.7527374247002
-13.4371537821109	1.67690026432827
-36.0342211814844	89.2072468465063
-14.4189100266954	-7.28031651284443
-45.8143317289611	23.9006429372803
-4.69621181889072	87.6761667859485
-11.4789368760279	17.931111415304
-11.4950703873644	-18.8076994841513
11.2152664446409	-23.0619233824839
-3.66176412201208	90.7187540891099
-1.50409645134529	87.3205093991629
11.6553364929827	-19.8782445306713
-17.957412543239	22.5664726914263
-39.4247069228203	23.9353548206684
-32.6027373934796	80.6061138386558
-11.60454641804	-6.83507009851478
-13.8715376749544	-17.6144274908344
-15.3210073353591	16.4769929547738
-11.0295969900279	-21.4729206789383
-27.8327293126234	92.1600741672929
3.16830317472105	87.240280851456
-39.7703873933703	14.7607399110755
2.10886619426391	101.711687899555
-18.6298139915989	26.7818814828506
14.3729378698451	-18.1184387560075
-37.375134975734	88.9755128155169
-2.82340555238182	80.3159109789685
-21.3318211328479	11.0508485213037
3.21667791477577	-17.1804644139024
-28.776513288249	75.4407085820788
-33.9863833381146	88.7721783952335
6.93082646900544	9.30367431680103
-32.1416521744847	60.9795776706734
8.74554632005512	2.99525439856499
12.7106133481616	6.72946071240143
3.58749044311203	-19.3671412520291
1.42705647974792	79.2515376047341
-31.1479851702688	62.6655625703078
13.5226799670441	-4.75418460045282
-17.209109038998	-21.4335668039398
4.45978102373572	17.6431550816159
-46.5728159718472	1.17400458992537
-1.31739399185358	51.9867613732697
14.4262517456629	6.03285005423762
0.499959493047928	52.7888591701413
-35.5869270224718	76.6072217455019
-50.9033811113149	4.2595720457922
-42.9291071680327	-14.1147747628352
-47.9396871141357	7.89517094578553
3.18073233151769	62.5606612798982
-45.0899388886963	0.0024923331755443
-15.1435398395104	-22.6806189882437
10.3405139619772	22.8956363042006
-30.9134586031891	101.87376861031
-7.64851764018706	102.747919549963
-13.2611950151102	13.0797996203727
-4.23352056589219	85.9127597902695
-21.3684985465451	12.3835140881928
-45.8821612280584	-11.6853824674569
8.69095479754276	7.46891538203666
-51.3363233276639	-3.09002509527352
12.4652802588667	13.3216334986097
-0.0426421539707764	57.9174178259243
-25.7901018652036	95.7002691010386
-39.6294121596217	-6.86485596682542
-22.5685138736558	-23.291518973393
-18.1529617758014	-20.9286290866866
7.11159657961083	12.5494286570905
-24.5424891876095	85.6581022816912
12.506742917006	1.78180435156788
-41.4740545972393	-20.930798125633
-0.699963915132365	99.8771745990498
-7.8339121416731	87.648202102355
8.18894109646149	11.8393025287832
-21.4353790011903	21.6824180598057
-45.9876543785342	-4.94958234986872
-14.0920870639684	12.6079781864346
-15.9082907952927	6.2893527987761
-16.9502322857125	6.64475757795714
16.5435321098062	26.5769892543931
-50.2078035796738	-8.98099867316658
-18.4974803240972	22.2868343953352
-0.226435560446451	67.136926839182
-0.100331528403157	71.8890550862977
-44.5535614605552	18.2422136516947
-11.1700683045841	19.2723282705607
1.44961541939157	84.0566351025988
-21.3119117643965	10.9525516723643
-14.7991784132576	-11.5730077052129
14.9248787416879	-14.5556107322024
-13.8420587001142	26.8432124442669
-21.9452542842803	9.84624982558587
-39.3211775687301	4.12061805631162
-4.35696276425734	65.5981901451615
-14.1557301700874	2.01296451632829
-13.8599037037458	-11.2445631094851
10.7890032985051	-13.3792654357669
-5.25695525059074	59.6540061703029
-5.23303823800707	70.4929378419088
-22.8038125545772	16.1252052709029
-30.1073870638217	51.2341089612754
-46.0554425039591	19.7502179100759
-7.35286897122122	102.961237109985
-50.8982632220543	-23.7546451796529
-28.3648653109582	73.1246781228525
-20.3987806102047	27.6693613072769
-31.0739964190254	89.5422098997823
-39.90084502673	-20.3284642380953
-21.5487351129304	-13.6349161472584
-9.08032575636739	96.181452218577
-35.8940977115111	80.2785485276994
-1.43411389233885	93.3994893598076
-0.806955345226834	75.9059178411254
-14.8661106903838	25.7766307775727
-8.23643928686641	90.2023857010339
-34.0957247694887	95.8767739986835
-45.9633171798399	-8.7948470501179
15.0368516884213	-23.2216320267169
-34.6628113283853	84.1622079581421
-22.455297873312	4.58177595332494
5.15334778365051	-15.5011429407588
-36.7816754503557	62.1712626212379
1.15902205057277	101.738624216527
-42.5554876991971	26.2895090938194
-17.5065013086173	26.804783573847
-2.27304573641077	88.3851582160215
-1.0773094361177	92.5949950955399
11.268931682186	-12.6756662273457
-11.2957683168559	-16.8569911264773
-40.273097389988	19.2435278110362
-30.8983212817578	97.2147816807659
7.86119445565782	-13.2663223579916
5.25158997464279	3.88419780991434
-10.9658989245646	13.4752470251689
7.29736912864143	24.634469255495
-24.6137193623843	92.7361734784172
-35.5516666515153	88.0424013643603
11.9920093872335	-10.1026507508285
-6.94510059959722	69.9533801580854
-35.3198225267416	65.1399152469467
-23.9092367105916	17.4656274606994
-11.3235896414819	-15.9908704503448
0.272710791711804	64.5022581592592
-21.6488250034246	21.2277351528998
-47.7668846555944	18.36810474047
-20.2098205606918	-1.90832313272464
3.72833940334486	-8.38005168845409
14.5964162671735	-19.5576285033551
-19.0376090226762	6.09617530022576
-10.6162014173172	-12.021950040042
12.5904067885579	-2.74668717827696
14.2493148267265	11.4734303313251
10.5660527501058	-19.6807210048279
-28.7926050019775	91.9047452956342
-24.6707009757209	84.454772543222
1.50081418026974	53.2882139706392
-26.0827251434439	95.6772410046513
1.75492475282612	74.9532366805175
8.54666358722039	-2.52852788584724
-37.7138727840695	92.0580688182792
-36.7375580803579	74.6033358550517
-19.0823825204966	16.5127000584232
-26.2013830274536	90.0538874816345
-21.5530035693838	19.571828625638
9.12802929181441	16.6267299441898
-0.252819202167713	98.3534188534692
-24.7385563118288	55.5146413066191
-29.1863581061607	102.083899457938
-6.27300166140218	94.1658519886876
-10.8092584443202	-16.8865381290441
6.30785811152351	24.5532446334154
-51.1558379626551	-8.70811821192865
-44.1624927724253	-13.8442940776697
-27.0785383211963	77.6763186224921
-18.8492350574426	-20.1927142668775
-49.9175428209427	-9.48034169287097
-50.4397227046567	4.11403646390311
12.5926084014652	13.2780752342698
7.75115366351328	-7.41555084236015
-23.1389312573037	-7.23280568070083
10.2325717015932	25.8943607975623
-43.6177638935229	20.928724597461
-30.4394582537139	61.0720859710065
-44.4016043648195	-23.8697294749966
-19.2644304090058	-25.4746864150668
-25.0921081632808	93.5806857846145
-35.6365702429587	71.1730046565462
-45.1872266251884	-21.6904678707576
-47.3088794639576	-4.56520387146646
1.99239430386342	74.8241611751829
-23.3116260677621	15.3069114144357
-39.4732340785712	8.09070540960328
-34.4444936091596	56.6293489331828
-13.8868762393804	22.8194580886296
-14.0413609879189	4.90163551771897
-42.1181664490029	3.74179651551728
3.13640386602974	83.6022533092899
-38.3841978287029	16.3315974877974
-38.5525654015594	17.4661730485656
-48.0864486252063	16.0777664450109
-14.2620917188775	-18.9003179081588
-2.97890500401786	100.944729500736
-0.169859421859895	80.097203197381
12.0764636243126	15.1065522325257
3.80909731632443	-8.78268396418307
1.72300340216519	86.5693999748949
-28.929287669781	103.790463443201
-12.4042794528955	-25.5657730315346
-23.1967693836517	23.4627191679785
-46.407608224429	-6.07526693631145
-41.2962492196952	9.72881130936398
-44.9855517046574	-18.1910395036748
-4.22280761300227	61.4636304367392
-14.3397877427859	3.51775837824447
-40.204108149778	12.7638698558017
-22.2976194240631	1.8941453643428
-42.2069763819814	-23.9890021378599
-43.9512684482571	-0.0489006492543159
-33.1716902204576	87.1601672439442
-35.5607508242817	87.7104678104474
6.79742569236087	13.4329379447643
-1.29171272528066	54.7754498728209
-23.8210388611901	7.68759510589699
1.4086125472692	70.6865883607877
-48.8723545368737	5.64626493977003
-7.34932279129155	78.202480706757
-12.9583850825344	-23.1842536273579
-25.3752644991075	92.6829960650588
-45.00286916236	13.1144707193694
-24.4986606216124	62.9239497577361
-17.4807982548891	23.3066474570379
-30.373994418529	55.4994816123522
-26.1394445289128	78.9101942398151
9.86187769135227	26.6533503385992
-28.0148315159433	99.7051881652718
-47.5038971908199	10.7851457516516
10.6597712650696	-18.6713875136052
-3.67023923100894	79.5574955955752
11.2908245862681	-14.3233644228926
8.59692528403158	-16.5714528838643
-14.0825667493775	-23.5932781482013
-33.1834620526128	51.6492281510258
-10.3719107042083	69.7354849452562
10.3620126662564	11.0676473991669
-19.1872999615449	26.6623911353878
-21.2156436756987	-23.40898243129
6.40629380505783	-4.13428428605133
11.3550920583262	19.8814924934946
-46.4090713700644	2.40070169521442
5.59103973251282	7.68826901865658
-14.0513348616765	21.3233202844058
-44.0126546803564	0.666945192017658
-15.1818539150834	-20.0290469941984
-45.8119024541707	2.4763861631192
-50.1840981766966	21.8124675404154
-38.4570008373061	26.8220080750026
-34.7309334951821	77.5098093331091
10.6036826773882	4.47200876672396
-25.2362547740666	56.9209924314217
5.95747763814235	15.3758693149286
-43.6321126103171	11.4220125806111
-45.7566890966695	-22.4605892642164
-14.3288163950995	16.7454663294575
-11.0399508121388	-18.9310159659123
-17.4023012881771	27.6474831682131
-22.9382063086364	7.57751993889116
-47.5377545273515	12.856075530737
-14.6493644156755	-17.4308605801986
-16.4068406282852	18.9539664494996
-16.9488638087145	11.1655029506397
-15.2833289944311	5.66021855507413
-27.0111166554798	79.7455635179697
-38.5432794624646	-12.0572077591877
-17.1865731033896	20.4993132034832
-6.52281706913302	77.9427990793726
-17.4132188127317	-13.1124617424266
2.86932440988423	70.8810187291465
-40.9210481227288	24.7575979430906
7.39763288063717	18.1304955192569
-19.9187393722378	-22.1173810900101
4.01210260431558	-17.8811439212323
-47.495621941931	-0.477191475849373
11.6413412391552	4.99484498816014
-21.4236727384288	-23.0810547141155
-7.30514186022737	65.7005334508583
-8.3905813657697	59.4989892393154
-40.3733565162524	-1.39714930866301
-24.9016793591912	76.6894711283797
-35.3960522989793	55.2954712191786
-12.8299664368011	23.963044997466
-51.576231262701	23.3079619574881
8.78457696877791	14.963646339291
-21.9664861658055	-14.4658125825503
-4.56295610332309	60.9390842126518
-3.32748014310301	59.3909531876409
10.5169259440627	17.1751973901565
-0.307368875036662	54.5179472982156
-30.0887442237734	65.3033228484128
16.3536357860753	27.3743230811627
-11.7371059215499	-12.2527939938191
-25.2214964272997	96.8465400831636
-4.76379101973112	68.2456102540821
-6.58920832986919	103.650719060453
-48.3565874036532	-24.0888241465117
-27.7739098943713	55.1935396730324
-11.4983835920597	26.6737665109413
-50.6662431364268	0.959737086031688
-32.542500770041	67.2163434417947
13.0298187356943	-21.6770015853446
-50.1355104991815	-1.75109331424438
-7.32167966647365	66.9947464068378
-23.5357282587714	-16.9286290273783
-37.8478401302282	65.187169831093
-37.6863705922016	98.3353248272159
-28.8669696301759	97.6579747068573
-10.9810229047541	2.44387875203177
-27.1720517358854	60.3926443428615
-46.3174154979755	-22.7371224463887
-43.3777468767173	-7.07208285927083
-15.1701336220079	17.1527072850774
-46.0650398049839	-5.64203478799776
-34.3404371163064	79.8664953509733
11.1211980501566	13.162633797547
-26.0176777359011	85.5237751181851
-14.5305734278282	-1.96941761655213
-37.4024123748983	73.1538391890113
-30.6709032613241	71.9749784885876
-4.36588061305842	55.0178088813394
-42.1827426486105	6.2010024354821
-46.1649202031719	16.6318038240683
-15.6587359346669	0.488200582236963
-24.5466925429314	70.0877458483585
-41.4678485224514	6.46123042114542
-24.0672628040337	-23.8360987737983
-29.4031563745166	60.3411674149416
-38.501690171794	-12.1656638467827
14.8210874333243	5.92437964350317
-19.5038132579522	16.2112069083834
-6.18934878696474	59.1352695629644
-3.33477726866229	102.220741100281
-50.1366988597857	27.693954042194
-46.8802848781549	-9.48260216436539
-8.63407828229826	72.9648087882899
-45.3465264483731	-6.54116415891028
-0.905409681239599	83.3868814614542
-50.7891408070479	2.62417752654318
-20.3876389206842	-1.3820346465227
-7.99559285572135	67.8253927900101
-35.1842888022381	95.7373620433396
13.4868141432924	-22.2980227689287
-36.2586145916781	77.3482926284876
-40.3701632354738	20.8373821968856
-21.4664583574461	-16.1546607414688
-3.54965302144371	103.252395807426
15.6996046696777	16.5105194105551
-8.07720134820947	57.2975848727242
-27.9212236490849	77.6772840239351
12.0067869072927	-2.8251524144446
-29.9412867951802	73.5170176546336
-27.6543194975647	78.1189894034522
-50.2358387370267	0.517844506326714
-21.0994011367153	-17.8842073384285
5.42644524881237	9.47497534064222
-38.0810125854733	-3.50582831546513
-28.133774213554	80.7442491376412
-9.43899227540716	62.6531748413432
-42.4308411694581	20.9405727710097
-3.98699033540967	99.7081721734665
-18.22624001682	15.5312206285409
1.46545296768467	80.5367876257241
-25.9632672079495	95.5263205646868
-19.7774137865455	7.73195533628984
5.13247791824339	-15.2436659940657
8.61953377223265	-0.42015839205782
-34.0677312499557	67.9132970247529
-17.8725576546417	-18.5673354240932
15.1739520337684	-4.06828103040791
-6.88683330040156	94.8053293144466
-24.9015752186327	86.0100470698044
5.84446251477123	16.837724318284
-42.6795892686036	22.2261115599484
-35.413555373543	55.9818548268218
-10.8158678922794	-2.7370082830723
-21.3805423815791	20.9071215924997
5.40228679761958	8.35725431446685
-37.1806865356646	69.4462580180895
-41.1694304907244	-2.86497579816886
-19.2932885376955	-19.1741874545153
-22.6647494313492	-1.42384821979102
-27.7861700701159	63.5209106431126
-39.1778913349328	-20.3531932780576
-25.6319927343431	100.988136539036
-20.8552274024113	22.3743199618812
-23.5953051834136	15.4040762892456
-13.5417882348874	-9.6592495300091
-1.65560730540457	54.9700800659145
-21.2744597000778	11.2249849094278
3.33140361886346	-15.6271524150175
-38.7206563064932	-23.6217464210254
5.47540686049947	-23.1120723177104
15.2648102272439	21.3790385595395
-38.7513585327925	-9.01789145818292
-47.0303273208277	-8.53013158143079
-48.9516808988583	0.963577085653291
-19.9301106217042	11.1768574724976
11.0387531909518	13.6700093538928
3.58210472329145	-18.0548742863982
-21.1958961793908	-19.9696438014771
-25.9912145102389	86.1637782173034
-16.020612087248	23.1004990373546
11.1862670162987	24.4967933044899
-34.9526290265379	83.9728791288181
-45.7883445054475	-12.3636820027265
-48.7699246665123	0.866188041102009
9.43068232430704	-22.5458476973358
7.43789755778812	0.193914583570683
-25.3209752005254	92.3258479416672
-9.73458357283072	86.2958404159294
-23.7471753622189	-1.29891811033928
-17.3589661755217	-20.6233160453872
5.12339973736068	3.74130545206512
12.2491090378485	-19.8128502490382
5.72656021774554	-4.37845763238075
15.4742599631737	12.5287664538682
9.40712638328383	-2.81304322930893
-20.8585350021202	2.59297887789709
-36.0171608972469	97.9137058001906
0.610303077237203	94.0380674753826
-39.2172195195024	26.2933965298082
-48.9655555267464	-0.949595587908272
6.39883616536324	-21.7461459933369
-12.7937620079845	-6.08347381702507
8.8463909655033	14.1626835668698
-11.2981903564733	-15.4292672507674
-13.1624028640645	20.0850122204741
-33.9679577965087	63.8082602396503
-7.96548304903773	50.8057678340301
-34.0587877937717	76.1906562232959
-46.6608313470221	25.3041240910241
-0.95876113846711	75.6924467798532
-10.3563518395931	63.7597474701029
-13.2540303041388	8.68708392011391
-40.4690430292548	-9.15400316347562
-45.7696463259754	-13.5184897176113
-29.9365605758137	89.8326898986262
-18.7135805599744	11.7204904868511
-22.121152754354	-6.30947105534343
-20.8120024932403	-23.5600030866779
-22.4785988140454	-18.4649065541348
-4.3735003132272	51.6427978221123
6.97881737259497	-19.2172545433099
-7.84309854074822	54.3723297260122
-35.7853911768864	99.5609411836379
-25.9194929650241	63.9662570377994
-7.59169252126546	88.5491910348514
-30.9873574190301	65.2407590660752
-46.0533996695505	1.46397046007909
14.2035846458329	19.1067892421737
-12.1601370412955	-13.2044327696257
-5.81635576564634	52.9100662267118
-40.6651032395703	-3.23055427684445
-15.559061978201	-11.1934541030694
14.5773463429833	-4.9375330339914
-1.48153404319407	73.4917262251336
14.5236658959951	-6.2449626922798
-39.633180094793	16.9589630410599
-28.407105151617	53.5401661073457
-43.2683838753619	24.6975468516471
-38.8004988053803	11.7031785041367
-46.810642329988	-2.1919472319163
4.70175507897962	-10.6993720879079
-49.502793053811	3.08845421196278
-2.83944220673441	101.295062023452
10.4628484726685	-15.4804192184169
-26.0688653502173	74.6086649313987
-10.6748958771399	17.3507711430271
-4.66563350951581	78.2229766852189
-21.5189961521628	-18.30550483695
2.51263863017688	82.8441316085404
-23.2864457086968	9.76068300032094
6.45443413737195	25.841769477452
-12.0905296665605	24.1897163812134
6.87303515717333	-16.9994554641447
10.7854231480872	-19.5972560245097
16.8298594786755	-4.45757107339445
0.347099679752257	96.075567686737
-23.5599194036335	-12.5485123387085
8.82519220182721	14.2307712026557
-30.2473604120322	55.6963346872395
-8.36924380994334	75.7595306017811
-29.1458589013935	86.0178936585047
-23.4200508483226	8.50532061768689
-37.2312100701249	84.5160977056981
-18.4232995613253	7.49547340106936
-35.7367408138194	83.0722270219394
7.91130430974191	11.9101322189206
-7.85786921639807	96.0602875471474
13.3180960251819	-7.66291414676616
-25.8975290556621	103.530771346971
4.93404891260735	-23.2582649449538
-28.4612316594469	89.3598524914317
7.41171906708239	21.7329605562946
-4.7063067757751	51.2526687834644
-5.27572934428957	50.8175030306661
9.8110444570486	-10.6975909449262
-26.0780277651991	87.9175944787997
-41.1717592232569	-18.5649759081312
-42.1793079091417	-11.0141728698961
-31.2678899552565	58.6496537808266
-18.8224850194345	-17.2374879074752
-0.787293367046424	103.024795982842
-4.00367361115247	94.46818416969
4.70863655051269	0.843461944603918
-20.5868839254804	4.94658688706423
-12.3734544869243	-0.0548857379872311
-0.581377311092233	83.1799207941423
-37.5169781960904	54.1382275731488
-5.35491353149622	66.3830118827653
-3.51475694521826	103.763320177537
-33.3663704593541	73.5499189932872
2.20671633960548	88.7318594019198
-43.9632340582793	-24.9055188960395
-25.5044959134083	54.7238040072801
0.825406518165393	63.8825751078787
-10.0480543671888	60.3663123470131
-41.7669616145192	-23.5866948614255
-44.2094545658444	13.881784301213
-1.07540575019531	75.8977190436252
6.65936126992735	8.59390821759634
-32.5582644442345	87.7029584913628
-4.72692461237887	63.2843746407568
-14.9770893543622	22.9325628079328
1.96052597845374	69.5381679278836
2.12181034482525	103.25577840347
-0.236667233889761	97.0949201677945
-22.218198165363	9.6237867235824
-47.473554840028	25.391451635718
-48.7570949486349	-22.9500875187818
-38.9545414598814	-17.8023755927831
-33.4673343058322	102.545642849677
10.0699910581748	-13.8047250221799
-1.08783873855563	94.7498464761978
-24.7239311818291	85.5031847164024
16.3454396819545	1.69467534100758
-30.6821514140987	100.714943423016
7.33825317932885	-2.95343533109637
-23.173440380254	5.8966293705038
-17.2654315623187	13.0222019802789
15.5025143561608	1.49238111942871
-8.68326307074811	54.1269764249203
-27.8631378118336	82.5105105354113
-1.6373367600248	57.5652795863927
-15.8701526690205	12.7448419314897
0.413968583771643	69.4365892829478
-28.8836455741819	62.7306200514832
0.626803396741368	101.108754900271
-22.8230189262027	-21.6052960977313
-27.0591306175684	62.5931458087642
13.4753218634681	1.93863712865417
0.386963063448201	67.638676963487
-25.1849302050871	62.7566252586163
-29.1295573416558	55.7058715834823
-36.0630430119592	99.8969767348142
-14.1943972024616	-5.37633899205861
5.775818032197	-23.8723712024256
-31.4853364092674	77.1402355750859
-9.97252621601322	103.767479315134
15.3420007533535	-9.67161166508224
-22.3436088226047	20.0082620271236
-43.4188982210421	2.83312752374404
-42.0160731457142	6.03791997864645
-50.9217372150269	27.2992324920869
-20.8705514774071	9.40482546737462
-26.6177606060129	75.9284008884106
-21.6946925213719	-4.83112674205831
-1.96102984569566	91.3738045364345
8.10127147660234	-11.8024621359506
-1.68206078833361	94.8298011579119
5.95784740675553	3.13616043179967
-12.3601230144797	26.6835469483741
4.90759971268129	-14.6100554880477
-8.22496176838097	97.4127158589047
-41.5864302741508	-14.2046502952631
14.6273006890975	3.52433703338257
-10.9081804004488	23.5245202575317
8.51536955267087	5.78241348713185
-17.8101076078898	-6.84054187433459
2.56655882095639	68.5059007501291
-33.4303636369739	71.1564056494075
-38.0076101149845	-9.69295052569924
15.3736625911441	-17.0629095087852
1.55706664658825	77.8825597809896
-20.0548565376776	4.24134523257442
6.09270760716455	9.68590551914186
3.28228995936154	9.92410967609267
-8.29797941689934	76.3910400698997
-3.5531782879248	100.9541196586
1.24969368263138	69.8035064839237
-23.2577976891175	9.32487284120319
-11.4697355242083	7.11623396985769
-47.7781798782832	26.0545936623895
-10.1757604908148	65.1259801222112
-38.0852548035285	16.3163864771913
-5.89133346711934	100.965402524843
-27.1202203498165	98.7248205111504
11.6898589624031	23.7938576628297
-3.68241626253592	58.745252689441
-45.6246337831629	-10.4189811930999
11.288760977858	-0.661039303034729
-26.0299087542707	72.7521999037513
-34.6406058883353	97.3361845304201
-44.9939529922329	0.100511079534076
-21.991494450067	-11.2480192032295
-38.3227157556216	-15.4066077284152
-7.34861060505428	85.5782248274423
9.4230473741296	24.0822613793216
-44.2363520902118	20.5128715616721
-29.2343392659246	99.0700193869387
5.50866082661206	24.7366571815973
-21.8487134743694	-10.0211107503169
-28.7250287509071	94.7026131291845
-38.9688871183607	-14.0334644075236
-50.4830967075798	-16.9592862744368
4.67403019928684	-3.30189762937147
-35.6262054510869	92.0776874706572
-18.4627276583541	-1.24156780326562
-25.6267201245121	102.027273173803
-34.9042421021444	74.9531246597673
-48.0526171130961	-20.680661756325
13.5125768673667	7.94756733870077
-44.6941402690092	-16.642115050752
-44.3887537760816	-0.633689460589859
-1.38915191687941	79.1520719614146
-37.9088100183298	-5.39804379519662
1.51637261767039	55.4938027456674
-3.68040364900566	86.6751251004186
0.24205856139637	57.6999873753
-2.78689493558896	64.8242508378722
-28.1999481725708	52.4123255267472
-12.7423384894736	7.51409290237796
10.8896948647096	13.4100275654076
12.8981599754681	23.2073874108444
-3.62093004351405	99.2349697744077
-2.06526976557336	84.6474343233954
-44.1229785183715	0.158823919302707
-6.45738031209907	85.329865994901
-45.7080531147029	22.649628484343
7.94995789454474	7.62464739701007
8.92224972358372	16.2363891684233
1.63798309792072	55.7741251130579
9.41656086160948	14.6919254372527
-15.0702446454156	-12.1072502454884
0.340709636075266	51.8530120052394
-29.3830423181081	71.4280923683829
-41.9596356751186	-25.1764089126894
-41.8854560364306	2.67528553731948
-17.9920107307137	-15.3861673350986
-26.6422146843172	76.3311491983789
-48.4865910185025	24.7926447466076
-24.7394185503572	87.2671663374551
-16.1745828257394	17.0839441693485
-50.2717433418711	7.85380227334106
-36.8658660289481	101.461457739328
-16.8221436719068	-18.1574642804216
-36.9810086519572	57.1830279631502
15.8196527196741	19.2189328901407
-13.7982437711502	18.2862301479361
9.43429156248623	-16.4674708432237
-31.3649065598242	55.550992158347
7.9828997138808	-9.50536131773345
-25.8024444373322	70.2286653027246
5.29296965986635	21.4895256651009
-7.47048501796627	63.4937084976631
-29.0455790847322	92.1997324299273
16.7917921018708	12.7263201032959
-31.4201834024474	53.0711113927263
-46.8131874250443	-11.2950981306766
-15.6508459032466	7.04006482529755
-22.4966172368668	22.8940101052585
14.1605669981509	-7.92911881337344
-27.2727264364742	81.2122916539992
-17.736396750793	24.9712650073833
4.48259352325751	11.4711434921321
-36.2442283072874	85.088667468286
-4.67774913436281	85.6045140212673
13.5002642078776	23.9556277709709
3.64195589880097	-8.69323093203462
-5.4513885234392	66.2238713189174
-4.67882585142783	51.0882991769968
-4.72253630527708	97.5396355451939
-23.9503458179176	26.585892915293
3.9530272128148	-6.9645412164748
2.4950063970337	81.5873725564389
-4.67171051838795	93.4194793534413
4.80760878273383	-5.968813135466
-49.6825204040792	18.7760497245516
-26.473222319226	76.9519951923854
11.7068603944688	20.2408500083617
1.04827832121047	73.650342175441
8.5959547561134	14.3184154864415
-47.9840336624716	16.9975201891056
-18.6035287838524	-8.09696697855963
4.920865009536	14.4164718613158
-24.4767119171791	82.8598429696301
11.0178786176546	-1.4623170315997
-9.76768605030558	58.6444144686694
-4.64758513484217	71.7237587019807
-26.5354389788546	92.9440767631279
-29.6251484864757	98.5325552325425
-27.7365586297474	102.842026186733
-32.8690092795216	81.5192724028134
-47.6275534795245	-13.6059164414072
-39.3142522133049	9.54415799812931
7.06593525842869	5.4240640600425
-50.3354878959729	17.5219136669301
-11.7089332187156	16.293152581102
-32.1858974876708	72.670913989203
-3.84256537489027	90.8459594904163
-37.6406411668251	65.2868097689249
-2.33451975670083	63.0702482114284
8.39741341270379	-17.5726028922305
2.29621551580064	88.9930132568457
14.9554465350465	-21.8595523969261
3.9422716987161	3.84032240370266
-12.4794138180353	6.44313084594458
-23.1140587903619	-12.6129221710666
-39.0610662414726	24.6333855273949
-32.8954554537162	103.837438446124
16.5996664611981	4.98249772674034
-12.7926474089326	7.30131952340328
-29.8781011041452	55.8827296354564
12.9273667418758	-0.851152298469064
-39.5962060243376	-25.0535732973294
-47.6807237134561	-7.96221065552978
11.0067330582098	-22.9482519758878
11.3125451346703	-4.62427904321843
5.96559906244727	-23.8364241443752
-13.194508432313	-21.1025723641822
-27.0780222589009	91.9264607564267
-18.6371337247555	21.0960361237201
-26.0116705359027	64.6044239482716
10.6107577969467	-4.44674608120595
-44.0804746656659	-14.9105162004782
-34.8365181349062	77.6153279504736
-10.2915532755364	78.4402717927212
-11.2726074795435	-20.599037273717
-3.43293986103346	80.4998562554704
-13.137203341933	-11.8454827114738
12.1198502959417	9.34408622279291
-16.3049580845388	24.0205672931945
-48.724204318039	-0.134765987872131
-41.8619956338835	-9.41647315088546
8.5650402908812	16.1029993919739
-16.5376646001517	27.3882191401502
-35.0500130581276	67.1083671558545
-49.3370273437318	22.7806191291041
6.76452952211754	18.4425080681273
-3.95802322651755	59.3198442329469
-11.8465825578803	8.00421480874195
12.3291861261049	5.29238755022733
-45.6092819434419	-18.0039450902559
-30.0060511271653	70.8775028483852
6.16433847227808	16.7966438890278
-27.9256641583094	102.343096484482
11.1758138261664	-12.4381930126188
-5.31487611805456	87.6246062329404
-38.5294933506725	-23.708587330472
-23.2146939402029	5.26545851513769
0.28080538089459	67.3087272223586
-14.3233566347726	-16.3564222651945
-33.6199935871557	94.9038122915968
-35.7456342016882	82.7234238330974
-31.5209437691203	95.9921947403836
-23.7155577436811	12.8855273120159
-12.7566104246937	-3.89128693974143
-34.9409489509002	94.5807704984129
-17.5761674612338	19.688116692285
2.44062148956631	82.6500929904699
9.41192705457503	24.4223340455159
-31.5738190496681	63.7830132574083
6.84810932470507	7.51801978387095
-34.0464800784228	70.6413943258371
-38.7354917132558	7.38318852941517
-37.440093474688	71.6986484106877
-4.97210243442568	84.1722903237404
13.2739319750341	2.51155622761894
-44.3424491594058	-16.1632418797893
-16.8275290202833	15.9564803791823
-4.07193287746938	75.5415698002408
-24.5079765946813	62.7652774269149
11.6322837205143	-23.3253405613396
-43.4970317329282	4.29702999129679
-29.4326312463575	61.7419220852397
16.3764439059075	1.63657604008412
-0.277073298474782	71.8355629136542
-37.6375158955225	78.507178729118
-39.022503763958	23.7173223994223
2.69657741743759	85.682513447305
-42.3332788522528	-12.6636904464481
-9.01499306484747	91.6184466072745
-35.5855855291351	67.295895575822
-2.20229202992752	51.4446374063147
-25.152935888821	51.9846094679589
2.89676256063585	69.4581198591418
14.7201914650345	1.65610998357418
-18.7677145064166	4.05561949273472
-21.4762292083322	27.0741815861066
-16.8480773081136	-16.1570013444147
5.72278246248247	-24.3877653054559
-23.411321335367	5.53591637377613
9.04917886638567	6.72917203004644
16.5775173570408	10.158909119411
-17.8444732271731	-21.0132379354609
-30.5147458470773	98.050093436165
15.9381424818222	8.42926586089196
0.681274428855617	88.4012884060347
-35.297607870851	65.8994537601233
-11.6138569406575	-18.2745715213092
-28.1629851708408	69.4060638889211
-51.5368841707372	-9.95076355906639
-48.4113432771321	-4.70250603843306
8.81295526935442	23.8516148742833
4.1465175701355	-12.7739996098891
-46.7083810579656	15.769227198693
-1.93317681567838	63.8369121174006
-21.0606751422566	-1.24331395449588
-15.1394118607857	20.0040480288796
-35.2746516046151	74.3684951407472
-12.3072394520446	-20.5277545124908
-2.61910469320258	58.3189050239041
-48.0497831434953	-10.6996445872455
-50.733099407904	17.5371409361604
-46.7054302407469	-15.883141995248
-7.38672089065005	78.0217537295542
-41.1601195907907	-18.5451847230748
-45.9460388018314	5.84258515672638
4.72898432905003	-9.3636247354372
-7.97249228182191	92.1419853249738
-41.1957149270243	14.0702719068688
-10.0021785590402	100.010176804187
-8.81320248604568	73.9185051353262
-18.2090602878344	11.7412549579084
-36.881824570258	65.2294645505956
-0.274263470089868	76.1240437983057
-34.0082058564521	87.2868257011233
-21.2751652774255	-20.0777887172899
-8.21489235525425	85.9997500282314
15.9680971989084	11.4740369911995
-48.0291493365053	-21.1316330871313
-39.8403966221009	9.99144935224587
-41.8091038973559	-18.0910315920475
10.9955498263921	13.8839255636697
-46.562225717973	-10.0576516717157
-46.1217129790962	-24.5073044603154
-42.9793721940026	-4.93132529557033
-43.1711398705275	-7.94029495062311
-30.8090247404141	74.4929705184658
3.65150827055341	-0.576096934654131
8.88716044126959	10.9720283040168
4.45310530835957	6.78152278575633
-17.5892096507922	8.35297835261442
-8.01126502866395	86.6975666434384
-1.9692748978716	64.5442151243166
-40.9721314317571	-9.69272491519711
-22.7127227066215	-17.5797449320539
-41.1047380919282	8.13852499061417
-4.31158984682601	52.9558921912681
-12.5801054336809	1.38010535971687
-49.1565780769272	-4.3379883024011
8.65352448500613	-20.4920112094039
-36.4882131572847	64.4873437561677
-47.1364786439433	-15.9224089344071
-19.0234011674968	-5.88458054635617
14.7383214963403	8.48428734346973
-4.13481379812702	85.6865629844317
-28.0522947326006	57.0140316866321
-39.7730826595448	-16.2192166464074
-18.9290858187936	-10.7405381461455
12.3100685015389	26.6898215396521
-6.06152523383974	101.64024090099
-20.0813898482888	27.3380527166349
-18.2002049901801	0.253585011962395
-30.8156238967427	56.9221470524846
-43.3278519267432	-11.1345756915402
-17.5874641950904	15.6194198004676
-10.6804467472917	10.9010261386318
-46.954644223574	-16.4548083393296
-50.5852351893577	-6.41571986488718
-13.2531527144467	7.66487787105525
-26.6798698265159	98.0965310755603
-26.7416307002819	82.2444942872087
1.00015318250199	84.9534839615984
-43.3843825396741	-2.21155317375247
-44.4388483419527	-9.12746461882136
-15.7505206112927	-19.6976312286948
-23.046100685068	-22.1870111867863
-40.4578774565073	9.44884394604511
-23.26363514156	-4.42763679741624
7.93838346989985	-5.33068259704323
-22.5632130250003	-7.63438961944173
-34.3501459178087	72.5005513692782
-0.789678045233084	61.8763257853554
-44.8789790053396	12.068980617003
-22.4361865694951	6.79716395175365
-15.9624859765067	4.59795521180139
12.0476988507572	-25.098028650185
-50.0596755025959	-19.5264658145385
10.3070007924786	26.7536119054637
-35.4617413616577	59.5981271088288
-33.6315869745796	82.1703271480289
9.0683901372366	11.173757964749
-40.8610343563796	4.42871653441897
-12.9444552611603	-19.6747218914688
-30.6349022630472	69.1764450578532
-36.3932132093953	54.3853432145598
-47.9246383646725	-21.9339913224987
-40.7605343382557	-3.86266581552964
-39.441005417517	-5.98444481817126
3.41727217764724	-22.0591006448201
-48.4701919220115	-5.98288534333725
12.0941678816992	15.5975827100439
10.1967422120734	-23.5863661512433
-21.4555394353707	8.21764188582085
-4.45153678636942	89.4349306488012
-19.0638194532357	-3.21285353227669
-43.4378418207191	7.94816912183068
-3.02432681760212	92.9975342826629
-50.6726034838451	25.2392312540254
-33.594642564929	68.4450616450277
-1.1034677383257	89.6261923231731
-7.09623045313737	69.9599654901151
-43.1778230023592	19.9009295020886
15.3950731698863	-19.3918118484721
-16.5547394815443	-8.49793491159943
-6.39459819798978	85.9007553417479
-12.6738466750013	-4.40841050097639
13.7465684671317	-17.1831383898405
-22.2499551814732	25.9585994989377
3.89647416604848	14.8118129334838
-42.3402084813196	20.8795486762241
-15.0273088555524	5.42821487191432
-25.4749462543964	90.3537086247854
-46.3589373457517	2.36557385205805
15.1753197471816	-16.6059358994815
-48.291747823986	24.955569241758
-1.9624433449609	95.2804703010498
-38.1052073784433	-10.281636059273
13.5334495583559	3.41511208956051
-32.9922760762841	99.0811017661337
-0.890567485557729	71.4258065354858
14.8341521481948	13.6010266678633
-39.6191109833034	-10.0512360490418
-19.6633197717641	13.246046544576
-26.0416447269073	78.9513968339118
-40.4906624528918	11.9088077498787
-23.7088441795982	-0.116585914564859
-7.7086924552075	77.0297093795306
-24.7978126795334	87.8272435973174
-26.8717275089953	92.869517807282
-19.0955013265754	-17.5510668561361
-50.8480927728601	-13.7991820379737
-45.3593459729277	25.0380828293854
-31.2815668823117	101.469224799213
-5.10013218015864	67.9994475055618
-23.3551376154587	8.28517595645751
-7.23620914407781	77.9718928899991
-8.56746997421753	95.6518737115652
-32.3971095869942	60.3128729240437
-40.6191538363746	-2.21087914511833
-4.17478518177901	82.2854608239624
16.4196829428987	-15.0678629288519
-7.58001017989144	96.5857877977012
-7.23096745587137	87.0525635948976
-32.732531133034	54.4489551175847
-36.8109771830054	94.346673882633
-5.47303436130423	71.9517576981008
10.5416697139833	-23.9094934477521
-11.760702793621	19.8022458257175
-10.777303980227	-15.4215227004112
-38.8744440392844	-15.1086935210633
5.05181436857516	-15.6547863180234
-17.2914169058156	20.5074502415605
-6.06779172337408	94.1587663159074
-12.4438529308116	-12.7072015966563
-41.6842869638974	-19.5450344779865
-23.3174535255038	-8.97509514297534
-10.8059037824523	-14.9898926151193
-41.1032360718209	-10.5024666273008
-20.4188135057244	-23.1708182704884
4.03729473477034	-4.3048625628411
-25.5608279921229	84.6083009238376
-31.783272171703	60.0823536750399
1.2187293708309	102.213724521527
-43.6289271441034	-5.85233196208341
2.43657354992914	101.196493767037
-15.5194243500891	23.3879813430317
-11.8580132984128	-20.563012357746
-35.9774241271455	89.1898053925116
-20.096615288974	-25.2240762358879
-35.1258572912054	83.0852686613783
6.90209234414003	18.8896781350524
-48.0839812417708	10.7931058085129
-50.5833587713797	7.8402876940679
-17.904937502527	24.194654209829
-47.4237687054297	-14.1778943699523
-23.9858870027874	12.5723766951199
-50.0337462565373	-5.95077501638567
-45.6530118950138	-17.085094770657
-33.4843287506431	51.8421835395404
-28.0014763726542	56.8814930860477
-4.06359367990352	68.1894174361101
16.5047310056785	8.15537345486092
-8.56479130949301	65.3073630027694
-15.4591189768593	-6.95056788325659
-7.63277266564335	92.7358821472342
-42.59499740102	19.1579631048844
-29.5432525502724	90.354829917328
10.8981922436134	-0.219281869167884
-17.4416570796949	14.2818626931289
-24.5492461225582	89.8510655652187
-44.0263331465771	-12.0670331402424
-44.2039224888525	18.5487376201301
-40.3708918015133	-24.5447446484811
-6.26800656974592	75.6119839370054
-14.2578969245219	-24.7084322400254
-18.2212673676013	27.3351578867762
-3.77750812284565	78.6987703822708
-33.6591675150398	84.9830182487473
-15.4271306520416	-14.0249332860699
-4.3634469361334	101.037759176078
-45.6210797504414	-0.998348109874698
-26.2052152925826	73.5964043779186
-41.5035638367064	-9.90105341380985
-47.3700641453604	17.3894437881365
-23.2670034669974	2.15175534624874
-24.6120602515816	55.3070915715278
-13.3405755587128	7.3127611496018
6.44332957485079	-21.8836843492893
-17.7313913318409	5.20104637984159
2.20461939229982	64.3928772056765
7.06785364181181	-9.12087276120379
-38.9793514570072	11.5813658049017
-11.7471599105392	-16.0671515744083
-13.782488646611	-23.5570411466853
-15.4110864132375	21.6494214155321
11.4185971677248	10.3195698495906
-50.6059728531284	1.18873100656295
-34.5579922643373	97.9150445329479
11.9674850303179	8.55421612471894
-4.56575568453096	79.0896389766844
0.678706627713308	60.2024671323009
11.5127119579326	-21.1721149002768
-42.4923551087846	-22.9320014046376
-42.3158273148147	-23.9494262971171
-7.56444039937319	64.9168159099071
-6.37392027058476	90.7443738007334
11.8000604698951	11.3251370296522
-17.4783228955877	10.4594261764044
-2.15416656254145	103.65685257962
-35.5997233560608	103.265083597841
4.8236640081376	25.0806367718256
-23.6042276838057	9.06321028673861
0.378158014904019	103.089908459473
8.22055519703173	-3.11163793001077
-39.4567178361587	13.3126853152703
-50.1710938423583	24.4725637807389
-12.1705553634008	12.4139889396357
14.5487687672781	11.2684738684454
-6.07730716146254	59.9915763412916
-22.0978804625227	17.2533472961681
-36.4883045501016	84.9021572265115
-9.35305402546264	71.4859659766354
-9.96218635602705	84.0104442708933
9.4682353273057	-23.7194193489964
-22.0311785904909	16.6113034204369
3.5600509173267	23.4068652775391
-1.99849318557656	101.196237675923
-21.1373417111094	18.9230097806268
-14.68804529724	-25.2763532735496
-5.23615645948938	97.1749271683833
-14.7218973538789	0.871043560407963
-1.59376790023177	90.2290364190648
-10.9534901449764	-13.7517057006522
2.238834874964	51.9791241346806
-2.94132637694564	79.8726554329503
7.76954850410661	16.0919824605863
10.7462496714592	-6.56932474648809
-33.2512974333993	59.9203506782602
15.5487599974166	-0.599612765696835
-16.4303618483532	-7.49290292185512
16.0428016500586	-18.1722606229589
-24.557555349643	81.5806608449157
0.306433401821537	83.1654754981624
-36.8208897763973	67.6771717697262
-16.8194947880309	7.01401858027323
-1.3705047370562	83.0234256557825
-11.2365151778198	-9.61311622351979
-17.0432426322428	27.4892391319719
-1.450366444318	73.9127898916007
-12.3904228731996	20.7215214281919
4.55219282451256	-15.4698753180862
-4.89000397054668	97.5655118474528
-25.7303061362701	90.5912295583128
-3.09831657580656	101.928079042134
9.08494351956607	-20.7101025449843
-25.5626476217625	86.9710855463761
-31.3634918887681	101.662702131263
-44.5608639936262	-22.4050223053189
-7.87127850732076	56.5544371147444
15.1881230995623	-18.4792509829785
-10.7693645226494	18.7174204687674
-33.3390684645197	56.332223315028
-26.1848738347247	63.7669783229835
-14.4100207658048	-0.289664256266321
-10.5156361740064	9.52575952327902
-39.1765120394216	-16.5929285144613
-9.20327464764064	81.0813076436756
-9.21147464429177	56.37723838072
-39.5419733833874	21.5077323808526
-26.4083467861644	58.2150772945056
-22.3367547241145	7.53151775675518
11.6873228876349	4.01025016409617
-45.7843842165834	-11.6914856851125
-20.5365090963678	2.14874401977919
-47.7556105967873	5.85403835126711
1.69912772192638	94.4386069720995
2.96670116163515	71.9781040145713
-47.0290087259107	26.9486284477397
-5.6235150930987	102.347578752327
16.2373256319469	20.3376164481119
5.48655248394937	6.82317562651601
0.948693141912853	95.0537927047204
-13.3095919497707	23.7060662119964
-24.2447151732514	76.0853530344079
-18.2304946995049	18.4141762887473
12.7134829026993	1.91506797940408
-46.2192386966758	-7.98163695780309
-23.5317632166989	-4.6284092657642
14.775987163887	-18.4528657958734
-43.9877154752905	-22.902614702634
-20.1894341817747	17.653118929465
-19.8453130783345	17.889636218435
-30.8836646989815	61.1286138944217
-13.9480618669579	4.46753095587748
-31.5684682281307	77.3130321343474
-25.0568608376695	89.1252952923415
9.96393896021713	-12.1905568078731
10.278911099821	18.275788285484
-15.7591078699904	23.5333060656193
-20.2035232273691	-1.10014824195809
-0.38502890359919	75.2244877034763
-47.726880962174	-12.1953368165256
-47.8502276451285	-1.1740402390992
-8.21222259898986	90.9987259467061
2.65175604904626	76.3342982615927
-38.8653636605982	-5.53348195321842
-12.9740264077603	-15.7283835602628
-29.9228289607212	86.3791726246628
-9.80467405095837	72.3109466589707
9.3514426137421	23.0872580060041
-42.1599837569971	-5.95105401315754
-12.2747458043463	7.36729877182618
-11.3199554231236	-5.70557471517321
-45.978607081088	-11.8235357191834
-9.09915495778589	69.035707096551
-40.6284838881313	2.26216709504912
7.07169786551998	14.1136950086178
11.4103417603362	-6.10269875873067
-37.628289386653	88.8655028366283
10.9872208076259	24.3094897930145
-8.36128008126275	101.375108941226
11.8408830075904	-0.226148431694167
-26.7576475544712	88.079011990548
-9.19179866507599	70.9100268949605
-15.3396015197809	14.224486899618
16.3264356747158	-10.3283054893122
-50.4428910514407	-5.892740511008
-8.33049605784819	91.1896795054621
-18.76885211482	-23.1304476964161
9.09495744557459	3.71834178532282
-35.3008158492252	86.6040150245921
-18.8590508019798	13.4367415015832
9.53071997437786	22.1325174698448
-22.6399158093711	-24.0195951595854
-32.9767939122603	96.3308063327849
-42.1929096167389	13.409367408309
-23.1703480812907	22.7155094668722
-38.3183581045825	16.6490724372354
-24.3611937840123	75.0886250590318
10.9556763461992	0.739811007864036
-6.10030313032687	73.9176881046177
-3.39951114940353	61.4849869505482
-28.8882528811142	56.6764355951213
-0.969724816763262	61.1814900462846
-36.7484586219038	80.1766313323658
-2.90222504014778	69.4825877651788
0.56800054290762	62.7225505679858
-24.5991737284387	58.8753348527167
-42.5887139971019	19.4457427110673
-50.9196369657032	-22.13648721629
-27.4222019306095	57.2335482558008
-12.1827531068782	-7.6648622572292
-22.1737937524148	-15.5072784247305
-24.52027367648	63.0754890225341
4.75260041967794	-3.26144717937094
-46.766442115362	-19.9238982245926
-0.865710873581867	69.2554424197294
-23.8115932783465	-11.1772922618887
-34.5565503786262	98.4330710984408
4.98956989115074	-3.64748834326273
-35.5073372576835	65.2693769790207
-19.7192692292099	24.2125871055529
8.86645258662722	-9.47162812461939
1.88612350450369	72.9951797161973
-32.5381611055616	67.085347408781
-49.6314951688908	18.593610284498
6.17778240773407	-17.534443806561
-49.7449311912403	16.8803740363432
-15.6400878694276	-10.243673572471
-16.5319527780081	14.5245362386631
-50.1135346751914	-18.6124114298713
6.94084463230714	5.41579040756616
-50.5154918827851	-12.9491997036112
-21.9720796093155	-10.557932232942
-32.9246197427794	60.6343082299222
-47.3999355501756	-10.7313701357833
-24.9398242423285	103.294655189033
-13.3701825950773	24.4205146508124
-4.30270405248817	69.1707723392463
-37.0178496772	92.6679645723203
-11.6104296942635	-8.29758812105655
-19.4475659493662	24.763595837913
-24.4708834898918	64.6792427693356
-3.95879382970557	94.5375428162586
-15.343606541296	16.731349344351
-14.7908420732709	20.5744321499755
-39.2336824647756	-2.6154894476421
-39.8942799911291	15.4737136263488
7.37040410780063	-24.1620284147984
6.57545187394433	0.0925526954018049
3.14429087113608	79.641323936447
-6.57676538422378	99.7811633158584
-40.1811401227035	-24.2051905333072
-29.6705387758788	88.585342922608
-49.9129749960218	-11.1502690737665
6.82089248898559	-3.64528875777367
-38.3539916377794	-0.37347183981861
-1.5908449657798	90.398835327764
-28.2065518216883	58.7444786915701
-5.92313568644463	72.1530993208451
-14.6381515368622	9.99432646875542
-42.9106208384219	3.4732187344686
-34.9653171663741	103.777360144208
-13.6166356674837	-6.46792319322119
-33.2613828446323	90.2386224207876
-28.6667375939575	64.0197521520584
1.37461075897619	74.0458587208361
-37.1287623812862	90.6778769299945
-15.0191221167981	7.82137400447176
-4.97486126299378	62.913479953142
1.31344900129631	69.2459915468806
-44.9625554129264	19.4684304607725
-12.8851676471275	0.729176287181386
1.98719167575743	62.2753410103842
-41.3853863321473	0.72724569044248
-1.57818548260326	62.1408832985446
-6.48290384578698	87.7233900403667
-9.53729224398383	72.4084281827812
-13.9365925097888	9.29752624355502
14.8893324601326	5.79363387286728
-31.5218122939593	68.4974984534496
-11.9733754010655	-9.29712875668091
-28.8342226049453	81.4878361877357
-6.52446151775247	64.0446082019094
-3.71796433147475	64.2706918864917
-3.6880999922057	70.8096019109962
14.5808141936434	11.7083492959457
-13.3834301610044	5.18868497764678
-3.26925845531643	90.1106658092005
-13.6180241797699	11.454222755209
9.72902987236716	26.9755692713729
5.07677403943264	-13.5869755696995
-3.71338914510386	59.6503528398874
-42.2597402686996	-14.5972047890486
-14.2896056358837	-7.23136763816645
1.7312246093497	87.7727920162522
-14.0177613052034	7.24842695575983
-37.0415143185964	74.8022569814661
-49.1820099619195	24.1532457156033
-37.19810129344	70.8174336346909
-22.7272004436907	-4.3125616072759
-43.2430648513425	-24.1200796253265
3.71220298820034	7.86935512894779
-0.298386338802211	70.1226207227852
-15.0474602629553	-22.1134353457633
7.21750301672948	19.9204631995648
-19.5172034839739	-10.8139793433492
-11.6639381450387	24.1864954589412
-44.4804349973451	13.8222706451763
-22.3093495328202	6.17213361150846
13.5115351777288	-4.56435153109994
16.3854553235139	-25.2535978472845
-28.5608794353105	58.1661070505939
-44.8280392386929	-0.262421048978371
-1.69078857629258	98.048226938066
-37.5543175483811	58.7476390348747
-19.626178174263	17.4992929982935
-49.0794936564904	-25.0527713104217
-29.6274049826716	80.2756370997096
-49.8468243363746	21.0699225477819
-50.7260519301974	-18.3058190912727
-17.1052608719028	-15.5891247912235
1.4335034877278	102.518248068286
-21.723935931159	-20.3154107197433
-20.1413988097725	9.42883643808634
-3.0347021587016	95.1107246567481
-2.5092797602263	94.8337551756839
-13.1783259170158	0.851349431006871
-51.0261916636722	-13.1011235187982
-6.48776695909572	96.4480573545999
-2.72356259055527	56.1932752590269
10.0413377629019	8.93509096436019
-47.1563771741684	-19.3884336459134
7.05772326625746	2.69348732206657
-50.4342591954479	-12.7381692773264
4.4254507544687	-25.1460099324612
-42.6977654237414	-12.9240665914809
5.78421608674619	-18.1273433566791
-49.8737009274436	-2.07681372577125
-4.62738808367416	97.6807061858705
11.7644659188247	-14.2927923516364
-34.3354490210858	82.8740962099801
15.9818912706019	-4.32502121207872
-22.4820781774444	-4.28438125257923
-22.7500910769143	-11.9300027905198
-26.5037348341253	78.8846942037063
0.484477652590043	75.9137754980405
-0.400052935797969	91.6897063588605
-11.4874168873451	11.2745527572642
-1.62843354924334	80.1325631853371
2.15602017618341	56.1852495956056
3.43020933806012	21.3502025160645
-42.9590093817803	6.55084544247412
-20.1073988274436	-12.9285695111884
-3.29655035149429	54.5414994695971
-5.54979280739202	101.732143036754
-22.9164305667007	0.873310885517684
-46.8066507805811	20.4396025144047
-15.3888481340757	27.3794697768752
15.0078022100528	23.7341767246196
-8.23830635533151	75.2573508123938
-30.6379145257967	59.0232893315027
3.94997522783408	-20.5977892794356
-33.9738709146889	88.5565533216621
-25.4059269344038	101.936449598871
-49.8901959173042	6.74909678606099
-41.6386716758656	11.9005068408278
11.9174476337005	-14.4091806175074
-32.0476138731264	86.635046395706
-22.4897317486016	22.9405384935906
-31.422951778674	60.7839280509648
-29.2367578884262	59.044062178595
-8.91020500452991	83.1149006024605
-2.56680615734103	66.6311199946918
-22.2210656527858	24.3168822006827
8.93189178948027	-8.39056056488581
-21.461536859005	27.5684754082816
-20.3776950855103	-12.7770328085159
16.4974865311067	-15.4187651578695
-2.09742520533436	101.14499530827
-27.0080791974827	83.6857954348725
-22.8580533231852	-17.5563213518086
-36.6531678277538	58.0313712961202
-17.6770511295293	7.90875047543423
-12.6333924218092	-1.90110034050348
2.35254471826354	84.2638170815648
-45.5855445214636	20.55945837751
-28.0115978019614	71.4305417873535
-9.43275559503181	71.0455680587835
5.61029522725511	14.7902082164749
-4.17614901763035	98.2923010328926
-31.9724591891621	58.6001945403766
-51.4250902074323	6.91780339353818
-11.5272102683862	12.6732393027463
-32.0866187938267	51.9723981592086
8.96086145185883	-20.8444328553541
-5.73815542024522	85.5978072684013
14.2026140172731	-19.4755344292875
-13.0548599506837	6.89470039805704
-11.1701879911265	7.82342577123239
-45.8410970803788	10.5891923306278
-19.0314793921529	4.91483704585983
-24.8532615636067	78.0576535732477
-50.865877385267	0.73925322555872
-50.5621959620495	7.09245478558018
-16.2474390013717	21.3134801342903
9.60573904948863	-8.89118025490539
-31.5579485064421	103.280423703711
-21.1273041835893	1.02764381182576
-46.9563916492376	-17.3625899876236
3.00068598635676	65.4048202292136
-13.6015559253259	6.77442947843524
14.979927281453	0.0783140523038915
1.27055168926357	78.925021156006
-37.6749925370396	86.6299848660827
-8.23779607162087	71.2365726833244
-28.2220011479044	59.8681271751753
1.16205257153242	89.1532566968619
-8.13128678102812	65.7227175220019
-29.7684975025318	63.0355478488099
-5.98922143424286	72.3449006406286
-16.9302595797395	16.5083770652475
7.51018886373828	-0.608719074085566
-21.0798393156172	9.33494401809626
-35.3388671849947	60.5174586291657
-34.4530789276036	95.5836632314653
-34.0494815338544	77.7272556389079
-0.881929345449697	90.9632885000728
-23.9260231013302	19.7021192162332
-34.9833060269079	59.776466864305
-49.3101428173493	15.8807570539988
-49.4493901260141	26.6961532662353
12.0740231771815	-5.95913963131441
3.10272444969493	96.1886482592735
-46.7810903834872	-13.4395686765666
-16.1499076886301	0.979241718271488
-3.95009505212306	63.4055849116309
-18.8160443660702	-6.31492365562598
-17.1901186941566	27.5971900694276
-22.1323374670285	-19.2482816439281
-10.1973149302881	81.8840786043761
-7.89562347292129	62.0773273290774
8.55782186959366	-23.8907113453786
-37.6538001596432	95.3015526274204
-18.316025854211	13.1044426155907
-14.6650651465028	7.08291211788699
-17.3175631146826	-5.29680818831289
-19.6873524326818	26.6074235945158
-38.7273041811308	24.3996859345495
-6.83655208804744	79.3415245007325
-18.7044501473803	26.1483978573561
-30.7154165661793	60.7440077922405
12.0196433315207	23.2092448444616
-4.67169259842823	53.8827709215572
-36.8748095890577	60.1510470400466
-9.71720474678093	75.2537530693577
-20.6852169358752	-3.77825115922551
-9.79148342800497	81.4128824532215
-21.0225759591823	-21.0981236553682
5.167776308529	10.2418322377412
1.77562069249942	88.9825215776946
-37.3671355520907	78.6389882266759
-6.22825539830873	54.5848056210828
-15.9633914586682	24.8464146641762
-46.9127332361284	-21.1088639658133
2.4692948833857	59.4859347562767
8.53073085494236	-19.5708531218322
-12.222335168582	18.7900728339117
-40.2748660361035	7.15552120974292
-1.4736511485235	56.5543160841506
-45.2836179286478	26.4755363684761
-25.6126936591052	66.3350579239519
-35.8379037111433	60.7018969810556
-15.7860479691774	15.4285658694579
-43.6264850691322	1.17449170284993
-29.1648442111344	95.6941929888072
-38.5104750085411	-12.0249142813838
-11.5462994939307	26.9144562291233
-42.5600173326903	12.8709578859245
-8.02273590083132	64.047297106926
12.8824968360144	-18.4937990490019
-47.7993918743038	-0.825884317403842
-4.27739566335587	73.8783362272831
-3.54617100496656	55.8511154064804
-6.00869171818809	58.1615024874128
-20.1022877357973	20.9461482750961
-13.8746737015023	25.2715246579483
-16.1778785614748	-22.750896573248
-42.293745614467	-6.27651966391694
-7.97094067840449	68.6353350191433
-40.7533583476076	20.7925337605091
1.02914333136269	92.8108587253077
-49.5913517302723	15.5167944206035
-4.4591165869927	61.7070627667383
9.63736186918515	7.80462933331276
-21.1583102992803	26.7743009789873
10.6288680830851	-24.2384678658327
-35.0367149210886	96.2948029529404
12.3142184542373	-8.85186722702126
-3.9676012126377	65.9326607099872
-18.3618943216202	-7.94669144971969
-46.6964782798953	-12.3946795679014
-35.1327706820705	59.2202602478604
-33.2024119712724	58.0879381565883
-48.3719236874562	5.02682344280461
-25.731170608537	63.8919113334782
10.7007341954385	5.63674301768352
13.4306363205407	-0.906558650672319
-18.8513064678831	12.7350073226457
-16.6917208572372	9.81440467151126
-3.80244102519713	71.2299712130582
-26.5482345696485	81.6351859699075
8.11860143974547	-21.5268916578921
-31.7236451701352	72.4519839864416
-43.8293925943716	-8.75634947040575
-37.6748449087987	80.5472071173414
8.39028900845938	22.7182863271745
4.28506920818699	-5.38572327957381
-21.5116102020085	-15.7065282508286
6.90942525154906	12.5605474139594
-8.61287298432995	64.8620256401149
-31.7659647199878	78.4853141743563
-29.869952530638	93.5617584185409
-31.0959494852936	77.9989671768364
-12.1844319374601	-11.3613375397139
-42.7638109892375	27.2825424220484
-2.21951951742719	80.6699387522014
15.0904163586867	-13.3966855286739
-6.37795649998932	92.8853539907792
-33.1819138528473	89.8079107241154
-5.68129654258387	76.0520626942504
-30.643149108284	96.8625586174931
-43.4517749255426	-13.4471689744347
-49.8680368150814	-3.51843616416757
-38.2021114327752	20.0180337435487
-44.4594428926102	-6.93780971565997
-17.3540641933125	-7.1654663570413
11.2608524849395	3.00320125341069
-3.70961228131157	57.9743084929893
11.6045473834182	17.389283309082
-25.8334638282169	69.419990309494
-35.9867387113836	96.0266768549782
-38.4130167238494	-3.74557152659667
-10.354641848411	65.4663906413107
-35.9826290701641	68.6621681143512
-4.36882517100624	91.6329158596419
-25.9944122865639	95.7894373937756
-6.86492220871738	103.979278221787
-16.7461717666681	16.7262050461842
8.86844687969597	-1.29583723353995
11.0606816143267	5.69647853127399
-43.3335201615169	-0.739679352519327
-1.15320197082851	53.5655445808977
-34.7101674738477	89.1321125341667
-18.4394266870168	-1.20371549399412
2.42296189625071	64.2393198568602
3.04879584777238	88.0709645779091
-43.5707752160414	-11.9790897780303
-33.5031274938455	59.8767042291176
1.87529860072795	69.2713697114105
-11.9197856547414	0.978627006572351
-35.5237332728768	87.2563436326467
-14.1380928161971	-13.3409401591689
-18.4540355391526	-11.6130919262289
-22.3883242855508	8.51318723080997
-27.1725997831233	61.5049845104499
-17.2110510426301	5.79180576317685
-8.96508803936143	86.6546807472813
8.80932722596531	-22.5024122692037
16.0837289725735	12.6951668229037
-17.0194962548843	-17.5517465657526
-47.6198251623034	6.97554452489142
-11.7707834380747	-8.32914207832282
-18.0553902370484	6.38902933247084
-32.809426010112	51.3627944988555
-17.6118650467906	20.7000747212283
-9.30153884107468	90.5835387993644
-38.9317608250426	-15.5883754821549
-13.711649790075	-14.4724171209648
-22.9798824839948	3.44374021788058
14.0816852959127	-3.38382835231335
-27.4095651570385	97.6681695206762
-40.2963022644835	23.5722503576695
-27.6849922328964	51.7200998759361
5.71628055917367	19.47577586526
-36.3409619041344	71.9478448394152
-11.3243590239966	26.2056516339934
-39.7286350129052	-2.93593183194742
3.57319716455558	6.35003358368787
16.1309768151455	8.7951326111424
-3.33900547308685	52.6563796032059
-32.398913712278	75.2078341256578
-28.2180696977207	99.6000673165829
-19.2239152744682	4.60183587425245
-42.3849636681305	10.2857682752649
5.82193138779224	-24.5698705080374
-25.0232551693329	69.5997742738681
-5.11683030353394	101.281169270808
14.3030348689048	7.52806015664451
-38.5100061018617	9.84080655865406
-1.90643260278238	66.9736196037336
-36.8277713173465	79.244074043456
-44.2932333536984	-19.9754105324653
10.0325902820683	-5.10465252272057
-26.7709278979491	53.5824280525824
-37.9509788822682	16.8764967786764
-30.3426108705985	81.8476187477929
-15.6445626036562	-25.1095694368918
13.1893103022521	25.2750107353758
-22.490411923314	-10.8766605389396
-4.6507940291349	51.0568596143574
-0.307733232382779	69.4845529129804
-18.7775125347552	-24.6478357711812
-28.6720096653155	92.7888118853121
-48.1094283490299	26.3459128963411
12.4610693632827	18.5344225374841
1.56744996828969	58.9932081644781
-9.99530497510945	82.7665359793147
-18.3613332648354	14.8459678825453
11.9189379970317	-3.5329754412415
-7.17611378007819	64.6994914660322
-14.3367435551245	-17.4955223441031
-15.2301409469035	0.331900627535177
-33.6698156167531	94.6626059568252
-11.7262333381759	-1.07306127880609
-23.7651145106376	25.8356471030801
-5.08844839946955	57.9044307143132
-1.37841206067325	72.4282321605862
-1.44502714633473	56.4767885073063
11.1562683357108	-10.0068854279426
-4.43314820536607	88.5227673977687
6.20150193025693	-5.96997202804505
-24.3949039915739	102.346939192056
13.7799985014996	-11.1707706320471
-2.32250756678577	76.3639178486721
8.99166122386323	8.13254252560119
-14.3403092788175	15.1957041087949
-33.2436941243076	74.8091369937081
-36.4662100116935	93.8581855147863
-11.966484372476	21.9718567671724
-12.8977096866796	10.6913049692993
4.58905851819376	26.5111042409323
-44.1576557690207	4.85553564481886
-8.18280617677924	70.7496356951339
-8.00278278534776	52.9615478739396
-45.2716825755192	9.4128742838852
-31.2364139430862	60.1020323394858
5.25677045913853	-5.29734172320087
7.72411792482861	27.5026345984909
-16.4564297865791	-12.5078371792271
7.27426793989918	-17.9158298066112
-21.2550329594001	21.5295846122327
-27.1789049404722	85.3266342067318
-26.6213329717292	79.6221036203497
-41.4057388522686	12.2286232408931
-48.0178214961488	-24.1281606938515
-16.7529904549391	7.34518310748407
-42.809745501377	22.4618050513011
-21.1825781085405	-18.1679320496223
15.7438656579181	17.7172222113883
-8.30323272023676	73.650285733165
-26.6725012880656	69.7867361600141
-20.1172718119328	1.06652398567504
-15.0577800950282	-19.4756144139789
-13.2801164961482	1.93781954550518
8.14495804721363	-9.89268826593764
6.7552184244865	1.62076043525719
-12.9212845873423	-12.3393117141774
-10.6336791289447	14.1183849704727
-48.3387375716321	20.0153292542292
-0.474820497880645	65.8996376185806
-32.3959101616847	89.6336857546372
-12.1508724845686	1.97129166138438
-14.2777731387678	13.9993198014088
-50.9215073018433	-22.002799832393
4.94064067774819	9.37002593695912
-20.8279669547057	4.57181008814063
-37.7361951608861	62.2523573501496
-48.8303936032022	-2.83136004011612
12.4151111993417	-22.4288663852122
7.50324206708321	9.93306723198121
5.16160795604723	24.729316689472
-41.2607161270377	-0.876431758224622
-17.8568626788101	-10.0517265593164
14.8820195950608	-0.572278414644278
-5.30760922652649	92.4293789722075
-14.1732938840423	-21.1018804685586
5.10173600840767	-19.4254283877825
6.44939325579649	19.9101991172147
-33.5215234044835	66.6984641666701
-11.037641436489	-13.8640602874031
-3.98690163208872	72.6967595046248
9.29769611939139	-11.5602586429957
14.5120598474394	-13.0563281206978
-6.80320522861586	89.8073125658808
-46.3547596856716	15.8671774460466
-45.3012851028217	10.3069011183814
-5.42234224533407	84.5437671263391
-31.0143988538524	91.8358734453224
-4.74687139352131	88.5809632005071
-38.5244575619211	22.0496017179401
11.0267019428737	-5.41930217409686
-15.2320457679124	-16.000359576293
-2.24079810413297	95.092130872427
9.99310664240337	0.759452115284625
-25.5628272235513	87.9438248064803
-31.5343257356122	80.6469427208934
9.20095191588114	-14.3778118892094
-27.4408401882065	71.5910258094752
2.29150125106484	51.7181050151341
-27.3441805437326	75.6938688058085
5.49692451734216	27.1631765116018
-32.1244131055057	63.9482690453139
-46.9675924496524	1.97230976165658
-18.7287670507175	5.60353869115994
-51.0367786046617	-2.61284860737832
-23.112199887956	-16.1611114186204
-0.0869253626108451	68.962281759558
-2.81555457208889	57.1378109177231
-26.2728552702111	70.0882131343784
-15.4871348746356	27.355075011325
-49.3938940833199	6.59962541076599
-8.8799582663229	92.7917941146262
-46.5919636688514	-16.2458640473598
-15.0682439033045	-3.79783302489428
-24.2073329105769	80.4335769775886
5.23151310427244	-21.5751650822739
-48.6452529494032	-18.1233224730466
12.3318724415818	19.1494168353908
-9.19739082732064	97.8208939534604
-7.97590381776105	50.7249076098154
-28.616585917735	101.647061620713
-31.8362142103064	102.847799534321
-15.8536994573112	3.8612305838063
-21.3820897720458	0.212348944438472
-49.7122962786103	15.6534512146751
0.218186145857437	50.712810671927
-9.10317188686038	95.6206771461043
-36.1497871438978	97.1982670897933
-30.1054004383542	77.3848344145578
-4.15423312075957	84.5223912786726
-41.656483540993	-21.5012709730293
6.45540697529605	12.1414543260048
-13.5896783099088	-24.3000510279524
-12.9376904710057	23.3674352626064
-23.9328537153887	-15.4770598329527
-25.6653702642483	56.2312964835746
-35.5755841373615	55.7056359419778
7.24121727411596	22.5154599800322
-26.2292069811088	85.4042078781708
8.6689760774123	-22.4788456830861
-7.88672804325781	60.7177599648411
0.982760225890764	82.2271033773335
-29.2746100923027	72.7862473365338
-43.9924648390278	6.88672048804936
9.23713982919119	7.33252695954094
11.7665057327241	26.7999806022751
-25.3371177450272	98.159610663818
10.4777687896667	22.6223714055047
-19.1131833239776	-25.349523170253
-6.83535044074099	90.5290203154715
-34.6310415882261	101.106598092112
-18.4089464724098	19.7427562800076
-42.2124457028143	9.70916605031768
-4.44785197851558	76.8308165600611
-22.1502861426675	8.01411720767448
-37.7706158341846	68.442841658566
-14.3459725068046	-13.8138725477184
-41.8575244602755	20.3359023188339
13.319054318026	23.0337173272305
-49.0490173970613	-7.62501318303492
-8.86822634617326	85.5726768248116
-0.246488249259976	77.1779630278429
11.2406902926133	21.7979062487553
-26.3886926083439	61.1075701683953
-15.5081367294224	18.0603388923473
1.08782513388004	91.9070698520732
-49.1320742601743	13.6596904561507
-18.6786328127439	-4.07244547660326
8.54779888068224	-20.9199543891188
14.3315587359131	17.8273039405334
-7.60667979949607	97.7285256115049
-9.80374698596932	65.340593741144
16.1951363704789	5.03072565579621
-20.9346518761438	8.07403482337175
-0.47044306278961	100.71001058975
15.8456196593086	-13.7277166846816
-44.3863556791454	0.0543551738475137
-23.8650829580026	22.1929244683347
-11.2496525221838	11.2316314855858
-2.06627190061818	59.0672521175772
13.0682060721303	17.3260957895964
-50.4223115486466	19.1820882013982
12.9941324788105	-2.74261672967152
-51.2933587967012	-5.94705178543144
-1.25421806758232	68.0106649090194
-12.5279806999069	22.4753821682504
16.4527948713292	1.35726963325331
-8.77887399906672	62.098744458051
-38.4868554407953	10.5840568617133
-48.1740830761496	-14.378980630138
-7.00829515072437	59.7339433635885
-7.24021128185638	93.3438090352905
8.06767339828089	20.9571106006294
-41.1556847048264	8.21030456595554
-19.1208158516431	-18.8931931153441
-38.2184403090235	11.4398348229846
-37.3529640855057	70.9833650596931
-48.9968559044983	-4.7593204923167
-3.54328771565732	62.7390755144641
8.56143584936915	10.0776435360002
13.7206698478154	5.25804002344284
-8.09443424513001	91.3624312831011
-42.0095987016347	20.9375816321144
-18.0712859178073	9.61857857139678
-2.20108694032452	82.8657706471169
-44.5561663725451	11.6454218651327
-5.66689428895709	67.6591435486218
-30.2819855992836	65.2811123532476
-47.6121775750691	-4.27244593247233
14.0155760244407	26.0352526873671
-46.8888170794126	25.7684057733511
-12.5301559227868	13.8010348484762
-40.7863098164074	17.0211482222365
-33.0456495147076	99.5332120168651
-33.6131325192279	62.3865515336222
-10.9286047342474	-0.731786506626161
-49.440763499431	-23.9894404513602
-25.5844622447017	74.6274495138725
-43.9499258245683	8.34080717207035
-39.3029751378348	20.1796782316137
-17.3099459283247	23.8731951511709
-7.36102151530921	87.3447836010757
-44.5182202959698	2.33655146655122
-44.016990064969	-19.6119274650232
-46.6822168914655	-21.3678677940679
16.6023038259246	-21.5999341080953
-32.7409914577658	98.8636888725166
-0.606997534680469	65.3197627754308
-49.1676098123618	6.98016024395747
-32.6912919969652	71.3140805327305
-31.179558429475	61.4226957005438
1.18728454795052	97.5966386999615
-47.7581834109418	-18.2475218069742
6.28487159837814	7.47892924364919
-16.274958864834	-21.6852979074213
8.73533170957789	17.9777328515595
-10.0598682960269	102.112075816458
-13.0848273960727	-17.5673144802525
-16.9558921833328	-7.48484448153028
-11.2898163781258	-7.53403207481238
-28.9897356649253	71.8599682765743
-5.64994355117308	82.164703823489
-1.68015791136858	56.9679163455402
-6.28978454953093	89.1097164847881
12.0455192560685	13.2323584382232
-21.4428050324419	12.9583478399057
-11.8807121857543	-5.22872998738546
-3.62709915791273	66.761273146846
-20.0106385434237	-2.91306273334348
-24.2503325776792	95.5407423184767
-32.284342709278	77.3481039804262
-36.0296140337565	85.9090830169696
-32.1082504131487	57.8987041915364
13.4743135694789	24.6998644925664
11.3972716398925	21.5974822170071
-16.5824905583544	24.8205949188029
-8.89595036016195	53.2103516699039
-15.0026744133123	-5.39789944670177
1.73100740320325	53.1748973833656
-38.1932375981757	12.4062803610145
5.03566407125024	1.4044189644418
-13.148743768199	-18.9639938333522
-37.2642064651148	64.3041856712237
14.1352077565136	-2.83593477211784
-17.7413569855678	-21.0309578792872
2.01961970547915	65.4106183783022
-17.3844243917778	15.7771580884297
10.0834524963827	15.8415810506091
-46.7617165995044	18.5193960962113
-29.5127181163847	93.1180762010654
-31.9324096339157	61.390027539242
3.20251576937612	11.500925608388
4.41184816089655	-22.8668745676587
3.76912455501342	-16.0253513654454
-20.6586719548061	9.9505536621658
-23.3929427665498	-18.404288381908
-4.51618321663851	75.8831957719976
-14.9163216195275	9.89787737780993
0.96794595147938	67.2953028076613
-49.2307961953513	18.578696285085
-5.55381507932889	84.3987715608067
-17.8512751914528	-20.8950621928982
-13.5103623545492	25.5303051744113
-27.0145168058989	62.0127614269251
-37.6694998869483	82.2892783680178
-0.266687167782171	69.2810244910811
11.4122261005312	19.0837880440795
5.68332301762123	-2.37151581683956
7.83922421080281	-14.2598046535551
-38.7432963580565	1.46818297487727
-20.6064476331468	-16.5621621550833
-42.2130926104223	-22.1926289932394
-46.2099739013171	20.6902362379263
3.03951644639229	103.161649658917
0.0993300358561	93.1610896496298
-29.3676041736071	96.7123323173556
-18.3098969710353	-24.1351867958101
-41.3843205941854	26.837250198105
-23.2744176584492	17.439283968214
-19.0052197947141	25.7902119957833
-20.6578100363895	-23.3697031891709
11.4265904657386	-8.55086247866729
-5.97338482835971	58.4287171685365
-6.5633143059817	91.5501622045865
0.0762951010905211	71.1843428836795
12.3290369619703	-16.8719672269527
-11.2309306234653	-22.8441458785367
-37.2094471727455	70.4327309896608
-44.566673176471	0.470617734935881
-48.0957373402918	-12.3529164156031
-45.390464030602	14.1750124277762
-8.40335730022898	52.7390966685244
14.9203549377457	14.2268465673956
-25.217990689532	91.1733717165642
0.225713127613826	71.6088392174269
-41.6137383807458	11.9599328452176
5.45408414972744	13.4423263738291
-25.3893528097573	83.2670781611074
-35.2499390525112	79.4969036282199
-16.4784098957285	-13.75911472588
-43.4635642937273	20.2448171658649
-14.1813276327695	-7.7199150841323
-23.8898004940244	2.08442608946902
6.28302535481513	-7.90570709526862
-27.599827234778	98.4415449773934
-18.997718917411	-0.285160384278013
-32.890239687181	90.3556752338774
-0.586215149500244	88.3229647050594
-39.9947461849681	13.4602036403088
-35.1708222298031	87.7711001032596
-18.9054960584004	25.6606599059683
-1.21299899571786	58.4665697592558
-28.2806641856391	53.1022184573745
-2.75456165577979	66.0401421554987
2.91975516098676	82.2000079633578
-25.3528770649153	56.1420290710579
-24.7331986302607	71.1862971347588
-8.13728265472207	52.606633750678
-31.7417258555434	68.2473941556406
-29.4231289600098	99.0604715742955
-43.1776355180775	-7.27878623480511
-25.042431569627	52.1933978988372
-33.3267613675675	96.9166455567841
-16.5557907244163	15.8842142671359
-27.059931302985	60.9736937501616
-17.0835706215361	-1.3374020487939
-11.7391038566137	-5.08746618356173
-44.3456015611168	-21.9224129109413
-18.3699163605113	21.6142261822069
-11.2029052233009	-3.31429634575783
10.9229143325717	-23.6857578495678
15.024491299418	19.1781565331825
11.6609600921581	-9.34541658624038
-18.3599201924953	-22.792829708376
12.6492678061376	-3.36415441935816
-40.7774704835047	27.0192607013381
-10.0658394046739	77.8733795929951
15.7922931920731	7.48655442173937
14.9274786851067	-7.16593376871916
-24.2836248762631	74.0180177619249
10.0438305631029	-1.67745698128875
2.29435384071663	78.2998039708434
1.15771010753126	84.1398039035549
-30.1547681557417	90.5621748152157
-12.8060409540303	12.4367188606493
-26.9907840292963	101.402814929421
-37.3589427927308	74.6889359449518
-29.962649041129	91.625612942084
15.04887364569	-15.987567219136
-16.2911430650731	-3.12451135848126
-23.8101226618532	-8.84712053534338
-49.7375824900275	-20.592219982267
-32.3433008877109	81.4435410171579
-40.9306716050469	17.8740828965374
10.2639431720113	-24.2901121983701
-19.3374423018617	21.7744596864627
-35.0219678303367	95.4594471563073
-5.84772132564279	71.8256481960646
-29.4067528660193	98.1792103988748
-13.9277085710435	16.5696033018646
-25.3576571446054	82.2395045250882
-19.7855484058993	19.4503312745838
-25.9692002523356	54.6682052386845
-2.07850728192797	79.4549158932655
-22.3087287968863	10.5151710067629
-19.0021218565808	-17.5644147220314
-27.6484464501371	69.2534000984584
-44.712824870294	-14.4495363089246
-26.8313498174232	84.2208978390803
-25.954372354669	70.5943275755249
11.5026143835953	-1.28827540314385
-48.2813318302541	11.9504060748638
-8.62261494811728	79.9811006599704
-29.8039430356614	83.4270250154499
-19.9469565734453	0.323957902354046
-42.8625518547204	-10.4556419861495
-49.3724304091694	8.83167483347818
11.0405832759698	26.8304565924484
-38.4670663255843	1.46890428679691
-36.9616709964824	91.5267186446996
14.5032370084271	-22.4936978397159
-29.4246829077196	81.3325658691946
3.66504769006419	-7.79570825660596
-43.1944809821587	2.11282277361449
-28.1081763290798	81.0256158337042
16.8452957380324	-1.44555484975772
-50.2647864834346	-9.11211508603215
-1.52508115494813	60.9913229594877
-14.8571788604607	15.7352009919537
6.86392087331134	13.0498940753847
-46.5467620880029	3.50329156835587
-42.6068173612605	-5.18402965809666
-12.7969199049782	26.2863801627716
-43.3019837377783	-16.4347404040268
-49.8793047489992	-6.4287796594216
-24.6647122786248	50.6565980498336
11.6790663175991	15.9809462895672
-21.3696801717374	0.809294138696703
-32.2431375094308	72.8240721084881
-51.560657826062	-10.7712858468053
-23.4172986680881	-24.3111818537123
-51.15281734481	0.203505980430513
-23.8000651457751	-22.9473873799197
-39.679283062168	-23.7376907206103
-23.0446725266604	20.3558743240451
2.59815024397525	80.9758178645084
-26.5467978576747	90.698662386681
-20.0569341279843	15.214666881505
9.42305208806217	19.7533773254736
-29.5704761972232	97.0291696909721
-36.4036270185033	71.3619871947052
-35.8140531399454	102.163938156704
-38.9503762186374	-10.6519169819092
-32.3788742045287	63.5843061379188
0.902160805269463	59.8050121179671
-37.0119500875903	70.1657006311738
-0.649481523376358	50.8607732466573
-33.847779679566	64.3598779059657
-46.4645816414576	14.954144897542
1.55581994081448	58.199916911999
-25.093287527775	97.6676629460904
-10.4370965871886	52.5897638641058
-31.2756367743686	103.034918496769
-40.5314323531101	-20.0827746848073
-4.0246140767833	87.1765512412711
-45.0427603439134	-2.61538181341407
4.14534747817452	-7.58094793625565
-47.1476191762735	-17.528525946921
-27.5104200143722	103.740955541319
-39.3183658810504	5.60210692011267
-37.1248246129215	66.4934222659355
-12.2552279159164	8.04611300716674
-14.9250079813928	-16.2047261870466
-36.0520763193815	58.7016909758501
-43.4441826453215	-6.38706185615682
-14.4509920262381	-14.7263871483221
-47.5289717744885	1.23176133240479
-40.0504092288772	19.8829985631633
-26.4194490771232	58.5512392542238
-49.4457497749396	-21.4457695091066
-18.8489349174873	21.5173533760298
-5.57112977789702	90.8406164045153
-20.3354301483604	-12.0584358960687
-6.68697780896351	91.424551558287
-18.9187773524277	-4.31648099733566
-4.10643634823942	81.4638057805306
-18.5910050266519	-21.5751647441697
-8.22306878029147	78.8371188994719
-1.39214638406812	51.821689876722
-9.99739591135621	62.5304433688262
-27.9221578101227	84.3853788262188
10.5808495199256	-24.7759907584586
16.4488507669499	-13.5953616619484
-31.500116766225	92.8716452862053
-50.3397790673132	27.431847278183
-48.5143147794373	25.2096797723871
-17.005625819541	-20.730351557366
15.3765224732823	-10.294033803824
-42.7658652125775	20.9217768328813
10.7842426349496	25.0512549099723
-38.7619488178605	-24.7159228307365
2.75902108658962	77.179567767601
-48.0334497032926	14.9123768632152
9.91752510865721	8.27441777833907
-44.1942156410162	-12.120643582249
12.3380849028522	3.81253109767224
-31.5807386254967	85.9996879528258
-27.6409836381524	100.223088752885
-19.3899262662757	-16.375880339789
-24.6562181830471	98.6604589980003
-14.6845365584674	4.5058601875085
-22.3127459170808	-5.97921765151005
-7.15470197468146	64.3623756546815
-29.7264826977825	58.3787039210536
-17.3245534650828	11.2571371221026
11.4611747009701	-3.3424162372289
-29.9557868407597	77.360167519815
-48.0612692411182	26.6378011348332
9.30996615833549	-22.4776455841769
5.01073287897832	19.7749397529032
-8.74626514259483	67.2601037425008
-3.53405477867291	81.8730050082561
-30.9222802060715	53.4129446898657
-13.4633068645717	-12.2520491057054
-42.4954248953207	-4.07855447403034
-19.5883226506261	-1.04165920441623
15.5886983606184	18.4023709146841
-29.3024406070429	87.854205738586
13.6656934897724	3.2990894040605
-21.4513034202887	21.9317489193658
-42.6711413027354	14.0768219329472
-45.2672753632676	-15.3651866531218
-27.590882309947	56.1708613492724
-29.3511682528484	65.3305915053667
-33.0337512994468	52.1042452587013
1.12940249157495	67.9348788781789
-7.77014661720275	91.1200491674055
-27.8388195251481	97.6887079188459
-22.9401744073177	-23.1138526402785
7.25014671282941	1.3968679703878
-34.6128323328691	75.3362353002482
-31.8427013060114	103.727253353399
-13.1564387217037	-3.93925013017411
-22.7773760910546	25.7430096109271
11.1924699249803	19.9670416670919
-48.4848001142465	-24.8549029024425
-37.646914835279	75.688245272533
1.70101993265318	55.4858071194673
-6.05065148584914	68.4651976685466
-26.5275709399478	87.5766572813181
13.2782078627201	-3.33298304315337
-15.6887158757483	-14.2899834159088
2.0925804903264	100.915591931184
14.4671506195889	24.1777333620442
2.43622381021382	96.7482955499239
-43.3303875742439	16.2884841536507
-0.737767307628184	93.2213222959093
-17.7461461593697	-17.0002729616988
-6.84654410592342	81.6537082886303
-28.3068874488612	70.4261715985797
-46.0092513091539	11.7809013728912
12.3517253614689	27.7746484247519
-5.4515137862757	67.8110448517248
-45.7354514560105	15.3914032574197
-32.7520829714303	61.3402197499869
-14.7800455784555	9.3271215697428
5.2108577226564	12.4207122135033
9.82098438917924	9.57604338959284
-51.191186481259	19.582131953118
-22.6647209757037	-8.60431921676946
5.13083353703632	-13.9950999675046
13.0172351269684	6.86323602028673
-43.2400038567098	-16.1797818461225
-27.5342271382798	66.1878980849926
-14.780176961516	-14.3561549222428
-31.6140846812955	78.0853152777366
-35.770150079328	92.9566128985673
-20.246699507381	-13.101954538514
-23.3924269496002	18.1152292688544
-5.09981053338549	59.7506709152494
1.83250446823494	86.8260498695937
-27.5060805462448	69.4502259808476
2.50511229605538	72.4755130540618
15.2716295023332	-16.9757916921463
-9.9602322054473	80.2348678001255
-13.756419934062	-20.0433027945964
7.24882007274752	22.6384368560773
7.51548362374368	24.987486823616
-44.1246146063608	17.8734266024426
16.3666153901437	10.2448756010011
-17.1458710611108	-13.0607276704718
-45.4465547375444	3.48885648325147
-30.6421661872333	99.3804329893703
-5.55530677471755	80.0896670270969
-35.7993866403505	97.3593124611817
5.19909076830973	14.0093171142277
-41.0161367243452	26.0885939871719
-34.9741632349248	59.5661462240483
0.889338973151083	100.140151435401
14.0894879573058	9.49897470159746
-8.56704527218433	78.5800890157746
10.9476087512632	-14.4196948181448
-37.0922096773146	58.4486975672185
-27.7820638711729	103.186603087624
-11.3292147407615	26.1858947425853
-48.3910195304825	-8.30735431011398
-49.6342128630827	21.9584029035221
7.37733866218319	6.89161935699435
15.8230466918209	-16.5226999109735
-12.9183351537204	-17.4025299979
-40.428815181246	-22.4705593971077
-42.621901997699	14.8480804872928
-34.8672037540984	86.9425913955144
8.17102579265727	-7.49438867280817
-39.4936084440454	-1.13972692713023
-2.46853040666051	94.0767699483469
-47.102028413978	2.61966281149542
9.61752900101511	-10.9748217174507
-37.7481117675943	53.4559634112199
0.0865345020448762	73.3286621721813
-13.3427551186176	13.313819069125
4.83317778875885	-19.7967048544225
-12.1892603719337	-16.5986872517924
3.02294929630929	65.3417972339057
6.89050411802296	15.7746682195529
-22.9285121139679	20.0482888237066
11.8201706888142	20.8097380549185
9.1556161309825	21.0781662878263
7.86229532108082	8.32467670832738
-0.356562384924304	83.5051757165652
0.331842316879902	68.6131092861523
-41.2503719037146	5.65926178942537
-18.2529319345523	-7.51248998454012
-38.0719664444763	-10.7066185678724
7.83256931456625	17.3008784744412
1.16631109268534	80.3465647869487
-37.5001748214358	65.8609400569292
-3.31066696900659	61.4028830069783
13.7342104172928	-10.088322650394
-15.1439278308621	12.0782964924175
-28.805569512343	65.6583772733587
-28.9865033263929	56.009605119024
4.66169844385927	17.0697566778099
-39.9404043878315	-16.9278555155255
-7.7610800034064	77.2110152503191
-50.7169070664199	-1.59473795927419
-35.7533759108863	80.8707073835524
-3.19847174555387	51.3723430172999
-18.2645910890791	23.2023287642776
-46.2539947603229	-5.34706968626163
-1.79799998335332	85.2448714341878
-42.7920841938484	25.2526995263851
-50.9898125173312	5.28314656747894
-33.5656010126503	57.5049759256283
-20.467247356632	-7.17246683377268
-47.0417123547128	0.263245996222961
-14.9715217304368	11.6731180506127
8.5952719915061	-24.9753073798917
-47.1448180266433	-21.3612807576456
-25.8269812412793	51.2972703465413
10.7114651226349	10.221429278731
-33.4971933610181	51.6236871332341
-35.3881615268945	74.4970193044148
-25.9553390433544	57.4358928038887
-35.7637260208623	90.2904641104008
-41.2583378585017	-9.46390081370177
0.157246186729082	77.4821978793621
-33.1016470708887	74.7764217384158
-6.50168442095688	84.2901470690891
-25.8432033894559	89.0696422528026
-0.75010349364905	94.0479503878843
-10.9401349628149	-6.32999553650768
-47.0397923073483	10.3717959338725
-48.2658738673167	-16.5219497322265
-28.5551505148087	90.3404855122986
-36.2711234335099	68.1148915889092
-3.5502944224552	62.8435546555391
-8.12468168371791	91.780215125435
-48.0194163610785	23.5432678306814
-50.792943535314	-10.0621321550578
2.21447389858713	72.4190417206896
5.81648229188101	6.91646723926902
-21.9031136515614	13.815854075943
-50.8027998549864	5.30840235043438
-21.0316908883633	23.0588086770998
11.8357037724089	22.7878502010406
-15.5728640179057	23.9001475254961
11.3427539759636	6.32149591522601
-28.9897111840114	96.2113917250225
-34.6472575976218	94.5054819430339
-28.8318448041648	61.7331416660104
-49.7801472248466	24.8313011025288
4.04761997098967	8.99708452357419
0.848042048196858	75.0363893436934
-10.3774788282698	62.0249418755905
-27.0512584434031	57.4874658874399
-10.493302337708	102.294035860669
-28.2049670984288	81.5349049331952
-51.4820351381867	-4.4756827990415
-15.5484559009909	-21.1670598417025
-20.3532838238832	25.4781254695513
13.9967470512388	3.63117086679708
-43.4709300323421	18.3292151202152
-25.1201879970965	64.8038375709305
10.7585717446213	-12.8223135526226
8.10077821980727	-11.5883928528478
-12.7928247207109	-9.66772283950822
14.0608560468067	19.0639452429114
5.91836435542525	6.75755578435538
-40.8206986692105	2.33713701623261
-43.696044441544	-2.88588709728791
-51.4071928394715	26.7809649995751
-41.3565964451597	-12.3780901643482
14.1011262761056	-1.80147329821204
13.4848248382722	9.14251691144669
-46.0850131603737	13.3562481107698
-40.2937151872087	-15.8279313323999
-6.21431787253985	71.9646203657876
-48.0978098557737	-2.8832520476854
-28.8551527945679	81.8433828625906
14.7552124513947	10.5288120925902
7.17921128085515	20.6493814800602
-17.7745773757463	-17.2481039283984
-25.0189877527464	99.0863549033775
-3.82583248562455	55.1559878602061
-14.7009493275212	-13.0145095081976
9.23268585245083	2.13404874246182
-8.01734686124527	65.5702658252719
1.72959629851285	77.0396010800197
-42.4758907188224	-23.616552449672
-14.0641208616558	-2.88000577658296
-42.8009694975336	2.88634344526931
0.681637163996128	64.4517179070637
-48.8314730501488	18.5235028902122
15.6514493670388	1.32684745065756
-33.8744675974156	74.6126267323214
16.2223018652969	24.1098205953644
-47.8838117305451	22.483936551356
4.21176254238747	-11.1468337805747
16.054514955509	-5.84111725150745
5.7925677334248	-12.7973703211278
-18.0479919748115	-18.9790617673357
-2.57945905127484	80.882707784709
-9.44763976020218	63.2806526148461
-41.1946828242749	26.6397298576756
-15.5665199023273	-0.755278637925629
4.50479865751099	26.9970103168316
-21.4980128279959	-1.65575154073321
-9.38421059828667	89.7516477169646
-36.4859886441686	61.0812894645125
-35.5135500847201	72.8225999100377
-15.3749201174928	2.1383721067482
-35.157746980019	52.7735655717208
15.1074802014748	15.034993616789
-38.893574760026	-3.26791588312192
-34.3091172669584	83.887281841051
-17.4577391451553	0.751644900112971
2.3784189858498	61.2590877911962
8.71410686700556	-2.6570349926851
-45.6379536024526	6.15647616761854
10.2436773096861	9.1368761538462
-28.9889705360633	86.1910597708905
-42.8767346474365	8.12853977527046
-2.9450202268731	76.4404291744358
-43.8982296043157	6.57538253175539
9.47647944360452	22.1743993566453
-51.1787421575462	-8.02209907832033
14.7494299420124	-6.01004558445968
-50.6197218543996	21.6741575075402
-30.871602359648	78.9337212526967
-47.5622777353043	-13.4236507300919
-31.988315059314	65.6027682046907
0.313336059613187	71.4333905158029
-36.6252894050334	54.8084660506894
5.4511376378228	-19.1587486016324
16.0103114130365	-5.21553465560543
-20.8564265534716	-14.7830582215889
12.7757417534352	10.5048567701375
-35.2529220901489	56.7290642892982
-51.2638274959306	-21.3621128383691
-49.6299869052807	21.957128691736
-31.0887956620516	64.3782136826848
-42.5154042016637	3.91146968863815
-44.3465147747045	9.51817410573034
-24.5331806310979	58.4883648153265
11.1256054918575	21.1984395992987
-40.3021273283133	23.4777053793414
14.4561737769194	-9.31672055223845
-16.9331215002807	17.5295982445567
6.54828001821598	-4.01363428200555
-22.3311911408962	16.000417988702
-12.494588824116	15.4796693222653
-30.9314980915048	102.504685084621
1.91783891078122	84.3477750570841
14.347134456781	-7.50408914613953
6.48725455507037	20.0296595649086
-48.6592647617425	-2.55512477913584
5.19601766895992	2.85175514248042
-15.2372381946638	22.2874970161315
-3.14801647422593	64.819212437526
-25.3348422488115	89.4351055910198
-46.666519192312	9.19603886813364
6.60819146667152	-14.8383796226501
-19.2001255140067	3.32880791024071
-18.7427032550989	-15.5684998623411
-2.58227468616351	101.162357194457
-8.06876078818211	65.2903584572425
-20.2038604122333	-16.5266258613987
-6.87366134909006	53.2465174198662
-1.58181629873774	73.6144030188287
-25.8445127194032	51.5255125617167
13.0648739426891	9.08371033934317
-31.6302956912237	97.1953897900348
-27.2305777783615	95.5368595258744
-14.0197784482357	19.0836111253142
13.4392442217073	-0.063564206398287
-7.98663361032258	98.6871261982518
-39.7881975894116	-12.5830141670607
-14.3944357810849	-11.7048134225096
-18.1734644862662	2.12595519906396
-12.9573896000142	13.266607606704
6.17886464896072	0.618401552658394
15.42909853234	11.3141612995712
-10.4119108292904	82.5621616663901
-21.1037250362788	14.1864185019304
4.43960339945815	20.537493605615
-25.9731337156232	61.0770017674989
-16.4682717613109	5.20436554074792
0.763349917102751	102.655048115968
-40.9494851135079	14.1772733813208
10.271345346987	14.0793288403252
-41.7879433672785	20.9929216724278
-36.5634514814837	66.8777153515269
-35.2949703225133	82.9858707685195
-27.0679894744267	58.0643615491121
7.79776265305933	18.1231609535511
-45.4569691901213	21.3395841733823
-5.48824225426724	91.1943622966229
-49.6454719290582	-19.9561032311115
-24.8632853210237	59.4070892613161
-38.3038932200752	7.44111756145886
-41.8817410881631	-6.26386563089029
-31.1871528657921	87.0817737663528
-26.0695501546532	65.1900574100366
-17.225588989939	11.4378623925901
7.84381206281481	20.0228798540066
11.6982749485717	25.1282744058436
-31.023328005032	75.3552490999134
7.77564505488139	-9.78421727054576
-30.1570154782393	80.8255650140762
-7.08004595934211	96.3311376380753
11.9746498795279	3.09509245202705
-34.107066847223	53.9217969999067
-37.1756158210782	62.1400345923925
-50.3725308524341	14.6005120075144
-0.997210051568668	61.2703920238755
2.36567290905377	87.214034524853
-50.7475230481868	21.0466803760354
-15.4714185255	13.7412862001725
3.97598139969761	5.51492909535127
-19.6126793850768	-22.4071544096687
11.5906141714846	-4.33166589353459
15.2945938096931	-7.3435069363051
8.05751845775403	19.102763374135
13.4802470180122	8.09858998764005
2.25968430733264	91.7400810997799
-13.4083561463179	-6.88250273501861
-46.5321653702389	27.545587315449
3.73884038900624	-24.8631811853681
-50.3163140609741	-12.7289284936804
-14.5978745494612	8.09352658228969
-28.2106643556602	100.323566398255
-48.4422038037136	14.7494912114912
-30.6723028116128	90.2864927751105
-16.8073171478013	-22.7481603279194
-5.18296682243439	101.002978680673
-41.9805641045364	-24.3798536406283
-41.1738133735113	15.9876918766042
-16.5566733133657	-19.2635168685094
-16.1944309994307	-1.31404014998847
-34.5822653414984	88.5546620127474
-21.4507328289593	19.1657826861411
-40.1066017936688	-17.8207852792959
-48.5131083071596	-15.4725131368913
-31.2480426952554	81.3387148047263
-27.0971599713851	77.2121835843703
-23.724065018531	20.5731558952459
-36.5662329697621	101.92026389867
-28.6560644623516	92.1475338303105
-12.3370626631128	15.9677616670845
-26.7431761225218	97.1008163931719
10.0792878467642	25.6232121937907
-30.155157828258	63.4117169614467
-26.5811326606762	100.739325101895
14.961792488087	-5.65221478211541
1.0271461479585	101.067583639108
3.90668720970769	-18.6434398781888
11.2314039554045	12.3884394899211
-38.9357586595783	22.0557841391468
1.45054565284205	95.1723451992275
-48.4873614147835	18.4135570337007
-50.6543794829309	-19.851366144796
-18.8841185356881	25.9286846584452
-36.9126325045022	63.9792973163739
13.0975852715454	-11.2437593360827
-2.41526633635472	55.3213202671071
-21.4476931332585	24.3712059158437
-50.6911807724265	18.3041060785007
-45.5092434229007	12.929567076985
-20.132650038142	11.2298597264675
-15.4595375465181	18.9512766691935
-13.2013891550503	20.0752357752331
-9.99738246130469	54.4124508447595
-24.2340007038831	59.6540903063497
14.6133470462692	4.60983643857941
-21.3579039543187	21.3830643576335
-19.6658929762022	-12.9206979394148
-3.46045005753761	75.8673022391501
9.06120742767171	22.6587788788225
-14.1153061975434	16.1432253787361
-34.0962755416427	60.6306517027445
7.58060237193011	-16.2239024333993
-46.9558986832188	23.9748521281747
-5.44445967653433	94.9217040058937
-12.4761232514352	-4.78539946434835
1.07046075222934	75.4601702477611
-40.6781120643718	-7.25562315746229
13.3798729532745	13.9807929857426
-27.967523740295	57.3052401070244
-17.486267925633	-18.9243066798906
-15.9827277796212	6.81449713127079
-22.8265284710755	-12.4936185712816
2.74833239504845	57.4164664232761
-20.716420967019	-15.3726115711319
-23.4662167430502	18.6622275018628
-33.7091238709055	57.7173167017293
-1.36025120078612	74.5757661407961
-44.6482997899821	2.55018447271175
-19.5279252827903	-18.5863278181504
-12.3054033816792	-5.07745756241459
-39.1048654221762	-25.3298916939718
-45.3392516978788	17.7502478514174
-6.17446063662428	89.9820157338625
3.77115397252647	-23.7641094522614
-1.17640440352019	84.1344436054037
0.639756511342818	82.5946909143904
-37.2797801895047	68.6952110510389
-23.2486909036187	19.7538526958789
14.7901756848532	-1.13122734275225
-49.4333973475067	-21.367394966674
-7.01002025878237	76.0339525519827
3.48451753918911	2.30078022583545
-40.6602429222822	7.45840049174693
-41.6944732727361	15.2455376939636
-24.0880924073556	-7.53752429349729
-15.388702798441	-21.1833202698082
-12.050605660316	24.9345296554612
-23.7967560580187	16.4931349405623
-22.5407492777785	6.32582642138136
1.00955238797829	79.6632994331038
-26.2844972902549	87.6687302870205
6.71279161561213	18.0898853196107
-12.1657229342328	14.8491397252794
4.82283935678754	-2.89851226994058
16.5821695682824	26.7046787826842
-13.7561939152957	24.4540577323823
-10.7725296135084	-17.0964884905092
-26.8336866087522	83.5997400268076
7.44508798259287	17.068618113901
-21.4438437819043	13.2122050703669
-1.49086255057835	86.8966226104393
0.634761228842597	59.6753991046014
-11.6938571726263	8.44130327138564
-37.1200373759956	60.6066997070302
13.5657865636922	-22.7817400316892
8.49561220241675	0.482647632449198
-25.316790733133	88.1091165169234
7.43969796748757	16.4728188891716
-14.2316445892581	-20.1652563265416
-10.8219230077313	-16.3819492918224
-16.4880495369933	17.5594410904018
-13.3066293861188	20.3024876627011
-18.0599359878157	22.9538224843009
-10.4530567595989	72.482235224445
-1.79513739656003	60.4240283263611
-47.594756642488	-14.2982400027329
-42.1061775945284	9.99469365432184
-26.3790770468029	67.3865841228306
-30.451366568596	78.6494187398019
-22.104695355989	9.91521224874157
10.6307504582313	-18.895941768079
6.99179190559579	16.0928740547406
-2.90778721483794	50.9175496439448
-11.9549387299471	-9.17982698703627
-42.9579231163019	-22.5967029135828
-0.0542713560565135	62.5601577316096
-34.7956039113341	60.4922100518909
-23.5940019802887	-18.6694342063694
7.87320398405097	13.6016458466933
-20.5469620331088	-25.4730672240511
-8.36280635571095	76.3321326973328
-34.2790337550504	73.5971368904458
-2.17054325050877	67.5729464911773
-36.9388103732658	84.0767831378357
-0.33928552563318	53.8114101803792
-33.0864272734852	102.592719552153
-12.5980291522892	-24.7699286454717
3.62617331439377	3.18129316405371
-21.2701718605097	-19.0389406502454
-47.8167887303225	-16.9798753311683
4.14262418336233	-1.81083824558243
-35.1413057353134	75.3113096000499
3.47852975662967	12.0779017318611
-50.9839484034161	16.8451800169443
-5.77706414304889	54.8258160941199
4.13776991016664	-5.7534684089067
-4.49667639757959	63.0685248832706
-4.89172690378891	58.3762199396656
-7.21301498118088	54.9047120007108
0.313211893653909	80.6556513119587
-39.4903360751724	6.43040864097542
-19.9137666786124	8.51812486495235
-47.7560834211467	-25.4670795657737
-45.956673236078	2.63413271866635
-32.1023024669304	67.1284820839072
14.9148706894769	8.87713451313672
-1.16698101794285	75.0422834732704
16.4534138714288	23.6518382344574
14.085915176489	8.12151004049563
-36.3617819224846	56.0669765414653
-1.73701607794842	58.5888880645448
2.88876538063247	51.5836986240469
-3.59631057686807	54.0612410286777
-30.5201985485377	100.28029217414
-16.0392088884196	3.53494894123049
11.5558692954713	-5.13306293768497
-45.4216463269222	-1.45048567393018
9.58855128683682	17.473836625134
-27.109475930912	61.0584367813731
-34.0960735797686	87.5708657256385
-21.6336961669162	19.0414521222835
-6.07858973715319	92.1688393068956
-41.1616541931013	25.8726428328192
-45.9929909080257	5.81011069540467
-30.9352451766463	102.335935209835
-10.171759227307	88.059253752852
0.758196554496726	63.8720937630797
-21.645721408044	-17.27964511146
-45.4584062427692	4.65395200519306
5.81663533171472	3.53094049173454
-14.1443680571689	-20.8578804658052
-1.17588724138579	65.7073562245344
-4.81110023971846	85.2933659048034
-38.8354172428988	-10.212184098839
15.1059056946429	-18.6991777912735
9.29678086692205	12.8360652054292
10.2974822203175	-13.1757083512147
-41.9550250714196	5.9844909712983
6.5112252460171	7.38280421374081
-0.439853706870153	51.96805597149
-2.01622212006975	74.0393642675721
-45.8325265051356	-3.18040215747595
-6.26909721566429	69.3574773743304
-7.77868721721614	71.1928151744071
-12.8972427142855	5.95392983157435
-30.8653787520874	54.2113276976088
-32.8106381324153	99.3582358896055
-20.7928496026433	24.5964811204461
-17.6150846280038	-11.4805198975659
-26.0529170236471	101.194602144745
-25.8568626928294	77.1686597050704
-41.4570011162911	20.5614072710557
-19.1098380256619	-16.8652357355373
-19.2477058573645	-15.6574898159127
-24.5288887141877	60.0810156153636
11.4463385712203	-17.0703601944003
8.89292664830091	1.90453253841553
-33.3845350125493	97.6135913659068
-30.9734349581058	52.6750496244497
6.27729418297465	11.7421885134665
-45.5413635373847	-8.95224463792965
9.77747414228949	5.77414377449812
-50.4371833883508	-2.31969743173287
-10.4089424729952	79.3611503278293
-4.92163460570879	54.0388904968688
-24.3566357090496	79.2278632890156
-42.8723906230477	-6.3746735948742
-50.2325528175312	-5.19900421491265
-30.3294923318922	51.8800256580249
-48.0968950443963	14.0742666875557
3.59870775610026	2.84859597300372
14.5952619942745	8.94735303598166
-25.6116772929795	54.4816896098554
0.976702282075015	79.2639229882355
-14.0333325080483	2.45103060225072
10.1042033902184	1.00317390088657
7.60002729774076	-2.49236512576633
-21.1627279639559	3.52971888288483
-50.184093214631	-9.15948166269434
14.7806679443827	-10.7619749723777
-7.07523934409343	65.157409108133
-10.0870010811933	74.1204958674283
-22.04629238722	-14.3432924072657
12.9129346496074	17.6026594324062
-26.6260498646869	52.7390946571338
-5.8039526244476	55.3516208627273
-43.3701780199358	21.0469581709535
-2.02909077432239	99.7654420063048
-15.0222978930512	-10.5688469891477
-28.9846606304971	84.3574453171533
-35.2602281995764	65.2729708106676
11.9057018248171	25.1954335666451
-1.36760309138624	95.280316281972
-51.0213124294304	-21.0210198216126
15.2210592978839	-22.9787956048179
-15.4388421123975	23.0678230858203
-16.9548246601869	8.23902859813898
-20.5747129377039	11.7833012991457
9.23202247985516	-6.50950691787565
6.22963910419891	-22.9288344188594
-33.2593972700493	64.5553325468851
4.91665008369175	-8.6195488083491
16.0840889837077	16.2798682360714
-47.5559771339766	8.04105245775634
-1.9172656914904	80.5652384004652
-13.8473203811193	-13.6905056942683
8.4811590172988	19.5310065734342
6.26140500690217	8.82281458162826
9.42938491487699	-12.5431901675812
-16.5067397791907	20.389593231957
-10.4976441109725	66.2208540257072
-24.724993718702	86.2641220701497
0.822193332674431	92.6896439582372
-10.5245532616663	16.1575964994259
-32.5804154611713	83.3700602290331
-16.1751165236323	18.252222427903
-31.6652873529194	100.037666493388
-36.3009909576359	99.6676950640101
11.7539265207625	23.1780633123183
-46.8276358392217	-14.1803714605936
-46.5506783547615	8.78083154460167
-39.3368316929807	26.2719544787015
-51.3364402362215	23.792926061056
14.5784936917788	23.9660820753218
16.2370552514066	-1.48304102774775
-14.2986911474382	22.5427747076384
9.05729305169231	-17.6207878525284
-12.5797149795552	14.306946891215
-49.0529038526953	18.0055429517216
-49.2421869722736	23.14535668316
-44.9897985480469	-22.6491728597717
15.4717511171691	24.7399248067568
-47.2366296104116	10.2541703835089
-15.6407284986896	-10.0715099933631
-42.2934530033167	12.8182299078686
-50.3927652857252	-14.3492884131025
-39.5008779530113	-19.9370552905106
15.2194809795026	27.4862677886822
-24.7718941009641	58.5783977946078
-18.8172632724839	-14.0443863821341
-33.2286108399272	70.095418291651
-42.9056805594235	-16.1210343726055
-43.9022348950477	-7.41180978215503
14.1776961494511	18.1719477132645
-26.0070077875579	81.3978684712485
13.8292070305782	-13.9899903345988
-3.1883852652448	58.2885413785994
10.7532519598619	-9.31949464650024
9.41120927394008	22.3434748552457
-15.9228270779749	-4.17240592122106
-4.20382820391619	79.2826480157047
5.07804840111139	-24.954101265533
-18.77899603209	-15.8411819309578
-24.268783509332	78.0740824980167
-10.9350478418115	-9.47090536825345
-36.2017116357905	95.3988067324256
-13.8101777510224	-23.0860462544881
-24.9719110405421	58.5511237524804
10.6144678931182	-12.2864405435912
-39.332746896189	-6.66079719209791
-45.8397770359203	24.8593893500487
10.479336509923	-23.8349760285832
-42.9444065460607	-11.8656771796706
-3.43478591910026	69.5365401214757
-0.741152827469399	84.9799069649754
-8.8848138071418	102.855797502314
0.126448338877021	93.7343631381124
-9.04486440484553	94.1390071521628
-11.692349392275	-22.7299286530842
-43.412090112194	-16.2033279885813
-46.6585714923796	-21.7495167000843
-12.8754283066083	9.42087030585093
-47.1191412325555	8.14502553786032
-22.2388873466534	27.4132081578818
-4.49432315545441	84.3917222153527
-17.4253641467556	-0.128674542691918
10.2106773779888	-2.04485904708417
7.52884939456248	-10.5277096024976
-8.15565692474877	54.5305408280315
-29.3405470458781	75.0871623880716
-47.2812271818246	26.888442112088
4.26276031594294	-19.3229811280174
-4.8885868893411	71.7337413580382
-3.59979563577938	54.9522687395212
-22.3972321373318	-25.1917294372544
0.142642282337648	100.917133435856
-1.09688714091119	51.9988260073439
-22.3050644984181	20.3310355744068
10.8196443038598	0.825571093398879
-3.69901313445478	60.6658535273673
-34.5053299917819	75.0786771187392
-5.12715911015236	77.3595029110461
-0.501326028586049	80.5174847437886
-16.4468756905154	3.88522818116394
11.8335936596603	-25.3268137234248
-21.1659444799925	-16.3291965559101
-16.6356030147583	-3.04520711231972
1.6196959793558	82.8846966337629
-26.1026658088456	101.785177363068
15.3546180000413	-4.00199537644063
-48.2356998596804	2.11097616898781
12.2613567291012	20.9138651846465
-28.310986869326	55.2682126168791
16.6183421601362	19.1434597037649
-23.3746780024852	16.7184258881302
-16.7590073406671	1.17892570468478
8.63119062775674	13.3461994897166
0.686273990462213	96.1647522822529
-12.1154150611067	15.6738522443278
6.41260836292083	21.8835858859595
10.2364077269205	16.7495578235774
-34.8956802683131	79.9145059719831
-8.60374866430174	65.863592734376
-8.93969587236108	103.491522411006
14.5036625719795	12.5549602197812
4.85679396772511	8.42985286782526
8.15428905742642	22.1680130258547
15.6885790091047	9.97911312485362
-41.6262020818864	21.2207420271207
1.64699871079447	63.4804393398431
-10.3575284539092	95.8875946586158
-30.2422824017962	94.4883344927609
8.44094621896679	1.58520683575482
7.70458070065833	-18.0795213623223
-50.7532533923842	2.33191801630785
-38.2710678410626	16.9467893772656
16.7024722360416	-11.1810032509974
-20.2664015698129	-14.4519197723069
-50.6432973708128	24.7748400369369
-48.5446250504794	20.2420156533343
16.1500133455131	-7.47927187641453
9.54965663128519	13.2889018250998
-28.5552074432657	55.3210140704338
-13.497799734765	1.46787313358005
6.81035007630529	-23.9773142591833
-47.2526000217824	-19.7812820168359
-8.44347410897383	51.0178221911495
-38.0508113522897	22.7728051450613
-45.2900542744339	-4.71429944534584
8.95289434866266	-16.0430260683267
-27.6737578784569	82.5905103008753
-48.1956079225024	-24.3372868908474
1.14811944911864	80.1012184038883
-17.3440593296265	-19.7322971161352
-36.8164123390589	61.9165395611974
-5.66944799781133	54.6162726440789
-11.2816491797436	-1.41560667735069
13.5377723732862	-1.57762141694965
-4.2404980074353	79.8699447096387
-39.3290521582984	-10.4350461591744
-29.9501858081693	73.6587339747642
-13.6113548056594	-20.9512428511969
-30.468137060717	72.145527081988
15.6227582048127	3.79952074749913
12.2656670684772	-15.3178436077451
-6.45581503381621	86.0693824090571
7.25667434210503	22.5231638353048
-43.9965050885519	-19.4585357599179
-6.87479502671306	82.3155406500237
11.7359610832868	-22.5829206280855
13.0324045186757	0.663981290916918
5.37987931128324	-22.4245248240836
4.27966823085135	-19.621395754343
-27.0236636657005	76.406159128893
3.08273662900489	92.0526918889547
-0.352247174011266	101.406980606821
9.66263810473489	-5.38817266941628
-19.8580431968753	-20.0860055037794
8.21221088001087	-23.9510824894375
-37.1533080810942	89.9092474402524
-50.8618401731612	11.2361414106886
-6.53123505974337	71.2744108324527
-49.8787173334752	-0.953956251920269
2.12382955712139	50.6271975139348
-35.2862882640167	67.8300551316489
-43.2003649829355	-7.82790635502141
-1.6981731436624	56.3024287062438
11.2712602787406	5.37965630788412
-2.51671593398837	94.9071081860278
3.71459064067714	-9.45863076394249
-28.9110878587175	56.937635753586
5.47256597386293	-5.7436147531054
6.81983439968425	-11.4305983882099
1.86272925825026	65.6937728171753
14.0801277012883	-23.6290304677542
-32.5255225093531	57.7656134358903
-41.1234729664741	-24.5422729796348
4.38139306772299	6.70127100926292
-39.0988318878777	3.1388947175431
-34.3813928821889	77.9715320197884
-7.69204184369302	94.0608529614071
-33.7822848208737	51.89384636561
-14.6163914076051	-13.4385019823062
-9.80654962124632	103.660653022816
13.5713049476925	-3.65842121529394
-47.0927826880885	22.7248314877372
-24.1959304410531	6.24099911510943
-49.9185497660327	-15.6691133701586
-33.2766409403024	52.8836446599572
11.7286353713895	-10.9587687456678
-6.76476308636803	74.1778818086802
-36.3203893409892	64.9007949627394
-13.2306583357178	-18.3664622162212
-44.4424783508739	-0.541494039067462
8.69448408144633	15.3807603537605
-47.4486431488705	-21.8527396785405
-35.2098935114898	83.8546143971593
2.59999102699226	56.3398016436063
-47.2702042853246	-12.4448343249068
-13.2565081792587	16.6093999114637
-46.9496230828018	10.9833143629505
-34.4799943722229	51.5046841175577
-33.7771186855164	77.1811448445169
-9.12712780723365	66.126236376866
13.2178900195952	-11.8419200595604
-51.0559689309394	-16.4615663897242
-5.58942190433736	67.214390337074
-3.1746370773089	79.2878200959443
-51.33419299431	-21.7394930816074
-49.3652977922203	17.7362433484693
-21.9005983094332	23.125613746406
-15.9696586595047	21.6539173213506
-2.42085139798229	82.659048475272
-8.97068253193293	87.8434143939368
-0.455535410878649	59.9247624345013
13.9837387992104	-1.535139852005
8.80745354170485	-16.4763165150251
-6.97178023767746	96.311781391353
-12.3736840327438	-25.0648283207815
-46.6721506434233	-2.15776093496781
-19.5006204246498	18.8716471962443
-41.8986894749046	5.78082671837937
15.7608000252449	-19.4849933642943
-7.00383718650264	103.927055006993
-27.0382023467776	88.7088659059671
-30.8662678297289	54.04842281863
16.0862265610441	-24.035209128172
-36.8501333168912	98.0560207410421
2.94707954431061	52.5796147686441
-43.783011515116	23.8088548109987
3.24758269274718	18.8754964720673
-5.16859527810222	53.9275312997243
-21.5096920938521	-2.36254298437339
-29.0288769606386	102.597608118361
-42.7002129840616	9.6152294122939
-32.2282168216617	67.6979641237123
1.84191226938816	58.3417518514482
-37.0307018173888	55.0480290224863
-46.7954450489112	-18.3711915047111
7.85205150464766	3.27576308951126
9.87287323508757	-8.60267955664138
6.41930101251858	-9.89772828363219
11.7095044160235	-22.7036579696294
-9.86546833215023	95.0727396275923
-41.2079015370621	-23.5752016589034
-14.5739111888786	9.58200286342305
16.1948135179374	-11.6396924820181
-13.4153867929478	-2.63343525873985
-21.9012853758561	-16.1224285623121
-23.9327582718194	4.30451231173618
9.45648448814548	7.96041005402126
-13.3996681717703	3.19576721795603
1.66830669514552	95.9275475131529
9.56747941757644	7.00095422068185
-7.53353559380134	103.144673662274
-48.7610098298936	-1.93560854539906
-37.38726536935	96.3126666699286
-29.5797206724346	85.8957223068858
-46.111257882667	-7.20109623840615
9.90290906458533	12.555833854743
13.1877171946755	13.5555001082275
-10.9437104667956	-4.54815572096578
-31.0216480845096	61.9061118412598
-26.5256945656322	102.171302765536
-2.70446533509587	88.5634244683762
-1.00386143589402	63.7891223781387
-39.3982778726246	-24.3563081345578
-42.7761056004021	-7.6284291336574
-11.1181125617009	-3.13339281960933
-42.4931781853589	25.182407766875
-37.0929712999887	100.84550167284
3.94096977446011	-24.3812363558666
-8.16461464496602	98.138796877165
-0.0596166397818931	76.5789545629273
-38.4363378017169	15.5589581591332
-19.7200798221671	-25.5633972678863
-35.5854243842088	87.340072571257
-50.7908162477339	-1.60624589482703
11.5651141151962	1.1772527241367
8.61067538812902	-23.3010397249821
-23.2746226726185	14.0309473424261
-40.5120163087643	22.5161057949971
-33.4196711808389	53.2413301665661
-41.976607064354	8.90928143658677
2.25874559019918	82.1347472208474
-30.3733362513479	65.881018625111
-41.0008490530807	24.8965742500412
-29.7988299699765	74.9755749435997
-19.0345764770286	8.9050783027374
5.95748856681503	-12.2879984003649
-17.5996729666918	13.4532502575348
-5.94707260153544	66.9568177540935
-21.0105291138709	-21.8404844893198
8.72666023541907	12.9208503747688
3.56969761141239	-14.1659120956019
-39.9328545244422	4.20501672145065
-46.8531951718676	13.3495578212839
-31.9907220876619	78.0582027554381
-29.5126273232978	96.7301882693843
-51.2872394587886	-0.440277842827561
-22.4392063910079	-22.8155826799697
5.49447808149863	-6.33869060157975
-35.5869758308449	75.4114202476361
-26.5084213394954	51.2600254786054
-26.834874040421	68.8457981051348
-38.0304900969574	23.6721628017392
-0.568426403842808	61.381119136738
9.50458477427843	23.2177678124229
5.26964514359633	12.1314870193061
2.39389306921633	84.1901191277454
-31.6088844909856	61.5334434563307
-11.6192225072588	22.1816961649144
-49.865117909761	2.40344531417236
-45.6030851326462	-24.3470188919395
-6.32396976612041	87.5508991529467
-1.19970001684877	80.2334159701023
-20.9906068457447	14.8260915374582
-3.88697750702366	92.5697420937818
0.641435302623818	92.5713591612429
-34.8873747403533	81.6094703000183
-29.6997163247034	86.01618886145
-35.2265575110631	97.3085042500478
-8.51347139561533	57.6788772044634
-39.1757612134661	27.1023737746145
-46.9987575945764	-18.5452092100385
-47.5793561769408	0.511125819622736
7.19544629695603	0.166387288223835
9.19617712322154	-14.568068894192
12.2523239404096	3.71606777323019
9.90320610301687	24.0971281167458
3.68527118125553	-16.5802215170776
-19.4251197607268	13.3102536339119
-9.45189550434368	97.3049887035303
-13.8518577069441	-2.03044586649395
5.42566920859716	9.69998110075279
-39.4958782658	-1.19302832275919
-40.9596982640929	-24.1410130253299
-23.392393595968	-21.6811090565917
-47.3532221455937	-23.1880092027726
-32.0452091744585	68.0447500773809
-25.5602166598673	53.2720521526215
12.8953964435954	-18.5607866130196
-32.0018271233219	74.3677697898098
3.34657196705087	-6.58549433794259
-30.6868330134968	102.005902282063
-15.9692808575322	-2.67518931345056
-48.8553401392007	-10.3882036420412
-28.4722882564391	76.3546758696958
-43.5015131931099	14.9809699532156
-43.0268258136448	12.517020205872
-43.1436616523955	14.3715913891496
-17.6740086204026	-23.0296093250695
-30.0140255728825	75.2465256646445
-23.8703111658113	-4.68252642386281
16.0141505695794	17.7349941114154
-43.4346417454706	-0.527239749570743
-48.4218720829625	15.70166944598
-37.5224023214716	70.3779472539531
-1.02717880293524	97.8718138809806
-4.46822776920336	93.3060438286303
-45.4621910085811	-1.65173130563866
-1.28637705278405	90.4298561263054
-5.30715543823156	97.8974763688547
4.75066865601405	-19.2564283455602
-1.82904851867038	88.4180733677686
-31.9867451257998	85.7295870295126
-33.2156020232426	76.2407611617684
-23.9133566057081	25.3429242636512
-1.47397612698763	85.7745903413001
12.3730850598389	-14.1887144587329
-41.6453817576553	-16.3609728939886
-43.8525173092427	5.84785997227659
-43.1655234381197	-3.78888080267699
-6.25249737022331	69.6453140736385
-39.4605946217327	-10.9729315535894
-27.5821332650817	70.1909133644081
-19.5040417363986	20.5541747106179
-2.36105405253775	91.4743080339185
-21.3262101067926	23.0696229767721
-0.0913081788889016	92.780096704336
2.00678667232544	81.0369284097683
-50.8111675279721	5.26451171062359
15.1876020617142	16.6719297314496
13.151172339116	20.4960099055936
1.21016932397539	72.9445901747991
-27.4557462540512	91.973353055745
-13.4423406300457	-18.2539234279568
-4.14903675365566	51.7435129948321
-10.3434261238007	101.738786397216
-14.3620015466407	-5.45423382445976
-4.70699509292165	84.2373136327486
-45.8081849851894	-18.0143604335242
2.52995172540452	58.462819137184
-13.9601076258762	23.6122699575433
-35.9496085874736	74.5284543382799
-50.9314838979807	-22.3242729177589
3.48105160728966	25.7041140116289
8.45478726180233	5.30940005079359
-46.034074720509	-0.907760770100405
-8.91619100274478	90.9404013070328
-46.0403081806225	6.37721853593077
-32.6426690141135	51.2615881666328
-4.56587488685185	64.3848262923405
-25.6789515002975	51.998657633514
5.62601772986796	-17.2923672611565
-8.64117388884128	77.7785743223562
-21.8702961518427	-15.7669280340693
-43.0299982437873	12.5816939442752
-22.5716787157644	26.8663181689923
-32.2250865860685	93.3874229503723
-1.0261921838655	89.4065324153672
5.72316886418046	21.0651183436016
-47.17537898391	11.2283380789863
10.5261813026026	-21.8220474724726
-41.0598802136352	-12.939151122392
-4.59951480860173	102.757856449415
-13.8859929741538	-13.1987938098964
1.88912473063186	91.4547281811582
-42.9887540435235	-10.5197292907037
-50.0184731422026	6.31645681733006
-16.414111599965	-8.70207382128557
11.1930710514975	11.5480905333944
-29.9253661704225	53.3550708578017
13.3325897573187	22.9510675926748
-32.3905625312548	86.3775695462881
-16.9914075169169	-23.2324666565322
-40.1311576986444	25.4834949225455
-23.5517665145359	-14.6275651249632
8.48862223583178	21.5381254715664
-24.5489949199883	98.1331870280149
-5.7164011877435	98.8637127152837
-26.4111722477282	68.1287413488212
-21.8740401986425	-23.4021388550288
-37.1271643440268	99.4529999786049
2.38745553434865	86.6525948453838
-6.33262788603258	103.100177849875
-47.6131558089948	-7.41214335241521
-31.653264384825	85.5955233585954
-37.9708378548607	-11.0367651024975
-32.163514332064	76.0298903110442
16.2368283720969	-8.10088913132137
-16.9729144666442	7.97974269706555
-51.0380304185366	-1.43567415448449
10.4922003630675	-13.0943227867137
-10.8202753007877	26.1567540809103
-32.5774001924186	101.279785929916
-48.891221254095	-7.12729947044167
-17.0689741894634	-15.8858332200312
8.13612637417322	25.0124692795178
7.00404411746298	11.894498889846
-20.5694157766793	-0.266949895792765
-17.4216186090837	-23.9635205537871
-0.530909766796162	84.0311897095725
-14.0615989940359	-9.14059788473858
-7.96866572584577	93.2631180987854
7.87411468164886	8.40989031403524
11.7650317129367	-1.50899835585594
-15.6483136578497	-4.47884561615406
-8.80090822837622	80.720690624946
10.9532445175331	9.98718795289314
-35.6384817746957	52.7919236053777
6.74138985757029	15.2252106298358
-40.6186382592775	14.1802872432996
-5.61572148814485	55.6051416024297
-38.1748201893339	-14.4102991578491
-30.8416446480293	51.6809311896097
-32.6125464926818	103.120449604704
-1.37069657727297	78.7683558339491
13.0299081905622	-8.04627084993857
3.05844995491037	100.1463045783
-24.1287334353229	27.0288602468791
-9.53491865583574	94.1783968501016
-42.7299647636967	-15.4643755169759
-7.20863304142125	66.6844211765823
3.19138687653532	68.4353180894987
15.2789280005997	-17.0688024532481
-20.2608155221985	-8.65560435999889
-18.49918449649	24.5341728393549
-19.3874035376274	10.5522987288313
-1.26168432500877	64.6032402350966
-46.4069617007913	-5.23975840768283
6.17466519432472	9.84562935156092
-30.4791699402587	53.0121399420115
-27.7602095865942	78.7853602603517
-24.3471582239407	87.589329634486
5.75496897698741	13.7795479706117
-7.55154342916801	62.5103139920003
-51.081957949743	-13.1604157866262
-13.7855558693423	-10.4838134750078
14.7937282526816	19.5092085009345
15.7966606753361	26.0304010806026
-32.7428434748062	91.3732206163572
-9.22374591620451	87.5213692662104
-40.7860866033798	3.26860674899119
-39.1544941728417	7.54378581439123
-46.7516845892129	6.83479811234097
-24.8888589932802	91.0332650754934
4.12032696090455	22.3267470575062
-24.8871886966898	70.4203550637604
-41.0579783747643	-5.61583506143266
-41.3354514208642	-0.821278757053979
-4.44574348407252	101.808115213081
-50.4249924613689	-18.6736454740854
10.8601780083618	25.2674971197078
-20.9986829071418	-3.91195241884046
-31.1351472511118	101.832250372151
-34.3303483593749	85.6837496939537
-21.1991379675158	15.6128708429616
-28.7359755487909	50.6427926932832
-35.1350411334971	93.858449966553
2.32746668095242	61.7790978541574
-16.1023514756298	-3.70704569920736
2.32945160250838	91.7093996209174
-20.4311248625789	-2.92659785839066
-29.5661378732312	85.1420048345107
-38.644621105261	-24.5419714205599
-9.33766649700526	71.3592328939655
0.844252227418096	101.006333814811
-34.3566534649457	95.4801291303839
-13.9286576305342	15.6965582555274
-4.50886290621127	78.5115315796421
7.24119386508795	-25.566769964155
-3.08198694828746	73.5817537833836
-16.3106072011219	23.1807163494599
-39.3633730098113	3.1798044916527
-21.5423016202332	23.0954984183099
-7.77189322980419	63.0053627497153
-8.88864675784652	67.0885215163844
5.13397388522019	16.3657550926895
-1.23838999939272	73.2367064744583
-13.5338951399865	26.815177206917
-21.77137402251	-24.3225032976683
-24.0942518795	10.7394505753712
7.04294533654697	19.1080765829774
-6.56423714110948	67.8988819249034
-21.7096808754606	-24.6781198694498
-42.52599091287	7.26180872365038
-41.3057820481878	-23.3926902422157
-33.7412198773976	80.6709866571213
-7.77595828625821	57.6222430614018
10.4600824223715	-23.3070722640383
1.1721945614815	89.3752657901463
-2.84419182304601	89.1308356497416
-2.97658098036307	70.5640917450735
1.42209674227875	54.0806762701159
9.79263884932941	25.501742459835
0.892884952622243	94.9430240765664
9.52131899073048	11.1932187768738
-13.3664588318666	4.50538506123247
-14.8319848193847	-5.06205491790007
-50.6706211828005	18.6930184689818
-28.8031526846559	57.9636830586224
-12.574221460782	15.8351357200818
12.9766634390205	21.8321627505398
-7.52886621727908	63.9293971020466
-0.0611775795019221	89.1061397184278
-3.33613171823632	81.0277313716601
-12.1682517548493	-2.05877264345666
-7.9950954228904	67.1304078953228
-34.7148715167879	99.7781243525616
-31.9091776412751	63.2356611633239
6.29950837453016	-19.7058522820349
-38.1171366617402	12.6333996691257
-4.02125525689656	90.1918637306873
-47.8937113683033	-21.6679614396156
9.25280211430894	-23.2928774219939
10.9152650339158	27.3069350022167
10.7484784750615	12.3960372375957
-23.2558630547815	15.313801710026
-16.4286602902497	21.3243183261053
-29.1933686868185	65.3620884380646
-17.397679275056	5.7103309218746
-50.8235908633144	4.87109265411225
-32.5169630666815	78.6298967602573
-35.618254868921	97.7187875537907
-34.4045522057178	88.6391125460653
-7.4527015509885	84.6425141042241
-40.5144587409238	-11.7474757300957
-24.4357000275521	59.560304026753
9.41266494262964	25.3795588773611
0.0582282598492151	52.7454301754314
-32.9290415586236	91.7496599944576
-45.9921655304253	-6.53859998411248
-15.9174733428785	-15.2431974848255
-34.8098214305641	99.2002606152142
12.1813465530495	-8.18389512417943
-2.9008939734395	94.0192337978214
-24.1518139619277	16.7766286708555
-12.2430537400226	-13.1705131461038
-48.8020614993066	-11.477330509589
3.87945780313515	-13.0688217232933
-5.60733362411474	91.0618144767419
-2.78341688016851	86.6518071697913
-18.3699773510128	26.1558443781988
-36.9009466187349	60.1362151189982
-8.81424909055742	81.7874255679374
-15.65900972322	-5.4797165110372
-41.6555565172261	-23.558655656064
6.16898854468625	-17.1640699390552
13.014539335748	25.8969418653455
-1.6625640467734	54.2539300915111
-18.0553746187062	-13.4575677603785
-35.9682284078299	54.6920960068265
0.424333372790472	54.56945575872
-3.38050214385915	74.9072131245306
-42.9587600237337	-5.31786323906363
15.4040265184955	3.27617717057873
-1.96346627801395	50.8388765817424
-19.0256949852449	24.8486104815542
9.76634175549634	14.4846621309722
-32.0940943820718	88.7782043919713
-34.9447676170363	92.7233520661343
5.05855485532371	12.0886772581732
-42.2521005503091	-18.8492389351109
-30.6657363208705	89.6682118439563
14.1954431552414	-3.41485951263286
-50.2503879349248	-15.4295100893464
-48.3883201312272	11.8918285227874
-47.0038246467296	-22.7393390980195
-47.8393963323022	-23.9133828404167
-19.883254319781	21.3710428059412
-25.3019292986215	68.71399483661
-29.1061221568163	79.4937750939882
11.2788457294531	-17.2575028442531
-26.5921576443241	51.0466484722733
-13.3680399551524	-12.2911771861861
11.7957639857008	24.9079328222467
-38.3466678915368	-9.37488802266231
-18.774089926729	-6.55172304887554
8.8895928810519	-4.5874830543424
-14.840711906816	27.2828438343337
14.2003270379127	-16.951438661065
-38.1664155531614	21.4791675216967
-46.3982281101412	-9.90434257844972
-0.192546898201901	78.6320806696429
-34.5029278488169	70.0407243584954
-19.0319522382167	14.9215139413547
-19.5999946923356	13.5367381796929
-29.7505198088167	86.8996864155196
5.95901363060514	14.4405720281889
-28.9697031673324	86.0376429549673
-26.6774552509615	75.8075384191429
-45.6936689061573	-10.596829923
-23.0406060178517	2.58025014104262
-29.3732937662121	83.4589856371079
-4.47007148776123	55.0860153746693
-28.3756110856017	85.296434094756
-20.6666488898272	17.9267376038218
-21.1715797485351	19.5894928737529
-38.5816201035076	8.0924953973153
10.5148432368009	0.656278164625482
-47.2511135832867	-2.64225850122127
-39.9898042935315	11.5381524242583
-13.0050086724028	27.3312614643907
-33.4720420524924	81.1076220860354
5.16221521848938	22.0191641322274
0.872717375576448	82.6721845153362
-15.0168476946402	20.1531022447317
-22.9364567158563	-20.4424575937694
-49.847759258783	-9.33071701782868
-2.40443302792604	97.1701301410155
-27.31288263469	101.70622353461
8.05519539271624	-0.807201360415876
-27.6074860001038	65.4602139876056
-28.532951276291	88.3571134899846
-47.5671079095214	-22.0069564251893
-39.5936109873217	15.2858430227753
-36.8440334485418	62.3067411668466
-46.1236887141781	1.23629597778216
-18.9337987989855	19.3966671207569
-39.8568686530496	-9.13687429818374
11.8555738217051	13.4147146122892
-25.4426027919315	86.550752446578
15.7340780878848	-23.6363891471043
-37.8361978133787	59.9976159056785
-27.5919260560035	94.4478914319052
-32.8694539085685	81.9144037857122
-3.61640540819582	91.6536919617504
-26.2839303466461	81.3804946648926
-5.65200021779944	88.9361526466982
-14.8470942401197	27.7439742920372
-50.6132392974335	14.3411990746117
-34.7300241282127	85.0143561616366
5.62991342047698	20.6502728615593
6.39429571479372	-6.70675748648664
11.723222421203	-7.70415773421506
13.2738508755598	-9.44570760364335
-22.9227296680315	-6.59396089749027
-43.8042007029111	9.13109821311505
-7.03022532867324	66.3728422020089
3.10897284001288	100.123698450979
15.3205228178656	13.9572300798927
-29.7132301841899	67.7483841162392
3.57660949197311	-8.4229759939688
-28.9049537750938	95.353905576404
-0.796973987909424	70.8061936257934
-15.8654401429274	25.1432098637138
-36.3723943025738	99.7852323860869
11.3126791409262	-0.895148502113015
-0.780967538190723	81.1777787676014
5.03070492577399	10.8646767375271
-28.083595369013	55.0129472167379
-33.4382257806661	87.0574948908427
-45.4055889747367	-9.71564733311707
11.1758537654256	13.4330719510161
-7.218517210739	95.9463863350775
-50.6755328535165	-22.7459854383533
-39.126143708713	16.500465908932
7.50096755252461	23.545987040977
-41.7582267402969	-20.040321450456
-34.5396849334488	88.5211751498138
-19.0837817888608	-3.40614004422966
-29.4987378187887	74.4776115800426
-46.5843026263794	-3.73042434237527
-20.3129775574483	7.37812603662056
-26.8871280348167	87.0628042646697
-17.1871142197737	-19.1075855170202
11.6210834509723	19.1868572393629
-3.50970739331767	50.7116738406277
11.8075205348528	-23.8718464522685
-33.5494766384395	96.1226292167765
-18.9984161842525	-25.3147745454742
-21.4918219127319	12.5795511312827
-0.898513998710937	95.7831295855517
-22.7140486171305	-4.8412213742938
-11.5804283045737	-24.0428975872238
1.30318691819532	62.7879938349461
-31.7797107549918	63.3199554535062
-2.98479591669649	89.9548815872949
-31.5308370531617	82.8718174197086
4.67247158393515	22.3495357431581
-48.2025527540023	-17.6801030786855
13.8726942882697	27.1298608593505
-23.0866639783773	16.9864878907232
15.9727944211577	0.508072206100749
-28.9819887389393	86.7774656299377
-5.01625102235935	54.2729257823559
-8.03248073333733	91.8269761425514
-24.1288160473251	25.1868325391919
-20.8161892128492	-18.6312024615819
-49.4612406078801	10.9169240327996
-43.9984952042343	-16.5048855285032
-48.1898107353114	14.5813799279408
-10.0286131768052	65.9132779514964
-2.12694145009369	60.9009767483708
-40.0247291700946	1.29607840218563
-29.4579561202221	63.7147834004324
-3.10536706314643	91.3432743783045
1.87127133516868	86.7499246463243
-51.5425630350296	18.139249312378
-25.0360257079536	73.1904998683528
-30.5018874744125	63.4551068791815
-7.95704052367856	62.8142808214907
-29.2606594360062	100.359437202116
-49.8630293833574	11.1216297286322
-42.1698644089708	-4.96208429990163
-48.0344746419786	-10.6347181794156
-16.6151101405254	5.11187554309596
8.76251601071485	11.0627107141251
-40.5421633589465	-0.806165326740542
-41.9020012031637	-24.578330013287
-34.7636299453839	73.6250992828955
-46.2306340170303	25.0845228275506
-17.3438743912955	-2.88450220786871
7.94571250594493	18.3845666784091
-5.06177878780695	82.9884307193322
-18.9875469514305	-13.6384339385024
11.6670120816575	2.97581062089451
-37.0546028932744	65.8430195304203
-5.45959461742104	61.924461971664
-26.6994395405607	87.9072822285064
7.52435275181167	-14.8121028165354
-22.0673723095773	-9.01271081415356
8.49073082900147	10.4769666369666
-2.84708275203254	55.7903364573112
-5.0625839623781	69.9062585004754
1.84404403840338	62.2946971784786
-34.0927320559305	65.0305749977261
0.446900547730523	64.9676602788596
-48.5414149215798	-6.966610431362
4.92589322975318	-20.9539072077456
-45.5348573570814	-8.47368927468403
-29.4078595088065	91.2871967664575
3.84655958550375	7.38808747388358
0.861385642835738	69.3123044873587
-50.6854489400139	-4.54059544465444
-14.7582280539307	16.7332105243908
13.9052518974864	9.99422360597114
0.52306868424369	99.7118926386564
-15.2592301483495	14.256921756823
-44.4150038426381	6.49122742303643
-6.55550652191186	92.5771093487335
-32.7125107470459	57.5661874501383
-8.48880019254587	70.7479739193595
-34.8416105729418	86.3009608237826
-50.3763608581558	8.10581039625552
7.13342128732222	8.95009726169691
-1.31561700033309	58.6417888391701
-19.3064325364295	2.65439301008611
-38.3219761722328	15.586597759109
-44.6177682756838	14.2527142787789
-3.88953063287003	88.08674985551
-1.45043103395342	88.7491080703006
-30.0777588094836	77.2863738568929
-24.5206519960018	62.991519593784
-38.0393057992197	-18.5322048447395
-44.6874715673451	7.54173947027942
-18.8134490933436	20.7458293838548
-7.24664702529785	70.7934434530908
-15.8330429185278	23.0793737028078
-25.9136114952648	100.557117777592
-38.6192206899709	12.4775449199704
-26.7128852892483	86.2568258470232
15.7138547066666	-2.64871610854433
-11.9937847688894	4.54605431742333
-43.3884622802568	-15.9044442247947
-6.67494051733242	84.4181362489823
-24.4401207465926	51.423574985129
-42.6888691094913	18.1939923095639
-45.5538411790002	16.4950247527585
-16.7866023534349	16.5623971983726
-8.09502922895204	70.132836371022
-3.76758439804992	53.5196474010329
-8.44153311480662	68.9609933075437
-5.43282699561775	58.9974587039241
-43.6160459876547	-2.81890926722854
-39.1071378063402	-17.0014654596298
11.0849555373864	-10.325751119817
5.84951623609965	7.48487031524626
-46.0801916867971	-9.10714921434154
-21.4580725230905	0.148175235301824
-50.1890926111656	12.9293440757362
-20.7432148205745	23.5198206257072
-7.98273125420293	93.255290077412
11.0948958155544	14.6453547793158
-10.06546893019	56.1192115105062
-11.3301718327404	16.7537745399452
-27.2499788928924	76.179351017021
-9.31913014840836	68.0056878683775
-2.09938924626505	54.4134908207615
-9.23063594969816	80.9458539141033
-31.3614271964098	99.5602121847992
-27.5377504348335	99.857645103239
-35.9008972473619	88.1880217121687
-21.287241221931	1.1950031997003
-22.2534207014437	-9.210931827397
-33.3631509564483	101.735812182284
-22.2246817853088	-0.224446122138727
-22.0469679490799	16.5597642687849
-33.5287841079215	65.8633869711481
13.2895098493877	-24.8813544074508
-10.8119369424358	0.219124622087467
-31.5639134561008	73.1636484094863
-29.3854477232146	52.1562888077093
-12.544488885481	16.5161548045585
-10.3571343188394	94.4988444554676
15.8496223157299	-15.7059202452178
-22.0516655439132	1.40638258812027
-30.604597577691	79.6353717766564
-12.6857272489857	19.3947028832728
-31.0163416081776	55.3046523397146
-11.0260689984406	-3.44324892776435
-1.56022535130781	93.8659809622467
16.8387989031018	-1.06265997490675
-14.8136332036772	6.83735046750463
-28.0348970920304	85.100158854194
-23.8536877764317	-5.31043526854376
12.5858920827871	-12.7341557800373
-51.275369171272	4.63252502596346
-9.60283896412677	59.0155070184549
-23.4581617288591	-18.5504187188541
-37.7593030771755	51.6618761802087
-48.8174745191478	1.35461268386741
-33.5586711384288	102.337529297981
-22.479840855227	4.39409069860526
-29.8536796221122	62.0964801231573
7.00335589430598	-12.3838470539435
-17.2178128423268	23.8367660602554
-8.3448094712615	64.4698934481362
-17.7422673644018	-3.3062935358519
-50.7648386708005	-14.3248738371185
-8.91599790482272	60.3109306049258
-42.6636366684971	-10.5650758669443
11.9581719130538	-15.9900243379313
-25.4367540633721	99.7836702504181
-31.1118703572288	87.7842897725289
13.8770646780409	-8.46913728815273
15.1134145101989	-13.7082708798381
12.7501710919448	-12.5562790765659
-20.5869590311988	20.1089520600583
-45.5187970052682	26.3995697456841
13.9455194873745	-22.6651207025286
-7.35329754203216	95.1672011090497
6.85518461460583	-8.5284205473877
-32.5266285422148	90.0279824034194
-13.5797232877233	5.52353843735632
-7.97421748239785	54.0385099943196
-48.4715125774141	-10.4036485082682
11.2798642008768	-22.3608024914479
-34.5330358636674	88.9006491410751
0.931817139800135	51.2242457380261
-20.0418034164093	7.50681250252554
-2.9887794665998	92.6853766730182
-44.2302141227957	0.171151079008717
-15.447586116627	13.6662239435518
-5.35653751394	86.8711295074298
3.26381070617634	-2.97547128299106
-3.49436538138022	69.9868052464292
-44.4994292824972	16.1623048251135
-27.8902435600902	103.274674478416
1.24860293349696	51.1827217695571
-42.7679850859694	4.60790843898249
-13.8749317307962	4.07127300413545
-44.9686018204934	15.6654327486842
-1.47546629517094	69.2051876385847
-22.8584341970732	4.94076907761401
-23.4954113048845	-3.43457179031413
-19.2379730026793	-25.3003881742959
-24.431260217888	61.3646479812418
11.9397872054105	24.476275056211
-31.3429648274595	69.6752881956906
-44.7251876995737	2.01399353816989
-48.22844646695	-2.80973173501577
9.23219637690387	12.3064564287122
-1.81340110706008	61.8507813073146
-43.5509511766304	-14.5271391712182
12.6323200576931	-17.5053937002043
-50.1293853924608	-24.4089584543979
-31.0512220299858	102.214522804392
-22.2510164546981	8.02594932885177
-24.4344907268357	89.0212914202987
-37.1520144072495	83.9714201027706
-42.4438366981297	16.055805468042
-16.9818464791203	7.83892756302777
10.5257049745227	21.9831398329986
2.86764216779084	102.450624732692
-13.3411376956169	-16.2173674624375
-25.9677349325569	55.4633525178547
-23.5991394005621	-3.65984396809758
-29.8116834112879	70.9578618382734
16.6016167541844	-18.903265287501
-44.0298810365821	18.5812507458824
-26.7239044452952	61.7652367236952
-30.7559573081318	65.9510814923605
-33.0180662898298	99.8348716157883
-45.0301049482506	-4.36893246727597
-10.1579549063996	76.4489308722544
-16.2301136916158	-7.56043771969901
-48.8306076138244	-19.0638737918476
-25.3371116464465	90.3121076132439
14.3032525154793	-6.4621958321933
-48.976370397581	16.0488639741194
-45.7235707257485	24.3881195097449
-10.5769558200574	24.1161961644352
-23.6374794978311	-13.8800029488506
-39.2072869171826	13.2444740075808
7.64090542779485	6.43219057835584
-27.7830437388082	62.8920164264544
-37.8170852952012	90.0229208322661
-46.2433041055037	16.3649787089959
-23.936986646562	11.8436057035216
12.9679029241228	13.6777260813443
-36.437721061947	61.4414803102783
8.23938839528211	19.1399404789323
-1.99598883745699	63.0069208964581
-23.5699896680662	5.76834115447104
-40.3460506475872	17.5713078639181
-23.3461923863367	19.7521675226571
-11.719939887197	23.2185985267422
10.4409322999338	-3.24096975308426
-28.847476224718	60.9226126437526
-0.186220163134292	87.5487347353963
15.2046923312733	5.76501853926092
-8.07696926363325	56.8153970279266
-33.607351617446	73.2304254120092
-51.4293651841127	-16.9657530440586
-1.11138019001781	63.4476631649358
-44.3030840133319	20.0710099323599
-41.3009278334339	20.208539469777
6.40349989805072	6.40394956237799
-48.711254162518	-10.2201145401685
-13.6587336917166	20.2133258053951
-13.1292318150521	-13.5504606964585
-46.7880976153275	-11.1402402867926
-8.81051060360917	56.5013260329347
11.0759945505498	-10.6668557556645
12.3049312524233	-14.1468871381556
-33.0060830149079	55.3638850319629
-40.1471466190016	-1.6312557092274
-34.2955925782029	57.0034617074652
-20.6932725575881	-25.198318935612
-22.7437180939718	-7.68914713856196
-25.9145270434704	80.6296550539185
-13.9039198516689	19.6663950010377
-21.7212160250119	-10.3899527173277
-25.0849367972941	70.6649950935652
-21.4665846792691	-16.2956743761512
-25.6891518404182	74.5868556762701
-18.9208133765856	-10.3091190141869
12.5953002789055	26.1399223090963
8.70606947651892	4.08461061335509
-20.7333796456499	-3.13608173032282
6.68321314197409	-18.8141158564551
-7.15898060089367	65.2499354592209
0.265330292495956	64.2657723247949
-24.5972799471455	84.2559676137309
-3.36659304351471	77.1924641286353
-35.4929495351135	68.3640851842658
-40.5076356069791	-18.3291234416939
-5.61700856359677	95.8315018385891
2.03746382476491	93.6736591361716
-12.1773485795368	10.7507925870326
10.4599208382327	-7.53804484014798
4.65348651025544	8.1369704273968
-19.0115786062349	18.0554345707929
-4.86197184275545	54.2536328781891
-44.4874220273753	25.4018953462583
8.74205534242153	-3.55513151617066
-14.3477261491261	0.979668846098939
-40.9452395621657	-12.9781215989763
-28.2876237438463	62.2565448904274
11.4365845286098	-11.4880937594215
4.57874075327294	4.57025769070863
6.39433405098475	15.5111749057789
-20.8228190462841	-14.1712308486408
-33.8381951772487	75.8281596916471
-8.92593290995742	85.1504128030935
-34.8632377982235	57.2336803342524
-15.891734369871	-8.95585947597086
-9.33121216443956	82.9408384985325
-30.5244526517387	85.5797185048494
-41.4854318529254	-6.27525206525185
-28.2270901485945	80.5841293396275
13.997148818266	4.28862085766173
5.89889445317532	-11.1055246799141
-2.66535592242608	78.1016468882934
-49.2852188275558	-10.8495073366765
-14.1316784063918	17.3210505688774
-28.6631333643392	53.6126758873622
8.01229166785574	4.07451327797655
10.0223018180856	-8.09293732238408
-4.39566011133239	93.9505499521805
-19.7757010031667	-6.75074033045022
-23.3486625751336	-2.87544126468034
7.41357338580911	-8.06891924947388
-1.2973666236872	100.482722719562
-8.82300285690028	76.8151446742362
-42.2006340454866	11.4749578928827
-50.1156637920512	7.34986321374227
6.06311523421861	-9.93717357036768
-45.3819095103226	-21.5845897612998
-6.91516338670925	62.9274537282958
-46.0669211310656	-15.4923383482625
5.60102982944548	-12.4331514558474
-41.6708918199655	-3.14629297880126
-4.61620078259243	74.2540415349262
-12.8095853473436	-14.6956592822013
-45.8612695928639	13.7006854765677
-20.141408362181	8.63943758954581
-28.1069735462597	85.5549030306053
-30.2014832913206	88.1904012524645
-17.6466975111648	9.32396652991231
8.20970542527021	16.3135941793307
-26.4258702000423	75.9525543910382
-15.8603161288126	-23.2242902358215
-32.519328599712	87.7299773181337
-42.3461376231728	9.82713217588607
15.3431767303048	-20.6201281513681
-33.2496992720285	64.8107477472903
14.8083246058265	-20.5779572278393
-14.188946022671	-9.23884800565758
-35.3315752698004	54.0543527560904
-46.580660977454	-11.0140258543589
9.68409562306701	-16.2818742672303
-28.314704692161	96.7446759980101
-27.0028417793081	62.4519684631431
3.03023243168567	82.8831099364483
9.10199161265429	-23.4702510360262
-40.9936017206227	1.75450109112263
4.78517419436447	-7.03166503223111
-0.826990479826205	56.7999822142035
-16.2994377573541	1.00625802524605
6.4070191762506	27.6030879320208
-31.3877731676357	71.2082657413244
13.7524865460205	20.8459360649903
-33.1520430806195	95.2301869306388
-19.4039450102288	8.23023729680058
-5.08736627789493	88.088183465495
-9.33674349954985	75.7295545920529
-16.4377648202427	-6.74834953625726
-23.2792394261727	27.0129863850243
-14.2370557696069	-5.12149361598813
-44.4463793414027	-4.50710583816724
16.8145220047301	20.4716132234406
-24.622148776376	90.7105270117139
-23.0232301176619	23.7237285803714
-4.90327702173909	84.3068878105651
-1.9352559703048	82.9816597537564
-34.018852619713	79.3946681730097
-32.2020855010379	79.7613525293532
9.79232314950876	-13.9111189694141
-13.7484218185684	9.48085513694926
-7.7777635590119	61.7806896209453
-13.2033150632724	10.5102335502641
-5.09671770459038	90.6665292733375
-32.1655885173319	61.3387126499856
-38.4140514739326	2.07716074749265
-19.3992228474492	-19.2246195059973
-19.8443337081492	-2.62210780691425
-35.7171040957409	61.3289337741979
-7.34039753225168	78.3121583656249
-31.9425612591028	62.9229209235906
2.19540126310674	78.2367128545516
8.73086210850697	-21.5759230989628
-43.9911192174807	15.2295561747
3.75298750920448	-6.40666442912092
1.41918210597958	55.6280081579623
-41.4776073807814	4.23152814720137
-33.9385736795868	63.249979219876
-45.6098490663724	-6.52589990570795
-29.6199610861244	75.3513858446799
-4.40870335318424	89.8786170874757
5.13380839894822	-5.04237373481865
-50.4863662227628	-2.90364803560795
-29.0734880499986	87.3944850114217
-29.7708960990224	65.3065136704938
10.288602831433	-19.4675540416905
-47.4590999218722	-7.19762323412394
-4.77612232488122	97.6105237073446
-47.257796495678	15.4574879758582
-48.257455620886	-24.0572946835204
-29.572810264192	88.9839904752156
-20.8105380639688	-20.3991918801464
1.91857993304247	68.5267246094731
-32.7328336134867	78.9973430705524
-38.6744787299083	0.0728470291989134
-21.8048351225691	-23.0999301651403
0.316709201643575	83.5748402889521
4.97823510342195	-15.513147646533
-49.9697148333184	-5.518695546039
-30.2570951746709	66.8133867358034
0.330432654588325	98.7640586320154
-37.7421309626135	59.2897448911296
-48.6700710111827	4.42352279210656
-35.4528159084735	53.7652501756186
-43.0783837200319	-12.4398491067853
2.49530957542003	81.6331169950872
-36.3468016238856	97.7565932985375
-15.8736115772117	26.5209676585204
-36.0576897314017	69.7316104065235
-2.09175425756421	76.4148772647208
-28.8659596257651	58.8777512962642
15.6343817200011	7.08341662455384
-42.656587829145	-2.29589975671477
1.74829846458275	72.5442884662624
-35.4596256817551	63.8124998944492
-45.8827556804114	-12.0912264009898
-7.36294803876934	75.755870937155
13.5813920419119	-9.99983489436752
-25.9953459712878	102.960788797752
-43.7062002038274	-21.7534613102283
-10.5422306172135	5.70913124974332
3.6045761126541	-14.0581331844266
4.97552560705233	14.1072960529605
-41.0427104588464	-24.9375782429927
-18.6426593653614	7.97905995335321
-36.5953606802459	65.2170841646062
-38.9873523507391	-8.02276441398197
-26.4467321056544	70.0461563860174
-49.2180401491177	-15.1368804902472
-28.1216070158328	71.6945721537188
-43.2054458749697	-7.79026163235691
-26.2668722139331	74.9496921084069
-46.6792575481568	-15.5321142252155
-42.0766392606773	22.3084460850905
4.75246823501408	9.22969233724837
-4.90158451745805	87.420583979215
7.63886742815743	6.18171166471022
7.36833640042294	-14.1744653688236
-32.9910823353626	76.5350624571865
-15.3375117993127	-14.2998021614722
-2.67208799479207	92.6740168471919
-49.8871265471129	23.9850201421865
-11.0593069849954	-2.23068911343674
-5.4981226859718	55.8295494669971
-37.121248570544	97.0826731012873
-15.4148553968672	-9.23252577079863
-22.7118101850309	2.53544325549336
2.50787947890864	100.773627009723
-8.33239860120812	84.0980884300495
-25.1152833166616	103.482918135964
13.907465147242	-17.7158176221373
-12.1662328674518	11.4325249415997
-42.750621993005	12.7277345901572
4.86771727507124	9.01156330394157
-36.6091564229998	82.9827267752609
-32.7344937758435	56.2872728116921
-34.9458036803308	98.8030501929944
-38.5944187758789	21.6720741580271
-33.1307216699018	103.662027962305
-19.7615379543289	13.5314462355163
-45.9382065427038	5.71190522911311
-41.1464358329825	-18.6042235291951
-47.7562693347161	9.28584359002647
-27.9014460824974	55.6490645963247
-35.6838917793633	78.4396057987257
16.7910897313018	9.28394499230276
-44.7948254519199	-9.41384388591267
-30.3568210624597	52.2359443995984
-21.9349527181256	18.9457501371288
7.66546017668534	27.3859359870588
-45.3481423430094	-21.9932208561681
-44.2100344527353	7.07250424797302
-45.7544974664037	-19.5211789823646
-14.8142604773265	13.8842916749091
-12.0018074174044	2.43162721473398
3.19498478466098	74.5747067273575
-39.770260306495	-19.6168114221871
14.4927537999613	14.6234243162731
-20.9906722739215	11.9541299595648
-23.0157676993059	16.0937741400487
-8.78603901383298	56.6021004979422
-4.10422930497508	81.4230465899547
-8.04742868121302	100.8580677432
9.83862836525876	11.8891828341978
-33.2197034550621	60.7546580819345
-19.0871359799322	7.59672506860164
-29.4111877787261	84.1528236384318
-5.83489518497316	71.2427875500895
-17.581321218796	-6.2268125379521
-30.6481325553648	74.5142591609571
-35.9208149005935	59.4442541579868
-16.5881941338232	12.1444461325566
3.1556762975193	83.7708060574138
-10.8847126695356	5.75271869962735
-3.72197212458726	97.7641638194365
-6.76343328227653	52.3491236378706
-29.7135744076828	88.3551657520408
8.52419201027859	-25.0081064136399
-19.2127075248628	3.23697051329708
-17.2075496410567	-21.6636948880647
0.596413603986877	85.9163748966661
-9.7233322540248	81.8594501213121
-2.49350891376166	75.4932819274024
-31.1579267266737	93.2182662639541
-24.0996443177006	24.8319628735732
-11.845524597285	12.4871394823243
-19.965942902083	16.4416545871281
13.2122464642701	19.3726094276702
-36.9376712865312	83.6475192119697
12.1296055072261	20.6641864975152
5.90808451036587	-7.13684223073134
-2.15213451766908	51.1475590644416
-21.2211925212503	-14.9747311731652
6.07827696541109	1.00054256842012
-4.93160511385625	66.5697894204544
-23.1248760208495	5.85931311674627
-36.2709347454324	66.7444406888453
14.6856827259896	9.02115497026804
-46.2717694318301	-3.06779578788947
-17.6121478542135	8.11153330985547
-13.9992886504747	-15.967709722494
-16.5630651263932	-15.6494391776985
-22.9291359937263	-15.2869658488903
-36.9408831291874	67.6862927117026
12.1704365624541	27.0072839278496
-40.6433539440568	24.301070355315
-13.0220190256346	-19.0137674263016
6.05862810534571	-4.2644363354608
14.9810445085538	-19.632093173864
-50.2913508205296	-16.4462845177038
11.7897439527113	-15.6283820526928
-8.21123547135133	53.2913140395819
-50.4666711443997	-24.8158971519767
12.2296544244737	-3.04056154413598
-15.1164312249158	6.07846523212543
-8.32041097671208	88.9515711050548
-15.3316098424075	23.2324378000688
-45.882247128078	26.3634016171973
13.5853851359514	-11.2741718989264
14.2387387800312	16.335463270411
5.93330146362247	11.5142968127108
15.5829906560561	20.4199021182418
11.445354514706	-17.3306792716587
-14.786798879157	13.5483522012009
-43.596798914288	9.32968028170381
-40.7535560589636	22.4880849876279
-11.1053716001959	15.4789846617119
-1.03733245059262	86.724865398283
-18.5217336485751	1.69155119318535
-35.9083033484447	75.5006184925368
-21.6740874278338	-12.7093000724047
5.68378263880321	-0.087689113085721
-51.5183646755898	-25.2891422359208
-13.0688952896	-14.8977120666275
-9.85940945693581	56.4458907928745
-21.3062567151655	-1.87635954077168
-6.79419068568374	93.2654189579766
-7.04128104974807	79.9393733063404
-46.4135021602339	-22.5142908006131
0.413465507333771	83.6879593591996
2.77176914816744	99.7545328993973
-11.7568129351949	-10.7351422893317
-6.42944146171114	52.080877272508
-4.48968510584186	103.479770318258
4.80831584474065	-5.34735344771184
-6.78493088357599	58.6134140705876
-8.14942888080831	70.8692997818977
-29.7593000699734	73.4664333465742
-15.2190651790773	-22.9116469481799
-39.5726907928031	14.3716504413299
5.36345021559791	27.2233497148906
-43.6720318332402	16.0827199532184
-30.2623021217695	89.473669498599
-33.6313657105609	91.8850489000049
-13.2445577562165	27.2973706039597
-34.1968367639811	50.7959486438861
-42.3813719957476	-15.7468451556425
-9.20023890381728	68.5754069660569
-21.6411016300176	-0.521216207437573
-4.61602243846323	84.1704437970261
12.3117097904072	-5.57540034041992
16.6902699276949	-2.85054790340209
-43.7432819062595	-10.9987730619413
-27.8267578542183	54.4058618684476
-31.9857369520805	86.1544373868734
-20.6177183699668	24.7325172411686
-22.8639839288855	14.6410248191623
-13.4555574776459	-25.3131431544061
-17.5662587936572	-1.33664271877876
6.77605262335588	1.30653882068242
-17.0055904292409	5.17824852260953
-48.852524112493	-5.18666517661931
6.91060232609308	-4.83976155826073
-16.0143269899497	-25.5155137789408
-47.9710413647983	10.9743033048354
-35.246540971988	84.3361707091909
-36.1244759309037	79.736993017021
4.96097157722157	6.95369791352832
-43.7056321587447	16.1217976367899
-1.96635108153773	52.5064392280031
-32.8431216912388	83.0175154672711
-29.4199709366081	57.2891164281575
-34.2684927650067	90.4134522348323
12.566179766388	13.3814053542967
-19.8816249125751	10.0568149538157
8.56910577229314	8.53961521878404
-21.3902869388495	2.01534099050835
-15.3673477291927	-1.55491636344539
-11.4176121675284	-2.65284528679318
0.606664236189436	93.6138891363778
-18.9546056151392	-0.539006800589109
14.1267011182357	-11.2829304498765
-17.3385736574057	5.15084623140329
-29.3501757259853	93.286115111656
-0.546571514409038	53.5568357234706
-37.3673399782488	60.7796692672954
2.27713442515403	61.7989768839441
-0.859797684279563	83.5831928413093
7.41959927138776	-17.2120788778287
-14.187329449882	-23.898855487742
2.5628399112419	56.8212288094531
-38.1857473463913	17.3589283536236
0.570487608564718	93.8802042770929
7.82869257630329	17.9749759292055
0.889086085747353	66.7486836326931
-2.93373313962298	81.1966068846557
-46.1220634858447	-12.1640224464841
-18.3421809724753	-17.3826999848414
12.4996440553216	-2.77973875097015
-47.6765427452577	23.3684727341717
-40.7295809934525	-0.217017568874936
-40.6367845052799	-1.40870812239989
-18.6421109816949	3.50520337050867
-47.4331745496993	-18.0963453621005
-4.3161843538286	79.2929669754985
-33.1174371933673	65.9720397513384
-17.2216266669401	26.0990090914214
-32.8073986388071	99.0268756739187
-31.9417143633504	53.1652615232149
-26.4243650160028	63.3461395818232
-46.828032912969	12.1080420427617
-38.5517320880772	21.49000445858
10.9007853547002	15.3332464475907
-38.8789487527686	-18.518741285723
-36.9456768251119	59.4831278983871
10.2639521159081	18.158499142917
3.04970318238712	98.9152604528691
-50.4953468371083	6.2003261322673
-49.3624917831259	-4.08085995934644
-50.6223244502405	-2.41028002008523
7.65904197695691	1.67779852875185
2.89176674896031	84.4218489520116
-50.7791870979899	-13.6899139576066
-39.7847164216823	-18.535691962447
-6.04740452693991	83.8242416173946
-9.13873545070061	69.0371190010212
-47.1023743610139	-3.26703570559342
-33.9662751592845	82.2208028860637
-0.393622518757242	85.04497781377
-17.6973551671775	-22.8725324309983
2.39071816528069	85.3688606624707
-11.9938616093088	21.9874214718968
-14.6113726341868	-23.6091994599954
14.801053413958	-22.1311035290882
2.60185794302901	94.7184258524035
-44.419420046428	15.7052572116927
-50.6026209213645	16.7223139290514
-16.8769449258508	4.18418765969331
-19.7655616105251	-14.465384824084
-25.874961239152	63.0693815313309
-32.2328923848775	98.8252160583631
-8.95497201554918	53.0571153865964
12.7403706821322	1.88063442860108
10.762053751514	20.7158095717067
-45.6567600776675	7.58690261344556
-10.8580777474596	10.2265654327686
-45.2209224841478	13.4116170724841
-39.6147185749177	-13.1192562516162
-39.8778371708014	-12.4293844400781
-5.06293259324296	82.9678707635618
-40.1068641857732	21.7384448014116
-39.0061770747334	-21.1876955744684
-5.25123505951956	71.5630695079011
11.717344939456	26.2859584855631
-12.4777700439324	23.5493370997329
-41.8054404332133	-19.37349071455
-40.2030259020203	24.3188433652803
6.45828329313883	-4.34760372735357
-0.0401911900232728	97.4901805337054
-22.5731617016644	-12.854638434685
-28.8617269816666	60.0500801069764
-26.8121352225034	70.8528768263045
-31.2257650531724	71.8453098203404
-33.8556525638643	51.4097395861126
-20.4244308718773	15.7003760740985
-4.40876829102026	87.7860845903543
-27.5857329826636	100.85974220292
16.2858391675334	10.6953349184383
-11.2937773541024	12.1527030955161
-20.7796157196615	-1.06448237122296
-27.7883887190507	80.4305895001466
-4.91577732586961	92.0769239013263
-38.662291058776	-1.87309613749634
-47.9679450524229	10.5164609553507
-4.98696052510945	81.1312820962018
-10.7301958695251	-18.5327926455878
-23.1342561167246	23.3113070535464
-17.7243488036616	-1.47870893153113
-23.3860871739588	8.73579944970187
-20.86697308064	18.1657306458657
-42.3443526086189	-20.4566790932052
-16.2765329760399	5.68700218777927
-2.37185371442492	103.790397955241
14.3887103322498	16.4200421889835
-46.6046989414316	-3.42529678584434
-6.38704843411201	54.4909316668864
-15.2158940760147	-20.458270119282
-38.2860473944002	-2.94575168822396
-3.64296165774289	52.2007978766151
-27.5514888708497	68.9549380776158
-5.84636271136907	95.3814350353212
-1.12927280150327	90.5830770592078
-8.74492578368997	101.344088905127
14.0772859079351	3.68605399078329
-13.8378336567506	24.543468018868
-5.81210782108854	59.851357958288
-32.0562388743959	87.9297638680807
-4.38067352845766	90.0164837742389
-23.207348908002	-18.9190072094427
-44.5156066371569	-5.83060829785773
-9.71791420422579	103.187270044365
2.31964995665436	64.1532236637874
-15.0230207103979	-24.8558504709535
-6.20308831932866	50.732274898574
-14.7360199611934	-2.15384970563432
-21.8250361452498	-12.8883731088343
-25.6863779977995	84.4231174003738
16.1321921195855	27.4759650379383
-14.1251252284887	-23.3134486476078
0.641019036842332	95.8384936693804
-38.1567372735467	17.7867794829687
-19.4896997554612	18.7879751956189
14.8675294992326	14.0816657707329
-2.72332058052143	52.3005510896272
9.34048146561769	-3.47971384948854
9.00410584073215	-2.74015650419584
-20.472129757474	-10.5963331804997
-8.2958056825572	78.046569823478
-42.9142052039076	9.78913555201955
15.8350789777024	-18.9537720283029
-39.2999627938903	14.6021434758313
-4.31079790568215	73.7590880084409
-11.5645376141311	-25.0380908749631
-24.7947225802398	88.559783676719
-14.7652372864083	-4.09524674347338
-29.351950015866	72.4723889202589
-12.8006247634815	14.9627096969048
-4.22091808535458	59.155138561389
-44.6709119979622	-7.3531083854163
-19.3294136179558	10.2080058322697
-0.437814067684401	95.0904296800019
-18.4793293870689	-3.48182465570399
-26.140589546307	65.1576094056747
-50.788483802338	14.2197288517723
-31.3583924865948	68.5757855309718
-40.1421793756032	-0.540796336418928
-50.5430055242497	-5.31155984030873
-15.3515242803841	-9.13425138080957
-28.1485015342296	54.0915917455022
-31.755991698984	91.6967319578077
-20.6752483565412	9.49680721892319
-14.5553968564265	15.0679627136841
-44.2387756166795	-10.6786170621952
2.48071178425463	53.2097005815886
-4.74827475274569	55.1229561216277
-30.0356126725528	92.9239383236258
-31.3062187678823	98.476739751499
-17.9186222661829	-15.3347707279994
-3.7658389884045	55.6840388258706
3.93248374598861	4.26669212243771
-2.85182009708753	71.0121972767268
-45.9844180694613	15.6898966261197
9.19014448477992	20.3832708078705
-34.1359597984512	75.722767516617
-31.0078151233428	58.2551653798793
-48.961033162361	16.3178178158002
-37.9895862065663	-0.483481157242851
-23.9139246210947	7.40040381333847
-29.2762221948839	52.875734005238
-34.6364949466259	78.8845398345994
-6.32997174668975	88.9828739495998
-4.14721563860069	79.0629442404646
-6.88861978063239	82.0910241166907
14.6499225472648	4.26421932783196
-39.9381838753489	15.5095391417794
-44.7480034800935	-18.2951732997053
-16.8650748290762	-14.6800331278065
-24.1690949073219	-9.22486924399752
-24.0169833257444	2.52611454959724
-11.3419909448649	-17.7771315355024
-14.8336731715588	-17.6861883723559
-43.011171573562	3.24495928550444
-7.44250650076737	102.198908433167
-1.64736647692639	57.6686638888122
-20.6502843886451	-4.61237893496033
-28.3669301486303	98.4975223964294
-46.832566392176	11.7737555949198
7.03378082120814	-2.40751980048041
-4.05608355039274	94.3873003583715
13.7295730983929	-2.87312662610077
-32.0264031023162	80.5627901548649
-10.1148248315664	90.0593606891472
-14.6939642622599	-3.11376232778304
5.31446506961885	-5.90877034448478
-38.7558510478689	10.286297309375
-30.5276448741293	78.046282966263
-29.0430475202795	65.3023593328866
-34.7027726176889	65.1686353496769
16.2284505018747	-14.992802031054
11.4990702807192	5.05490858642404
-39.9961531735799	3.65271927731271
12.3178293550904	25.8661676737668
-39.366077547181	11.1468591090812
-45.944817546747	8.02552830769064
0.52664011833985	77.8150253528739
-21.124496321321	1.11262199711017
12.7780159098574	22.4289377553292
-25.0098717607094	88.4133702435933
-27.041772692964	64.1964181407081
11.0327919533075	-20.3632636557656
12.9480936158181	12.3270608116457
-3.81391306748261	67.504827011608
-14.4219700391293	16.4950472714131
-23.7384047118297	-8.71725952184142
7.77934394550517	0.387976285999236
11.5792495820853	0.242308110582348
12.8460551168792	25.0126913298907
-2.77117444600471	102.142206398762
-21.9827225171506	-19.4830636244693
-39.3696561844723	-13.0967406048824
15.4358194095824	5.00699397660254
-13.1406002822368	25.1565092918332
14.6039826449825	13.7228515620778
13.3841607857954	-15.440824789586
16.1175986041171	2.93450804739875
15.9041027563997	-10.7020587277548
-25.4314502437846	57.0972088174423
-32.1346891483325	62.5995510430823
-17.0602301159665	-13.8327264313494
13.7404337884178	-10.0565400118105
-51.5010700146744	-16.513993517379
-19.7746758466929	-2.27931967902634
-34.1319070175859	91.3926192173555
-43.6374047763822	10.3264711761622
-0.756369306233463	99.7437824682745
0.462327751784225	75.3284426757442
-8.42730806437384	54.7265333747839
-43.7212438750505	-23.6659346229224
-6.02909139647721	63.071283823846
-0.158139378975774	84.9653615487862
1.39080301182826	90.3538879026246
-10.2835748460661	93.1350412240197
-9.91516226236112	78.7405819063413
8.04897700135653	6.20268972798018
-8.61247243169843	92.9275372930915
3.32534005534427	-15.6149459061862
-12.0411973772938	-13.8278517434844
-7.26081449580146	82.8799720124845
-38.4409800869927	-17.6504724829752
-28.22101565089	61.4198023084507
-17.6255793153955	-3.77434319027964
2.00560642749319	59.1854284882203
-43.4179261545661	4.15525003661529
-2.35738360298951	101.330734781813
-32.7020625900645	97.5084920834829
0.728929851241199	99.1815222919787
-23.652043193439	-13.7641313380015
-16.4259876043174	-24.6334083487571
6.20727922251905	8.70220412338488
2.13551311478877	91.5559478088096
-50.35562739594	1.76250964407544
-18.0514126624874	-3.68553017096099
-48.813765840721	-24.3117766853459
-13.6043856557659	2.10420977988959
-33.7362686570332	80.7987308288602
-45.6991511805439	18.9223839268214
7.65121767197088	-12.2562696775437
0.596714432192161	64.7130291874462
-18.196811161583	13.1642383370501
-39.4317588229247	26.8616405712634
11.3674014381831	-24.2003170564295
-41.2754559942966	-19.1492089700098
11.6865135719378	-24.2346325555727
-3.51811776166637	78.3036834294746
-26.813067919262	87.5017392138351
-50.6680075153564	0.723895142728045
4.56359580733414	10.1678698720589
8.13771061241103	13.4945877651918
-6.50432504317737	98.8855486011664
-15.1125041380502	20.4673014274828
-14.9824043471839	0.207147573782736
-7.28176574913289	63.0712448883004
14.4065293097775	-25.3826455308249
-12.1238239944871	6.77555509147635
-17.622899568253	22.3782829202706
-50.5302128136659	-23.2265365872788
-29.8724179111088	91.6227450723706
-44.2917890889973	4.21986263251418
-18.4273416494658	24.9835183120301
-10.9936735221985	21.289898879376
-33.1327207346402	96.7499258877187
-48.6474527790978	3.22224714512096
-7.19683211123211	73.3913865062277
-45.5356777628193	-19.192496858919
-12.8842878384296	15.6510209258487
-50.2803465940624	16.1759403214388
-47.3544077089931	-8.28894243928624
-31.5359392137378	67.9963491397845
-36.5401719333413	89.9473027831535
14.4125540170274	-18.6239279964804
-38.6589428118655	-12.4385521018936
-17.6304390054972	26.4267044499259
-14.2639042367045	21.7725183409144
-33.6208879267389	89.8552000406146
2.43242153874639	83.6721332238986
-51.2413279960852	7.33129704585876
15.913438878347	-6.38101576966511
6.63093218864433	15.4258629020962
-32.8429842391594	66.6310625696593
15.7394684827733	-19.0126402798683
-47.8287808845019	-18.599080391081
-26.4834635201543	85.7652202264298
-7.91179911081342	57.7504868322815
-3.52332868928898	67.0582858300477
-32.6760902214324	87.7928511086925
0.396202784566409	72.9460571119163
-26.2557169591822	60.8570050903806
-18.3635078522635	-4.27590368662994
-46.3291112802026	-1.29192611182693
-46.2878102432593	9.68783756026442
-4.64628785329229	69.7256634789023
-3.41288383647315	71.5323702908027
-37.6859035861639	61.0910068356678
-41.0867057305208	-15.5260474192601
16.8109245178262	14.5599668409962
-5.49411106776581	51.5189184679998
12.1171988911878	-3.14935299491811
0.708062262263482	96.674458960097
-49.8098310746132	17.0410167063982
-32.5125475717528	84.1701174487688
-12.3862396945377	-24.3374430769912
-7.56998556124936	72.3849963726793
-33.7097953432858	63.6763918464227
-42.4288604020876	14.989702395279
-19.1391299266035	-23.7693078900943
9.74229120654344	-7.29098146836977
-8.20577036354426	87.942162662879
-0.447463210158143	74.1385867634112
-45.4382497749253	-23.2977728823025
-39.786133963714	6.55135920365945
-23.7102646497261	-20.1147106570559
-45.2351559276486	-1.66857018410381
-3.25755323614186	75.0330432131443
10.1765358984469	-15.4523490701933
-25.4148409559639	78.054735039334
-18.2776887859794	7.59939080432485
-28.1304431942307	85.6081710457539
0.389875561128195	88.0410549305481
14.9283489006514	-19.4335214591683
11.5799050542371	25.0715793621764
-2.41138299674801	59.4641635815178
-46.7190931194538	-2.45954842338147
-43.1215134498811	21.8727914581497
-24.9351945795209	69.5957115825028
-27.9936126821278	54.3363107844133
15.7462043611263	-6.31194659005276
-11.1986162717167	8.9808310935064
-47.1928949661501	-20.6352779959612
-23.1930597805948	25.8106124432194
-42.1587991599098	-17.2996250733056
-38.3485275104952	10.5169536745911
-33.840124652142	92.4865379865225
-49.1851443221987	-13.0455717501001
-35.2536332745675	99.7851084330048
-18.3075537766797	-23.6662655355138
-11.1293673253564	20.0559721878521
4.17127248801444	1.98332639414577
6.75108425549711	-16.0330877707842
-42.5625286270456	-16.5804327321599
-43.8885039601755	22.5244794730026
-20.473564801398	-8.00516306247714
-4.05277607257267	93.4745557523609
-24.7802677343092	78.5922259151596
8.39621961491329	13.4753676449628
-3.46304755570058	98.4477958581595
-17.6325058952117	26.8980788323587
-15.3223075541876	-3.35037765540272
-39.2936309630824	-13.4614588053268
-18.8195339788969	-11.120384240126
-4.83132106692151	51.4827393197458
-43.2798201540354	-22.727161339243
-24.178492750267	7.12409223054717
-38.6244589925345	24.2450720502531
8.41485134340193	3.97408010637948
11.780716287663	-13.1706553305739
7.19691276471294	0.110269816111255
-50.9633759860916	-14.8673872281053
-16.5001380323302	23.4603600682211
-50.3087590252978	5.81661513150049
-0.818173842573827	93.5899458299336
-46.1170021727429	12.456739881123
-35.3892718756818	90.66944450916
-19.2355835995862	-10.5517880356081
-12.3876199569546	13.2062177596583
-23.5978633200971	-5.64344690588413
-44.6470731291456	17.4630287149369
-36.302117013367	80.3509997097119
-42.0744411947743	-14.6903542514442
-10.3544908857623	51.046168776137
-29.1070101219566	88.241580042757
-29.4625031273168	95.6196887985861
-15.4513686718622	8.02507516535397
-23.5332965787377	-21.4055087893851
-47.9567308676163	12.1526718796624
-38.8869147912853	-20.7578036971087
-47.0322260367939	-23.2956651715751
-1.2430973828021	72.7680890530289
-30.9029905616045	84.4623730458547
6.1791099042359	-1.19506465855609
-29.0899825970577	102.604705996146
11.1522114961303	8.21739801327127
-38.8961353377937	0.582612973814092
1.86662935521028	84.4853606876523
7.88830530867738	-10.840995501072
6.96185744165976	-11.2579751814648
-47.803919615095	4.3258420135853
7.89664581861545	23.400370728601
-10.6316622487869	4.34411426104134
-16.1763778370915	15.7856980331662
-35.6376149092042	77.0978818589135
-32.6905715831518	77.6906791286241
-48.84260573575	3.26097440366956
-1.19556063684783	96.6770792049245
-45.8029992863602	-22.2636470704187
-4.56827883285353	102.227146050077
-4.25493309993329	66.2053237447563
-27.8344707807126	94.0328786993877
-34.3706300018248	73.5668202931786
-30.5651297622439	68.1520193391754
-26.2758711110104	56.5058097177791
-33.8956443038993	78.4581465782441
-7.63871838225875	63.0888165985899
-14.4073651444675	-1.410764729448
5.63396556938667	-7.72619463994891
-13.8043747983238	-5.95271548719298
-30.3947267677683	97.3472956735284
-45.2028897170108	19.0728791238852
-51.5336132831817	2.68564869982012
-40.9068719250473	9.98326435512951
-20.6445871533029	-17.3881759103735
-35.7896820437277	53.7740454355184
-33.8784833905781	62.0175779023835
-43.9477088231463	9.40685451383008
5.26805402709447	22.3665759437982
13.7647091483613	-19.1457371303504
-51.0761295047397	22.6763448883637
-30.0558316351996	86.9153523226417
-13.1256148577935	15.0429221201817
0.427790823859372	75.9519404309732
-30.5960484063853	59.702089527243
5.89124642813213	23.1849164446127
-2.18418016513858	64.3046114334619
-37.9708294788285	-10.3485874863765
-37.6384695608017	54.324201073707
-7.31661413523414	76.2023855511743
-19.9030097056773	11.9527745229901
-38.4095316421248	14.1768204365557
-3.67628577714643	90.6234630802832
-33.0892290961061	67.3605742026737
-27.8769697075876	65.9805550714874
-36.7190124699324	84.7267735808645
-31.0858868641174	73.6673220863047
1.38246119183342	81.6824743681281
-28.5405426860037	57.9679772438521
-20.9920223788953	20.0033913241794
-26.9875611684319	56.6126276010246
13.6710991868196	-22.808979283617
3.40146346104317	20.7427417520378
-29.6581539309849	103.604435935152
-45.2072231785123	-10.9317370832898
-1.18165191539429	68.9539130216785
-6.91783729371358	58.6402680342717
2.70948156913335	64.1726102601898
-23.9189505491605	10.4815861704128
-38.7781913457596	7.05713420906532
-32.9084018237537	98.7166347602456
-47.4361412752091	1.75238156463441
-37.8600773070572	62.6789658734524
6.34883005628355	-20.1464383119195
15.3772422866429	-22.4563726075823
-8.72745090875578	92.6850351883017
-34.8883248913033	103.879566270352
16.3776024892262	7.87276344960762
-8.56179738256315	103.266934639538
5.97778647295524	5.0263515144157
-14.8436032418879	-25.2694133933743
-24.0892285447123	-21.4998180809454
-48.3048510847209	16.0918105463641
-42.1332879590169	-2.05238606969889
14.4416762523079	19.100827309819
-42.7212544924097	-24.0756599468659
0.156081421306916	96.2850857223633
-13.9615819446493	-0.421999696307423
-27.2611714580968	102.364570143391
16.0709138777518	-13.4064294267636
-11.8609348085302	-5.8396469319208
-43.2349003635811	-17.9483725735662
-51.5958558993887	-19.2980355827631
-17.7652460566753	5.92333564627623
-32.4954869922586	78.6278027616615
-44.548631447596	-15.8880779381579
-2.53900286287503	74.8029473152415
-45.6287309694623	-15.6227227345259
-9.07823594815748	60.3490546694313
-38.3693153321182	23.1672896886969
-50.484637967809	9.7837341149661
-25.1318190079856	52.8518905049902
-7.29136525902041	91.5090971791249
-50.2959180673518	9.8740849612569
0.0119676648004491	70.8810265272281
-37.4024614411568	59.6261561803797
-50.7212236761757	4.90138078982864
7.57074484624391	16.2400326535112
-19.0923891245325	16.6884644564601
-8.9552376473631	60.5473127286642
-14.5420475898411	3.29581338223938
15.1979224583331	-8.65553755058767
5.99554910394986	21.5616541751713
-33.6085806007298	92.4035461717141
-40.1023424430879	16.1232990425857
10.7665659668151	6.66870210107844
-37.7650104226031	97.8955410464109
-13.7660785219506	4.85600771999416
-50.4565923239367	5.94729140715949
-25.4178359676716	71.9563444464352
-39.8037593811474	4.4199146248863
13.7941000487136	-4.59843843634703
-50.0616865972564	-21.6085569882234
-45.3648053714397	-4.37504688882782
-12.9597327220817	-2.08864629529471
-47.2055073653942	25.3905021017957
0.277040111050668	73.957923252519
-25.0873895619714	87.9198194911332
-10.9415990131783	19.5148114487948
-12.6995878144203	4.00991329252126
2.1629409921813	97.2441771799605
14.4846018394536	-12.9891641630153
-11.9912005116846	-16.3161828434125
-17.1691124965121	27.3458177355943
14.9928915310349	-6.13970934253069
4.09522179010845	-13.1516433522645
-29.2771831241175	64.00801534983
2.93462979105597	60.3209266813206
-44.7739144639166	-2.23732800722626
-10.4714856724218	98.3669154626921
-27.6763499442021	98.937684114082
6.76437283228901	16.9047195558316
-49.7868654013829	12.5891547584993
9.09763324085331	-5.23784416131572
-20.2801393068835	16.0734858678687
0.868756317130591	84.9183634661408
-33.3089936472164	97.714817451054
-46.0440117296696	26.5460303744182
-38.3578072411503	20.6470457378258
-9.28032106333812	89.4190105132025
-37.0368059687399	64.6447071207268
-40.7159978254721	-5.09952069743599
-46.7036513332107	-10.8116459889937
-31.103933832962	87.0439533771624
-37.7942365508917	57.3169382682397
-16.3273507826062	-24.8178490733591
-13.5577105136975	-18.4615507036866
-15.5556292218056	-20.2717299054865
-2.28258302261462	58.6147024615851
-21.3915928610605	23.8292843071973
0.290594512826996	52.4068490898952
-43.5737198234197	-14.0635045593372
-13.8049599758889	-16.6968479434636
-13.8550685969881	-22.6235743341278
-15.8917450984189	5.98546314017215
13.0845149654721	-2.30199386962058
-11.9696131328493	-10.9125547678133
-41.7289136776861	9.35090429359763
-7.75640896886112	73.5495684322962
-48.1054527046359	22.0903164268778
-12.1876463811362	25.3945399531709
-41.2300566859572	-9.83787465019928
-17.2226337709885	-18.6387642336106
-1.25242698510638	61.8268826703264
-0.455844119079554	100.872393686674
-15.1792396182395	11.8684060642146
14.1243910528559	5.72607398605786
2.94828828970529	76.1279574346224
12.7376763930015	19.2016340633172
-12.3055917620725	-7.00219433648116
8.37956698984079	-15.4751143773642
-34.5676324703258	83.2747209291939
-3.12441559158019	81.3207418779577
-0.307809072727695	54.4819227131328
-8.14657903013057	78.4233256637241
-13.195856252684	-4.99616562529625
6.7611509795279	-16.1367649015246
-19.623174279593	8.02514906705305
-9.81177353883534	77.3317168433121
-24.8581600814796	83.1317929163811
-44.2719246708197	14.6287852754971
-28.5279953872574	51.8867922866407
-35.2395585362702	86.2472327584299
1.89151020320262	61.244955701956
0.809414075662431	76.3163654820911
9.49885342955022	-13.7098550748223
-30.8116152391103	103.103046808209
-44.3767511115338	-16.2549103461214
-45.4848987835814	-25.5943753668107
15.2272815788311	16.2867593896532
-48.4281316519398	16.2996603424378
-28.1105351590003	67.4184785261059
-27.7750240499338	56.5046073914486
-15.6727975414253	13.7682535738481
-47.2911637608895	22.3994506087378
-28.8886130133292	76.112386098195
7.10154226678423	-2.01526890055514
13.1637313924266	20.2538381204517
-50.9906900792822	-16.0620454667105
11.9333865453151	-11.6530768962358
2.21728019076056	80.3540900721215
12.3262796143718	18.0230045062738
-44.1458128249365	-18.7546516806581
-23.7579578926742	-0.432612178136403
8.59829540172317	-25.1460755705941
-28.7711549076168	82.0347305588573
2.63222995713553	69.0135245719741
9.0816044461024	-21.6294217499451
-31.5133835052673	89.3859159280884
-22.4182674043573	-5.75185321150191
-33.8162378588053	70.8098078421239
-27.153803829187	84.0101910360734
-45.8131580314354	-8.11821428070887
-24.9240207994524	97.8696913418307
0.873871244888766	59.3748414070717
-26.108939682823	65.3745430426236
-18.8565725102032	18.177584963159
-18.2710864260931	-16.3867181995306
15.0537930868417	26.0530856924036
-33.3177478763839	74.7150286792472
-17.9038186702533	11.4980525013148
-27.6705263910197	70.1722419755253
-30.0846076857539	51.9967779377084
16.1183007658929	9.33859493300447
-3.70439879974833	58.223032747368
-10.357704933431	82.4180053947559
14.0010247061013	18.8834130805568
-49.3222846436213	19.5481532039685
-48.256410666961	10.7870616578661
-42.4977617870079	-25.5269490149506
3.05013228573075	96.1955441994128
-12.1409936800656	23.7742041208253
5.96091113209222	25.4004874558699
-17.9442391813849	10.8984016346877
-45.8572808297653	24.1802095641541
14.1426636818189	12.6135769957362
0.147480261787051	83.0701577210491
-17.6258829352103	22.5614053033818
-42.6702057283351	-16.5943561701419
-1.99035986440912	100.617533305616
-45.1414050013877	13.2224653605751
-21.9530828064997	5.49606894780854
2.6261409327477	93.8471312623757
-28.3276285144139	87.4797398500081
10.8305680137203	-24.388930356353
-41.9499257362734	11.6442625697562
-37.0532100673234	56.6309650723575
-33.3188905302705	86.5197249809419
-15.4273520290671	11.5482424037683
-22.7745994116605	-17.5752511688349
-0.703777999458608	67.7767119404829
-46.6216841645554	21.3827548520373
-44.4085599360595	-4.92542368457467
-14.322436673445	10.8527289725553
-48.4995049895767	-3.11289044844558
-37.292724832866	60.9466026897715
-46.3194659411455	-19.6647092781738
-2.09254295013839	72.3496124489605
-48.9826226576753	25.1376064744779
-47.0292281785638	-12.0307364236735
-49.888411655027	-6.39339655557829
-19.7272139860937	-1.91937302593869
-21.2112376919585	6.73545530979235
10.5068011672587	27.2073558042066
-45.9753694750473	-20.2457754893979
-19.6434658009098	24.3996177760619
-41.9432352114904	17.7460375615471
-21.8984491865006	-2.74355917478039
-1.21761268821491	79.1069008591632
8.68055627778988	16.5684697190135
-3.20269817324637	57.2232461829695
-8.74402202682332	91.5270914888619
-40.6957913757144	2.19364408520541
-18.879747595792	-2.04568269937628
3.53486184571193	11.7784385569514
-13.7341959229735	-7.6418750017364
7.45041750013817	-9.98581679593553
2.17736386348922	62.9929118376676
16.6047851144509	25.700664510175
-25.7940855509792	62.4728417403182
-10.2757391948	88.9074540193617
-2.06981870217796	74.0657204687455
-41.5733795259671	7.32510044878637
13.6455996900232	-7.04605255774051
-31.2724197173379	89.8645656503544
-21.0010227382306	-1.00548548830363
10.7726050488482	24.5607023663657
-17.2993201343154	16.3381128406678
-31.9158788896522	87.4263650628378
-17.6021587340805	-9.23487455535351
-47.4246367669534	-18.9099928640878
-15.9138604172052	-6.33594325689409
14.7109597477276	-15.8447918887342
-12.4582113573722	19.5294626314087
10.924464280367	-10.8876397536452
-2.27049567178933	60.0047376966176
-2.16515559646638	55.7084867551036
-22.2069860530043	15.3762316173564
-31.1694622562268	52.2635930305995
-27.4344487707104	74.3022888328043
-50.3627445734241	19.2174123692922
-0.414435686834808	53.6152949784553
-2.09389050453639	62.7515838077161
-14.213915971454	-9.98306439937607
-6.22551219674729	92.4923405048647
-17.5499444263395	-7.33706718094034
-7.04316147207431	80.7098036185565
-32.4349680328432	91.541493189436
-49.5548202298095	11.6487887823299
14.78447314188	-11.3008697580109
-34.1842492026002	80.6001042789455
-24.2965508330755	100.870256318533
-36.7723601532725	63.9894822169866
6.43009941989427	-9.34586159731013
-3.45224942629313	94.9620895975923
-39.621940728419	10.570370063979
-38.6594336059102	-15.7061169156958
-48.0333205998951	-2.90605500216227
-45.3307441895201	25.4060380640776
-30.9771873563308	61.7234148776495
-10.5180665027818	-23.7235122861883
-39.2353754286372	12.7810875113752
-26.5713827930734	83.39503229595
16.8950470783185	-3.09198101045183
1.15761434640697	58.9778405909459
9.74563066401653	-11.223123033581
-33.2326964342979	59.4141153825062
-19.9817734565766	-21.4109815424793
-51.2496921320786	22.1735093079254
-31.4355799469471	54.3604267273549
-39.717840214094	-3.61470579683942
-41.7470148536634	14.7609681133974
-3.68785846091526	101.596223706246
-36.4985793317018	87.1703152805645
-27.1225283428123	68.8906198644132
-24.6890100465001	68.8778799985365
-4.18375814789595	53.2297881829717
5.37725374946548	-11.1426842000459
12.2200472950207	-3.59357180767519
-22.6194816258544	25.5597251293176
-30.0687323415887	75.3674943698919
-51.4505906919345	17.8264531386165
-23.6492928994991	-24.5109386895378
-37.0025858650278	74.9555588506525
5.72935320540513	25.1917812175396
-45.6388401381564	-3.20785307211286
-4.60836843378749	50.6489639147734
-11.2603403729142	-17.3330007661488
16.2547459258751	17.8056013326151
-28.7330282765116	85.2478506507282
-34.8376728992332	50.756239909055
-19.5528854348232	-3.20190106065629
10.1659774935384	18.2273129758743
-6.1375357647258	76.9665734440188
-47.8290416222824	19.044343313226
-6.91254612238287	85.8075112620424
-34.2339110094599	93.6093011866111
0.840868625901891	80.8037045386722
-41.6198176367041	19.46730014219
-10.2383574022754	84.4138742339225
-38.5690818072056	23.6307011317186
-41.6100994585538	-17.4653124138672
-24.8983229967681	76.5099923444012
-44.9477122154839	-9.35207774450775
-13.6396981613827	19.0195682619793
14.4148591054128	7.40447849814041
-29.0615560369703	99.7881908175559
7.32422790456968	2.40192955396057
-28.0629749168802	61.4103789517474
14.6432380045997	-8.93468048874737
-14.9876562346365	-8.33283933183861
-46.894093680825	-22.9372474299567
-2.26936721943133	53.7527640091178
16.4071170986382	-22.8421337251413
11.2847086700601	10.4492226057868
7.482291250305	-21.0394013839206
-7.43097327611084	51.6859557199142
-40.1955628728647	8.31777480438685
-14.7613916507891	1.12517573991768
-16.0692572891815	18.7098586576298
6.2871288526099	-15.9594562749823
7.4656057449247	-15.9395248091296
13.5577214332082	2.7507392228263
-49.3145599953712	19.3414332731068
-37.8405520745159	99.2539289774911
12.2515865524665	-20.5903010219018
8.08287671404507	-15.3846817418678
-49.0822403216578	13.2688847711943
-47.7038540375982	-17.9351084648675
-13.2568812802399	12.3390947685828
-8.08846711956224	60.8351246439789
-41.6880103168762	-24.8017285295151
-46.9428243630372	-25.2990854233504
-28.2836657256914	92.9040757135976
-23.2889405302713	23.3352909898159
-18.0324659732312	-5.83414343232148
10.3189299667784	25.7898484416005
10.915819376621	25.8314899362906
6.56638696268997	-4.9433647847282
-43.8265503457538	23.2623515316559
-22.081087507099	-9.72919901712394
-39.4905014583194	17.8023071840502
-29.5107087410627	73.7670627367037
-14.8181179940508	4.42002804771187
-29.1493339464433	64.8285663669756
14.904081455475	26.3088894748722
-26.4406460516663	78.7772573072081
-31.7853074425481	101.177510006213
-38.4832774943629	-22.0044111238016
-20.2467624614299	-3.75848466629032
-51.5415250604706	7.85035436552227
1.85673234940563	88.6575934620688
-39.3543361378634	-0.353323501156774
-15.6309149116682	-10.6377819060099
-3.9789054149954	94.3079446674092
-22.2015863245178	-15.5572654330814
-2.06865729135743	63.7528164561322
6.42713824210959	26.9342203268714
-39.3534379309706	-20.8382592524905
-35.1076936961972	90.1429050940545
-46.1783076181613	-22.2136242811204
-29.9363218940894	80.1600231707524
5.95744349253118	3.82769528202673
-2.43012243560794	100.871540050949
-36.9972411197632	81.5630872192324
-41.4202248881398	6.7717508348725
-36.4863884763187	59.3660887526935
-39.417122819779	15.2178447109977
-9.55190424446695	78.9071082748849
15.8925721509601	2.15041359029666
-8.21069957201522	52.5783780671814
11.8437315390479	-0.996032238554415
-10.4802790947826	93.248623682427
-33.1250905171016	86.5864771174799
-23.6757121859396	-19.7722162277143
15.0941807137472	1.19941402460303
-22.7307917680323	7.08001029692521
-16.4454698500313	3.28875554110091
-33.4883507921731	92.1170727101367
9.57041986334856	19.9352280202463
-1.87595431007106	52.4115866186607
-50.2260519562978	1.44643238443426
-5.49479935440397	91.7754155674367
-6.03573316509091	100.111115916772
-5.34676467233359	52.5276929787782
-45.5407891147576	-6.87813833718085
-11.3030368250108	2.97435852871733
-20.2225751805712	11.6457790410519
-47.0498337830583	21.2061577130133
-5.52340126197662	100.17606409149
9.6902368651609	-19.547368446814
-50.4365915220782	12.809004127944
-30.8406178093576	53.1228281625714
8.38508325122495	3.47550091960558
-34.5504090745008	70.4431949412671
-32.3208919468106	73.7004426941303
-35.2635630291652	96.9256777517534
-17.8683321493489	12.8897242381882
-45.0988165176661	-14.0600065718394
0.184856142759212	65.4618034946811
-35.2225732149741	98.8365514166157
11.0733048396497	-9.60732451058527
-46.4985691368354	-10.9214045880826
-14.3391689680375	8.22253490815502
-22.5032084620831	-3.48772178848461
10.5028116475668	-10.8078945640219
-22.4006107928448	-12.321975579987
6.075100611719	-2.01814737631951
-41.8517740659151	-14.0882683270667
-2.78492178380415	60.5252383307209
-37.7554428683781	65.0653124220075
-17.6790346829045	1.88662647470511
-18.4858125938479	1.94666378122818
-17.6029059824641	-24.131084840975
7.28606499792067	-10.1036384235963
-39.9084252853663	-24.5285397455508
-39.6754148516505	4.06570223113251
-48.971475935982	8.70502864348529
1.20589787491227	73.7825307152086
-20.8472601959096	26.1490189531468
-33.3899794568739	53.7736499714713
-30.2776959660506	53.5165533448726
-27.1373956340174	57.894349972141
-48.8926557966551	-4.55480956326268
11.2761094626048	-1.1744660978025
2.05795854241409	101.735034914998
-30.515148312097	86.399025183512
3.53557227005998	-9.43421296911536
-5.84005615073546	58.7007406792143
10.2727590004276	24.3704087129361
-13.7758267924312	8.77681503614333
1.36657807922891	67.3632342075155
-50.2172790353765	3.33158458753091
-29.1072956995119	102.733007206163
-18.2071213952488	16.5244138753327
-12.0576644653017	15.5501824148961
-42.3677966481376	-0.984095098596015
-26.2748126892146	63.1053982572953
-45.1475560001231	4.99117088876857
-12.8855019792838	-15.9330894519854
8.63730043168496	25.9758932492832
11.5267337265186	-23.7621809498083
10.14566035218	-11.9575135599026
-25.9584951999499	100.354182186155
4.81723690670842	1.27091091789446
14.436485770706	15.5158158226134
-22.7861778423691	21.0726821332188
-10.0458061436632	52.4961352898597
-15.8168251559517	20.055255995396
-50.4824721373875	17.6808640513269
-26.6888361851386	56.4923520340074
2.943494097871	84.9195359195212
-33.8632365170187	79.7766342879522
-35.4009242624986	89.9650761428473
-44.5378648617504	8.13111087336011
-49.3390325079576	-0.648240582927138
-8.11970079236859	86.8037605421827
-42.5020266567694	-9.46968258439346
-3.83393756794506	83.0620350711947
-5.76458021871729	66.6662285239471
-19.3147876311281	16.1719522736585
-42.3872496140991	8.45402669249092
9.27086669621667	1.08731512039449
-32.3937436226352	64.8106990252256
-38.9411593845215	26.2546971463391
-4.05055138784246	103.829882108591
-50.0603076468687	2.32465772780481
7.26315836017367	13.8061516461258
11.5981669236112	-7.22317299139587
-7.26838422487528	76.0233857366
-2.53028102896032	79.8744155284475
-38.7928343077439	-7.12633459816166
-46.2707434640788	3.00901930951956
1.62475904053756	97.6059559034816
8.04645597897611	-8.91648358638007
16.5220916313587	22.525225769887
-7.98618713992193	67.2849282095411
-28.5869219211435	89.7649557808431
-26.8660469026233	86.9397646483763
-9.75908934820071	95.0089057133003
-17.8502238076699	16.9601502034933
-0.153641897705522	103.031307866676
-43.645842891797	-9.3716415370047
4.39232185599233	8.45263122913207
5.22386649975273	10.5296506553675
7.73837425911613	18.9825094496675
4.40310522946001	14.0164168788444
-48.5807146688432	4.30612594532912
-20.128714399168	-9.0695012858487
13.2896062101344	13.7437864220217
-18.766737093016	5.8986024879535
-12.0598826091015	1.57704142616528
-35.0915338040618	56.8106470845243
-2.57420430030428	63.3113651379472
-20.4282473643165	-8.82210565701128
-18.5702764229426	0.0714620927756927
-22.319530512619	-21.1883108510596
-13.846689899727	-18.3698059602447
-16.3826175209862	7.43448693079041
-0.888390971236342	53.686064964116
-11.9273012929812	22.91652246972
-24.8865905379791	63.3680545704198
-34.7659055221353	62.0089832703301
-20.3180101062837	22.3648396374782
-27.8913858623756	57.3615348208856
-11.3382564474892	18.9296831906424
-29.7576348402967	60.3665784386147
-33.9823377470614	74.0004336002801
-11.8960555157382	6.95412144460984
-4.73190202794313	66.4581301874116
-23.2555416917072	-6.38661801078831
-51.5315201298708	-1.65473549831869
-48.9115912553329	-11.1479569425853
-26.2052948491147	75.4798054809422
-28.2820184829103	67.6945374376433
-40.9134602866704	24.7324308485354
-38.636308501653	-22.5034258126926
-15.7830085554963	16.1195705082138
-17.5199306462735	26.5485297260052
-19.0865944653805	-0.589978984768378
-29.7861349313567	77.9836448517094
6.50107975751075	-3.64348661176252
9.47333603212091	-2.68016730853128
-42.5173817696073	23.0881641715507
-6.19371014364821	55.1712310367475
-15.3555302835664	16.4519594960619
5.17809292918804	2.9631011056224
-10.4694747712689	100.334669978851
-39.1096764297332	-2.25616248090903
-48.1115050849598	-8.27830393363165
-26.5209988118609	72.3042838124181
-28.3997689768151	64.9315161977921
-17.0609331772426	22.6890456907027
15.0540933388984	-5.46140772122016
5.22829918747686	-7.34251456582102
-44.4680347063923	-19.388847356691
10.8355907812058	15.6653256970577
-48.3998066867913	18.3858107930367
-50.9927287057032	20.9687251782824
-43.4753365617282	-20.6487644364127
-45.6164564958916	3.40840207404848
-34.1519114579048	99.2688889583766
11.984480048693	26.1591688981905
-33.6952609909911	96.6754388826554
-14.0301970031294	24.6546692040921
10.470751543952	24.2275767234942
-26.6756191224732	64.874180911483
-10.5947813398953	-11.2397508734519
-15.6321589342805	-19.4769967286784
-18.357916611591	-13.6572001149028
-44.7324422553145	19.9902538518991
4.19461104848253	18.6674091841781
4.90877390293803	-9.88524600778313
9.16887955510838	-25.5637022478288
-4.32669144756392	76.1929032203009
-45.4502966786372	-8.73368790126047
14.4890919637643	-23.9934921906418
13.8737736768772	-14.3127714154808
-47.9548743299354	10.2628874434901
-21.058924853162	-10.8656750314553
2.77932108333378	64.981700539463
9.74946982147074	-8.68995473658533
-46.53637762807	17.0932524823686
-32.7594008920679	77.5959640933026
-46.1601962412935	2.44656338181187
14.6883323500541	4.8829017076314
-10.9210299695295	-16.6443513632698
-27.0691550452835	51.2977069233851
-21.7741470754926	17.6655163303373
-2.32934031429224	100.374669076847
-48.8046688739379	26.0007987025866
13.0126972221516	-8.54860474848093
-15.2634102822737	-11.2183393442182
-12.4426363035434	20.0270555405482
10.5678537669966	-20.0154465411574
13.930834688898	-24.8716104824208
-16.5039002223182	-18.1826120458833
7.43192409678733	-14.5052225423771
8.22424362083852	17.4313037510761
-42.9214242166653	5.64754311337878
-32.3398890152325	80.2602274830333
-40.73799579719	27.7693468167098
-50.6636701434995	-17.6984859831338
7.75999782257349	-12.4247689298967
-25.5639986225746	60.6124115172376
-38.9988124139453	-14.71637635924
-5.0781352985461	94.7658241017946
-17.2304604052573	-7.68326335922265
-16.5250655898935	-4.07967125107937
-0.163073052618986	58.9804246011085
-49.704318340545	-6.95277696304024
-38.5432898116448	-14.5652876056961
-1.42020807479674	60.9173942907319
1.45601959347166	82.5977166192761
-39.1109739392032	-9.73258692250775
-6.57075720555851	91.212151846636
10.2833164583398	-18.0313801972594
12.5186630841458	26.5571077898661
6.74467324294531	25.2990838605883
-2.57765310346219	89.9860307545292
-7.16526879841467	54.9118895080368
-5.37756488324342	77.651095852188
3.13576977157092	69.1415468958614
-36.6882975030768	67.8596625048356
-49.9030821040848	8.11397024620856
-19.4218286827128	-1.38967639382813
-49.2221061152048	-1.13553333297249
-41.1159530600761	21.9322245793011
14.4739306382866	-1.37668273115812
-35.1268911296202	72.6073264480911
-4.52034647757436	69.5350704513618
-48.8131126976845	17.8845220716411
-45.3594640390275	14.3773432667794
-18.850568668315	-15.1816542023621
-42.5337855733717	2.71798219502333
0.203700725352531	87.5816869185599
-10.5321095368386	-1.32016131622317
-26.2733574822452	90.8988763693729
5.50465252133365	22.555714520519
-15.3119170213971	14.3109022737749
-41.9933019594285	12.7107334527942
-12.7023271882244	-11.7444889310894
-15.8370350170106	-15.9729288422436
0.124838374803567	72.4045563389073
-51.5644135567182	15.6867833115819
7.73190989925896	17.76981888198
-29.5084764627875	55.8201251186474
-30.3946982393213	69.0030342968405
1.20156430840717	69.2739897092326
-33.7917011103327	60.5638228689478
6.61265393366437	-15.0468835728215
-20.7408902487094	-6.36898449052553
-12.828473579297	-19.7446742306464
-18.7969562185095	11.3508700603231
-50.2362241855486	21.398656630232
-36.8775722573443	71.9952635715971
-41.0776365160973	-0.796169780415716
-17.4267709774297	13.5733739785336
9.18809649729537	1.77613724894861
-12.2522971802765	-20.6041250358849
-21.7049660652869	-13.5621654027355
11.106860050048	7.57087429237276
-36.5053546796372	95.1870635538606
-30.80642394411	69.818894958075
-23.5347815925049	1.62094548396707
-39.7272160162548	4.71090603579961
-43.2407894569494	0.841739029798775
-3.34351124603628	69.1929128586444
-26.9243194617798	58.1630020586225
-51.567612687855	-8.25982035837774
-31.9467341435061	52.430685079526
-11.2299672023272	4.51577863108818
-32.866714425221	63.6953982150867
-32.6830029839021	67.1761746963542
16.6168375177949	-12.7767550076936
-20.1891948425925	-25.4179649953589
-13.5073553521711	-19.6851981617948
13.6838531109036	20.5417825589237
-38.1273668947425	-21.6056838587754
16.4078909185454	19.6082521244714
-36.5439043919513	68.9489834803525
-26.9718502042747	96.4472211132556
-3.8189875401581	89.0298447325082
-48.338263029434	-19.2021238842274
-13.8267900811314	22.5654972869359
-28.3964861696403	91.4257158769789
-35.9356258450658	69.1023261650235
-24.3529175567703	53.5952038516496
10.5757939404202	7.18932038160449
-24.1588505808658	11.4269544878748
-19.0533921330809	-16.6680403043774
4.18649175325263	15.185060442585
-16.302293932718	-4.39453019075249
-45.4527041380388	-14.1696804370665
-27.2598392503189	74.7118307697457
2.71720011074378	95.1814310811334
-1.11756115181211	81.3657308771811
-25.7406204816158	82.4971631450517
-27.1335075805314	80.5066329987406
-44.7729597443768	-15.6440993924302
7.54748940670206	21.2209827054256
-23.692271830501	-7.04931878887901
-45.0771643321182	-18.255563877776
-49.5251283128954	24.163972653682
-33.5845785978615	84.3288797018485
-0.5280782624252	66.7918547298337
-7.14195285374782	70.7599481439084
-1.15925252612941	71.6392761228226
-0.0147025876619681	73.637173619938
-7.74412738743805	82.7830852063481
-27.7491596090528	65.593202465379
-16.465943333619	15.6306111111252
-8.1531275972814	68.1193874940091
15.5042485477442	4.47672334013933
4.31499773503405	-24.943310226049
4.31296873404957	4.45028572417098
-24.0756483965518	-19.6791014496771
-28.1667478466008	95.3393897762714
-13.0254230402281	25.9519552130197
-27.6972157353405	73.1468542110386
10.7311668971312	-17.254977085685
-2.16854633050526	68.3013738544039
-25.4152112685171	52.5772382891741
-48.6824283880447	-3.30655017705622
0.82294750394632	65.2440215723765
3.79945381007738	-20.5405127470148
-27.9644487806837	84.4745735139526
-46.1176771510622	-4.71975125803032
4.62801801816202	-15.0524115329145
-21.3074519588981	8.61176861547195
-18.0669490321441	13.3013492027622
-26.1310815157789	93.8078587966412
-9.50051065071643	82.2226964525765
-2.99100241008128	92.7114142759246
-50.9851532061493	-20.4446475293508
-36.8113890189362	59.995966592655
3.96976292269342	14.978296313171
-16.4498050373373	18.9035607409139
11.5414528284224	22.9649413464521
-31.7693334913373	63.9985001189195
-22.1085900326955	19.021761067666
-41.7603240780288	-8.44833588559623
-15.251084943002	20.7523034372532
12.6894002129413	-10.8595351162561
-39.4730825699906	-11.4115323623119
-34.74042364959	63.1303143241044
-39.1879564848853	-3.07043772940028
-23.9670284095817	-1.55436286530049
-51.1865458596044	-2.16246259107618
10.235278962041	-15.579724445424
-42.9639709941071	-22.8159930769602
0.992218312243942	94.7172988466027
-23.0945553327568	-25.5905404298099
-26.10036449623	93.5174513967474
3.08781850134859	96.1936399885494
-16.2836939629699	-5.29179020508522
-31.000572345852	74.2232156752034
-48.718638937464	-0.743440102232783
-9.96897666958784	91.0260060341028
5.77811174798837	5.19628370793283
-51.5296290017332	-17.4888558408561
-8.50521182263042	60.0591457162848
-10.6945808342172	14.6101934837196
-19.3177105408334	-20.962721030496
-25.9617559404969	54.5426880833434
-7.12606811282638	87.3720299917407
-9.75152843790952	84.1690304887495
-41.7320501608862	15.2169164290089
8.19101570933685	14.5207457837312
11.2409828138102	17.0269865959317
-31.3458267064726	80.9629529827892
-23.8598711764802	14.4585462539225
7.82947731874938	-12.2887348717686
-49.5098092753248	-7.47674106768535
-13.1173633441216	-4.26719982192697
10.8171269241826	21.4959932146092
-22.1606554587468	9.02094689762502
-29.1394888911308	92.9898203211702
-22.553959640242	-13.4807887651247
0.0444768405936081	101.199717503259
-0.436768675737753	94.2669302190512
-33.3910154975641	62.1395115993701
-51.1697363869073	17.9684317082255
-16.9463879217756	24.7175447453236
6.96285384923153	19.8619582392044
-17.7913488939519	-0.213090071417502
-39.845310496886	-10.0949455801011
0.159590373024626	98.7059063198885
-34.5235799156049	54.958694537884
-30.4820603572381	99.8366316281858
-46.7129700460479	25.9026980475567
-30.3942005670308	53.8190738711805
-5.53996523254632	54.0715288699555
-21.4133836826257	14.9227453037228
-19.5067627092353	13.7264979691184
4.7854743717798	25.6643427392733
-27.2584253462526	78.6019035357429
15.4929889859723	-19.7968382069728
-35.7814864123368	57.6516157780998
-0.769342415246224	89.783521713221
-12.2909579767623	26.9107854040729
-44.038533956259	11.6644490155383
-32.8153967427419	72.1006829271529
-18.7887404477691	-4.89973437295053
-17.4425846789689	-19.0848101991243
-42.3518801325043	-5.15703952333526
-37.6801710663706	79.8324741261935
-5.21370407953838	62.4292848287393
-39.6891769334633	-21.1377091101618
-42.4885030620874	27.5047962545769
-38.1060360248585	23.5452483415877
-14.9434943624937	-20.1766358588204
-11.5977468347361	-0.380109119108943
14.9921444133604	1.68093634663784
0.187801445479326	103.645433418172
-3.42684986805987	56.0166117936483
-37.9530127555218	13.646467492871
-35.825574009009	81.9870686548662
-18.3272998017894	-3.65787980370094
-22.5142206863791	-4.82214739718516
6.14461418047311	22.6476072119668
-50.8479793739997	-11.7251089022159
9.61515487338543	22.3759394767226
15.1769770652407	23.3092998720191
-26.1684729521469	69.2189250455193
-49.2791909948577	5.55534703144205
-18.4060929085797	-19.940554935094
-28.3490033895658	70.5441271559051
-38.3442907215054	-15.9200584101478
-51.038821425842	-21.6642786887395
-37.8937985276749	63.9735948925888
9.50220214738852	-8.00799130000813
10.508454147761	16.5602934790845
-25.5378043594662	97.3261460266652
3.83703929378974	20.981642824436
-44.1819098261759	7.06858481557694
-46.8579049778241	-24.806401787864
-35.0384052031627	75.1874905156295
-16.821100735871	24.2823068307036
-9.53749123549659	57.7240841627228
-44.3638183965617	12.652628158373
9.65195483853186	20.4413041587122
-22.1183119134653	0.587049266690864
-38.0998393540665	6.6164806606198
16.6762530769363	16.7276304213504
-28.4678455994029	60.5546857804262
-24.0829581195948	23.9191667485056
10.6431121137157	-11.9793752961919
13.7391688966673	4.68534805316482
-0.619244694410084	103.617650466702
-24.5096991591101	65.3009873964877
-7.68771825903653	100.051093385364
-18.8998039175024	23.1708756775791
9.62040909565791	-24.677302054971
12.7582088298003	10.8624905944763
-21.0173589376604	11.8147023882371
-41.1790429398896	-8.28633861636022
7.16738092969944	-21.5932533030379
14.3207791311901	9.96981653358117
-22.7862312353972	-1.08518721087735
11.3971051517918	-14.3384807656356
-15.0829679962583	5.02908510421436
-8.63170831576543	95.3604842207469
10.4451396683989	-4.32029499142036
-26.0091534196353	76.5841913904306
10.553189942878	-0.635493412373358
-50.9007485432825	-19.5777249088816
-33.7126865832715	88.0403470668433
16.500631025017	21.1252892787001
-30.1390661387525	95.6610006799697
-51.5220068710104	-17.6568643800228
-45.5758596007453	-17.7162145804631
-40.6945393163858	26.852838778416
3.90840000228965	-14.0715515989503
14.8379105958302	12.1386070472539
-22.878302438783	10.8124177297925
-18.0633095150351	22.7327913277599
-30.5639003841932	98.0480704698101
-51.4562182034863	21.5092555619515
-38.5126731346205	-3.8714627826104
-34.6881541663343	95.186903844887
-7.59229374337063	84.6592533600964
-19.7414697300157	17.8904290235911
-47.1142535396095	-23.1917285752982
-47.1732050492316	-16.8145835129569
-21.751603454474	9.32474927466127
9.12388774245466	26.4021974536282
-12.8896487333605	3.77385017352255
6.87421227416318	-21.3441681395394
4.5483626860251	-9.65691876432303
-5.30793689305711	68.8629488720671
0.212466183118555	102.472782715371
0.25622877765365	81.9077310094852
-36.6160454459529	67.5530428861295
-27.97484520473	58.0790703915629
-46.0413888142466	-5.53220590818039
-32.0620026544077	62.8203975357376
-18.3989886721177	5.73967941018836
-28.038027636403	97.2110315252615
-15.4508426118776	-5.52446365972407
-23.2926447531895	21.8971416434562
14.6861729015984	9.41664492924399
-15.3043196851059	-6.7160016359287
-35.0103673656511	56.3665654129096
-17.883771990455	-12.4618964085692
-29.9249836478446	67.2982761783464
-24.4661397020191	81.7497344623468
10.2706945019111	-9.88450415149809
-48.5440232440065	-17.0854276139586
-1.4960520590376	92.0410372594653
11.9333787880118	20.6114151519889
-12.5466281845966	6.60660133834336
-45.5644430725822	-7.41603546635933
-34.0506362343328	79.4369004963458
-40.2886140536538	22.8514640439194
-21.1997868937365	-22.7312120878781
7.20191271175738	1.92436358604446
-14.2622414319405	25.0371675241551
-7.06015812857472	93.7313124670047
-14.9003658209015	9.74959214065972
-21.1093105098753	20.1648497320505
-14.8037893531339	4.84098107080925
16.8368963883136	9.16349804621652
-36.2766550456627	97.0624071752677
-19.4449799603006	26.1720778063159
-10.7206934157396	-15.8770234468871
-11.563586387377	16.4808631872097
-16.7994243331345	19.9117111083702
-50.862224165438	25.0167668742809
-30.763425125443	79.7511401579909
-19.5014415584679	15.9826362611202
4.71498824625653	4.34573011938971
-46.6289571308847	16.3509783154201
0.62095665292714	62.5684915555437
-6.27134831733489	58.5079066914065
0.354695390786259	103.746329322134
-44.2006452723323	-25.1014727768655
-48.3251942279981	-15.9724520975084
-42.8465217771912	-18.0880588520216
9.3179453851085	10.476755390395
-7.80083995337792	97.9915083663909
-20.1739956560676	13.1806232289449
-25.768152452901	101.506339876306
-28.580918116608	100.776405712691
-51.3540717229093	23.5912792257708
-1.65711647586899	75.8923588770027
-18.1980685267599	14.6088585318421
-22.4006014758385	-22.3144448441176
-1.28514524773177	93.6116825801321
-34.235376271571	91.1242373696642
8.38990889071847	20.7653274125638
-24.8536024082657	101.516555255021
-49.3314704560075	23.20410192913
-37.0639456046829	56.0594922424644
5.08810251718391	25.6777298414471
-6.62402608683006	83.5752798512011
-37.9686217306092	13.60882701337
-26.416778059273	103.804153462648
0.807448752589124	58.2024003094551
-0.0965074395090618	56.2752897183259
-21.4157604926132	-15.1309272344311
-18.2671587361783	-12.4732726687137
-8.67148642741228	83.3192437533415
13.6813980754259	-17.0454977046656
-25.998260347625	54.7533370495235
-12.8062133842408	-22.0211071003939
6.44062957953983	6.1577079574586
-45.2696749409976	-8.3507359114372
10.5723799011119	6.27623787811393
-16.7736050757326	-23.7584227540464
-8.88612256291328	95.4752571921738
-14.8536363681688	-25.1417470176692
-8.455159930445	81.3286947459737
-35.9635432693658	88.5221505859494
-25.9627006524026	62.9786622091271
-18.9561579585661	-25.3435425988728
-36.5625487649613	77.9801952254592
-26.1193538597677	76.87651131485
-17.0182925478232	-19.3039160820741
6.1122352662916	1.61591728906547
5.30069942420869	-15.5785731752372
7.95892011101446	8.9592838975484
-9.94694949052847	52.3415393990223
-47.4107579788984	-4.17949439093908
-21.0005244196725	16.4902365577453
1.67269513388427	74.1439095098323
-34.7137509459025	65.1915206175901
-15.8587426154101	8.35986573896517
-11.2825426127381	-22.2296835801161
-26.8928609108557	74.0644585339152
2.64481475870946	80.1215762547763
-4.03128689600575	60.8014187133741
-51.1768091641221	-22.1839710564927
-48.3005787866455	15.8876184729596
8.730144043704	9.15602786067856
-49.0898415896878	25.8208179683075
-43.0376060847246	-5.51672384975723
-38.7511551648267	-3.95445276148414
-3.49973487830277	99.1225920693652
-0.0559924388167664	82.5649900112978
-28.4338655845208	96.6331936543136
-27.8699049147928	78.1565064647929
-30.7417565558779	52.7117935092159
-14.4431026045834	22.3131134631074
-36.6730219462075	97.7569909330541
-27.3375639639056	68.5163676041466
-1.85259571445345	90.4249479217799
-42.3753510107872	2.03613862188597
-1.23244636897959	95.5624204496093
8.9684498870868	19.8456811396842
-10.0094736369465	95.412158230938
-47.4717240469229	25.6585144540754
-46.019073882429	20.6791001708183
-18.0781866050863	2.90714738720814
11.0568761617182	20.5022730258802
8.40569678993995	8.08510009356653
3.69839567230004	-18.1445807152452
-12.5851541523956	-4.03430497111924
-18.0341453505126	20.3728714772057
-34.5574409319328	81.7839859795675
-5.74983239471898	92.9436948009109
-30.4574235381383	99.8785310974398
10.6775211305386	-2.46253455595979
-0.600227615151443	72.3072282669016
-23.4183766671241	15.3658738662564
-40.9871362723201	-16.9843013360789
-27.0655618416724	74.9091387887306
11.2462376997273	13.6530995563432
-44.809643444414	-5.245769607773
-11.1497009348641	-12.0437424035129
6.01995254302035	-1.38065233622931
-34.8586673307755	79.7152058717335
-39.5899841476523	12.2591791656538
-43.2821964508404	-16.7741264165019
-34.7563459946345	62.2986913136635
-27.1100096452861	97.3737727608651
-48.6706630828205	9.65840010026428
-9.57196476529681	62.8364262982262
4.77937186238542	14.4416947831353
-0.22363449525592	87.9882143017353
4.1320849205812	10.349465010363
-27.8289561683658	89.6440886566222
9.5487586956128	19.5285182647977
5.72837512716696	3.7460559424142
-51.006160431564	-16.3532270339337
4.42137843507468	-18.3803937376346
5.52634113645962	-6.68278105362893
-9.61135447098784	60.2554741611431
4.17610529582752	10.83526876339
-42.6155250822236	20.7779358514871
16.0989920518001	7.56359601188302
-29.4224141168396	65.9826577950732
-10.9310955995096	0.377500611540875
-28.1038265783809	93.801835023301
-2.78593008866949	54.7858873297997
15.2786397905568	19.5180056176434
11.9078888178084	-24.4999218476195
6.5002111379959	-9.46770922411451
11.6333242069316	-6.96416155995547
-17.3874162814833	-18.2238440293187
-22.0181193788622	-2.08790020891567
-20.5847936264439	-1.33380903884976
-11.0491873457251	-15.221366705355
-19.306640370326	-11.205677516945
-19.6387436754992	-3.82833881192649
-18.6461643496581	-11.7416844043179
-32.6878389486955	93.008541944169
5.78718180792242	7.30936052235727
-45.009843601016	4.07616728376877
-0.896755085204151	84.3269350656318
-25.3845062176967	72.7776963288529
-33.3621529620264	101.762599299725
-50.8562879230036	8.92467728626057
-0.253123978760499	74.888070327403
-51.521391292243	17.9010822638239
-44.3726878264295	6.58403348161446
-36.7741303158139	70.6658469193402
-17.6445602989109	12.2003079988986
13.4943816329591	15.932023884518
11.3624486076702	17.4892421271628
-14.426142438625	-16.9330708874689
-18.4359034378396	-21.7064841976246
11.2442834345922	16.8777484936798
-4.72888031537454	89.0373536952162
-16.9785371133936	-14.4522148978858
-17.4373244340157	16.0928670963162
-0.180495322479905	97.4733268037346
-45.9327294431001	4.80429718963564
-3.90888239734939	56.2377005090741
-14.6756184195409	-9.10996876553029
5.40807229172161	-23.553810912174
-38.8579557778363	4.84225332581251
-6.03321690873377	76.0160906046738
-18.780057211793	27.1133874106398
-6.23595864558491	64.450960698677
-16.9408787703797	-6.54634706347439
-11.9782837203127	5.86569548759279
-31.3604509731729	67.3922526112783
-4.51420275321132	103.538879018832
-15.4421401310944	-7.83013037634948
-44.7763335409018	-20.3562357340376
-18.0655040645275	21.3825596445534
-7.21021975593707	55.4757398920943
-16.5446536540206	-9.97816892914333
-1.60051911526403	67.4775599718669
-4.26532945898501	66.4929855941477
-12.7457804621679	24.0518986237151
9.12829543609706	11.4669056072251
14.3818717227191	26.590837893163
-20.1766992220829	1.69842959533894
-42.3505733511995	7.61945147570907
-35.3858677657354	99.7545470259565
-32.7765567237343	80.990936144272
-51.4444092119519	14.6783901174398
-22.2920663376748	15.0611573633209
-0.794894911140701	50.6144261044639
-15.8940481392537	-22.3789354183139
16.0526385966091	8.02474057231067
11.9097567176165	4.12892560083955
-21.1839793203116	0.809507715551035
-27.0179016326363	58.2145230272917
-36.5832570529062	96.0590707325886
-18.3658092921189	-18.5671964497981
-6.48007511647017	100.357533170768
-22.2584606421299	-7.27197673440308
-9.55282268179826	58.8645691603825
-13.7826498155271	4.84672875424201
-31.464491249228	98.7453565084131
-24.1561476099677	-13.2588489043482
8.81615295169375	-12.6737630667456
8.08816971148502	12.0850701552079
-21.9396322333177	17.8520198194696
-22.7935394035981	18.421671693357
8.48289333425106	-16.0528498981148
-5.71068786813774	72.1784747792196
-5.92456049681232	92.4324530602533
-29.5496123912521	68.9925173100163
-34.4206866414432	76.3033064301649
-17.3950349159793	-9.59233732125445
6.68873466208715	-9.23330181810739
7.07001707136475	2.32549095980114
0.0834808970783076	71.165651279885
-11.8806473376508	13.9831585010196
-24.4522242610905	89.2211664957508
13.4401435796752	0.968138385640826
7.65387697665606	17.6076038682823
-9.00747406814292	60.5573414404665
-46.4579588666356	1.40015107763115
0.688480460671942	96.754778319971
-6.193053928953	52.2065814676877
7.91661521431511	-7.33411414686563
13.4427195375424	-10.8912427643803
-18.3822596732335	10.6248917798422
-30.2354816402621	90.3729198051424
-51.0144418087112	12.4257677538802
12.256927525492	26.6711178634628
-33.7914103665119	69.1790305058605
-46.5327694296315	6.69529081109793
-6.22544832268599	77.040004987038
9.61589473080272	-13.6144703208759
-26.9595220235379	65.1203389956804
-39.3852823648119	-13.4692306915852
-27.9130437435122	53.0381956893378
12.7104042850369	-0.500684768304091
-14.1072678767923	20.1601190540156
-32.1615037495462	88.613469730528
1.75788626226264	89.2679490064594
-14.181396081159	27.6844709960154
15.0592092620654	23.9124448663479
-40.0227360797152	14.9037262086027
-31.7778621105396	69.720115841381
-30.2969779001332	66.3942345106359
-30.021847270783	92.0066288373816
-2.70133141408853	73.0320343469078
-41.3080013731622	-9.78743045850352
-6.61426877749103	89.3068332715572
-27.0007984188386	88.7873011390434
6.286116527947	1.05402019538471
-1.46948259363891	55.6180074188567
-13.3748797851781	-2.57032868542787
-17.6122207893723	-23.1766222082849
-36.4306473244128	79.271534916794
-48.698233982085	14.6548394497185
-40.7377319281567	1.09395468948933
-49.3895323238838	-16.1050418169619
-31.9256010017618	84.8032610956632
-41.7088301994116	1.21316428571919
-13.6815428041574	-6.13075210651201
-45.6037488626719	14.6010801403233
-46.127197665523	-12.1644871452088
-15.3103272128029	-18.2592680372662
-8.53835043131978	66.5212084060845
-8.83166253234861	51.4226901187473
-47.6034738439891	-14.602171481394
-20.9077066398836	-3.78803970836761
-26.7060691017915	66.3145213090639
-10.8775573602565	-11.0060876306454
1.18453622746007	87.5074386912726
11.4327288369885	20.3990522342562
-11.8570540572149	26.4109246259408
-27.8595110791048	75.898551838734
7.41932114576987	8.47829252979145
13.0005000720555	-8.11469592309263
-1.72058974288815	88.8731646328188
3.91450185952388	10.1919418279399
-9.7914045137792	96.191039601261
-34.8156282182537	73.1746870253256
15.6496333610991	6.39083538411679
-3.31758083532394	51.2854845658026
-16.0187155982543	15.7961735906836
-40.4927208571704	14.8760208781389
-37.0973802303201	69.4911348652911
-31.1581754453375	101.095010168835
-30.5879225038493	69.428845291421
-4.92760464448909	50.8184054450403
-20.9551898847068	-1.41363656567869
-38.2056626577078	12.2497991898252
12.8541532198884	-22.4896462402931
10.2349008448724	8.90201602631933
-45.8121467837083	-21.4588519934728
-33.5021913549868	56.388219191096
5.05589047355709	4.0067701153053
11.0927529386502	-15.7151429996569
-33.7607784160195	71.4725216896852
-14.4762968592434	8.70767278964478
-22.1646448716829	-24.2480562117802
14.5214625102966	0.161625850317589
-47.2473332532928	-14.7478483681443
-14.1823848843918	-6.27996293002893
-49.0199384057973	-7.17816454507699
-42.0054344596469	-16.1262917272385
-5.37071743750076	88.3716722935746
4.17227989185675	-4.30587457425093
1.38926359875116	91.7488037804764
-16.065858086916	8.07001943921307
8.50743975130406	25.1588484961326
-20.8595240421155	-10.6901077593479
-17.1022714641592	19.4392421640407
-25.0971805285485	71.4710600988622
-40.8344596697232	24.5586785897775
2.0060002363682	101.883773194541
-44.2911198486126	-18.9782244563218
-49.6105135637333	-17.5045770701473
-34.6957106431718	83.4136690018146
-35.8429753718848	78.630208328885
-9.95008038780845	98.5023669876027
11.1815392668665	18.7833673449058
-30.2176670827729	97.9734215548659
16.0887203869106	-16.5815480082294
14.9947570967814	7.42795954117562
-0.128002943249592	94.8199124647217
-29.3328905230971	103.087814987352
-27.5534613772297	67.5982044241751
-50.4184086139107	9.90300450230975
-38.4296563187432	15.1218773400283
-21.1772431087312	-18.2533049745331
-29.8699785829318	89.6531290985176
-40.7708259428122	13.4387384675852
-8.21796341659254	83.0816834989834
-1.7161586536878	65.2066162358129
8.37063050995237	-14.7041146079097
3.47335618952329	19.1767553288448
-46.5447487693485	-5.72264690622174
-51.5153409525688	-0.776983970156757
-41.0409849963667	25.1918038047899
9.04966558874787	10.2959996660234
1.52475073316054	101.501860274772
6.30953951612178	10.4761164554806
14.0144902918628	-7.22095908728837
-10.0545374806349	73.5344480585613
-20.8313062342733	8.16926616461261
9.19134945648565	20.2732241077863
-29.8314273901471	53.1869110460201
-23.2214848625858	-11.5575943525129
-18.4785499954152	13.019358166438
-2.44045072898778	94.1351992812694
-9.53330012538502	91.8375811736002
-41.4754328985812	-10.5544840639246
-1.72062664222964	82.4448496274603
-12.7802365169705	3.86364382901459
-24.0561862084003	-12.3218534256031
-36.2965829332535	93.9203068719441
8.78704387295421	19.6996700936239
-38.2116391181552	3.46317474614927
-1.11230470518092	93.1985137678345
-32.2187224540323	61.7836718421766
15.6659865995186	-10.6279142542311
-38.7171887955963	-9.97224904123606
-15.6404611446447	-20.7974870166874
4.98605939723954	-3.34920513244244
-32.0267057953786	101.581829135202
14.9281109687053	0.564962516198238
14.3749561658118	-16.8528720816397
-28.1093378258555	54.1036114984222
-45.0874096399326	-2.34931051114571
4.97991017773138	-14.9487237196887
-14.7859459971753	4.50361156960026
-19.3343187624213	27.484697590812
-47.7664654405164	23.6745149463842
-37.4476786694204	71.9492033345837
12.7516366083258	-10.2133928564133
3.06243144852427	72.7559884373672
-24.4542259907338	102.447555844036
-22.9085946695909	6.78923087332504
1.58111569505795	98.9926949683729
-24.7371131774943	57.7113927435641
-4.76097929516702	84.1379774579497
7.01565374225949	3.3666395514133
-36.8616045880648	69.0693048599067
-3.91708245056743	67.8579486337224
-21.2708240112757	11.4108966675486
-9.33874410099826	59.2188507755247
-43.9772822713814	-9.16909219074327
6.12905668123867	26.4185899843362
13.4707043707558	7.21699238787605
-13.4178023011737	-6.52935395019296
-43.892908985121	6.9141276322532
13.5843313701519	22.7452015818333
-13.7631676141934	-25.5115549334519
-26.8012241658893	76.2909101307375
-4.49881922723358	101.097847249035
-0.952202147464631	101.997801930311
-21.2026147349192	-17.3889370602891
-2.40466140199564	71.9678051383506
-50.990028768003	-16.1719525739546
-26.9300439698918	70.9050042072965
-24.2760713809439	89.1708567540234
-35.73948048216	85.9285408330336
1.4578592134354	88.9605525440844
-8.44355905197147	92.7968866357775
-46.0750973429745	24.2350623305675
-39.9091524633634	-9.09977850649623
10.47301486783	4.50151785189765
-20.1871075464109	-17.358071962853
-50.8930239295751	-14.0580124828203
-0.0818198758648294	56.0778030186023
-19.1447384906107	6.66837613104074
16.2294584079111	0.970736308727364
-6.46884319382339	55.3838052033796
7.90710797224856	-2.63949920245027
5.1399820754033	-21.1650166867577
-2.22242609600611	99.552264065146
6.86632745627445	-18.8613715634887
-22.5606167295129	-6.58492270729904
-3.73873229183316	76.8018505008049
-34.3156168054264	63.4553089057635
12.114971295497	-15.2312499089579
-20.252932241878	-5.38519337155036
10.7258506119427	21.9147466085539
-24.7950089696354	88.4904346988159
-28.4222840629613	51.5142244513455
-29.7121666852513	84.4667102614426
0.301580424080496	78.3106261953175
-17.0137764449855	-20.7258150084295
-11.8328718963291	7.83812576329204
-35.4697316843	90.8657351631807
-33.1644314030082	99.2461714161999
-14.3536571876971	-9.40209953295422
-28.1652730508961	58.6844233896438
16.4088360448533	16.2842551021024
-14.4918937064986	-3.61132082658732
-0.567920115927369	99.6445331297644
-33.2726432052994	89.5269688763828
-27.4342828594697	58.826896480417
-40.5426256477551	4.58838475418142
-38.3917535895592	10.1413358250613
-1.75076254679593	100.715707551434
-28.2424358865491	61.812268062563
-29.1086755210142	88.2225355712865
-19.1512232851963	-23.532833061969
8.57426924877405	24.4432690294197
-37.5165419635468	69.4243031872415
-18.7298897430397	23.6636735738542
-34.4385553361321	92.6263420556123
-1.71727290275177	84.8395785539768
-34.9123452136753	101.217877270256
-21.8002842111183	-16.7011456504056
-6.74808047307925	66.8385126255927
3.41528604896391	-0.293129509215716
-15.4751846881653	1.83266656083937
-39.583411563512	23.7260698051669
2.49761866683039	57.5234268977242
-13.4837673181201	-13.5057961261555
-40.9777066798627	-20.3983525585378
6.28258277128574	-19.0516551375802
-14.4719153132899	-0.962793546992518
8.49745704162554	25.56336692953
-44.5974486006504	-16.0553452862227
-18.6453801906939	11.5303834180236
-35.7388124088629	78.6870651798719
14.3398437076672	12.6795051865974
-0.39012361256191	50.7018951528092
-25.8959680581307	65.3695784906979
5.51461629270809	3.18997471094058
-22.4522819451498	5.06741306861521
-8.42982814526164	99.347606774482
6.66175886802014	18.8266309605887
-17.125675142933	26.8905613787024
-43.6096459282876	-17.6577992564042
1.87247617922331	85.6577949054145
10.8030954107387	-17.3757488898964
-21.6909820472088	21.8459787264925
12.6981206810725	9.4784678383346
8.13516134932079	-13.697777453418
-51.4680130589149	-14.3783384777972
-38.2749153070445	1.00966967025657
-12.9054177308887	10.9145610350566
2.78482555179695	51.2561760474296
4.28567015567568	-5.92715635807109
-42.9895540914345	-11.9943719427121
-31.9575383960307	52.6741577836768
11.1395525814728	-11.8661728665607
-30.958763628904	70.1649746122348
4.14679356534905	3.62391183348105
13.7948798839959	-15.6554864666836
-20.1952467786163	0.605262414029979
6.76770446868095	-20.407248526842
-18.1216452647335	17.5452239582753
-35.4175442662035	72.9246710282677
-11.348472056234	11.5144931337507
-14.0683425460591	1.53523104882376
-25.7904884968518	72.671365585274
-6.10945737630031	87.3990243529601
-44.8354999695402	22.935200320211
-46.2262331890574	0.551002481243058
9.5981487322079	-11.352756212885
0.914087233164597	84.7586352435333
-20.6884198798799	-12.4243523914401
-45.6388796731164	16.5036520539861
-0.695965875146789	50.7217088477323
-18.776747610039	20.0133363299465
8.0151591654487	12.1275945684937
-42.1762162644728	-16.1160096217819
4.26227250951214	-11.2688097066263
-43.7562603237643	11.3715861670029
-29.6332452306244	88.0109034894141
-28.2422425563431	61.7761487478241
-27.3489182759416	50.8872283083672
-7.91908618085244	58.5160108027603
-40.2435175781656	-19.0452313465814
10.6717612839909	-16.0561865967118
-28.0882461421669	89.2043603238314
-22.2694581348132	-16.6641875883347
-37.4428655827769	103.858151527109
-9.72219180111444	67.4725458564593
12.7958009608545	19.4067121858116
-1.96721893597219	66.151882382125
-5.03268827583474	70.7053987094626
-29.4633890493631	76.1782742623093
7.64276667639123	19.1275121777503
-5.80361160143486	96.3700447217126
-34.4928698899455	90.6681049420648
-11.9124449024497	19.7818984245788
-16.5177063802485	-17.4994360190863
-31.4171527024296	51.1270354975689
-30.215122045756	59.0092521941526
-29.8037936251322	77.5788734349623
-21.51877545642	15.6470191442413
7.46032762948754	-8.79029150111927
-14.8373796123299	0.495132923263609
10.535967843525	-14.1078687559064
9.22072268337818	-0.817483973171723
12.4389538170849	-9.39134629449369
-51.3509768161534	19.2318252407655
-51.0024219961998	-4.89710178601837
16.3242120521402	-25.2650876026745
9.41693259547366	8.73152158770369
-44.8153763050929	4.98610433909312
-43.3042326767703	24.4779783164208
-17.5927892518653	10.4650797778901
3.36983771238693	16.6492312129146
-23.0238482601566	14.01091574953
-29.7350456526208	93.4641589024302
-35.368688642367	51.0744782829296
-1.05003653721052	78.2867661060976
-8.60871375926989	101.215656015953
-35.412567324476	86.7571688881854
7.14784911153843	-8.15528459496753
7.10220712932066	-24.6565874094745
-41.6629078434666	-24.720781272165
2.31903232469108	92.0618812452122
-47.7642514111425	-11.0711173955588
6.50528800312982	-12.5301979776078
13.9669450444099	-13.5750703679285
-34.6603149301718	83.4296128868975
-32.7302727077588	90.4595869146485
-36.6538873380159	70.309883714853
3.41882568751436	-3.07865680608106
-8.98640465097151	62.9712344943078
-35.9980383649078	59.9979988505958
-50.3260682494131	14.2633520504871
0.259908707409367	67.1222522291484
-6.11454083683397	69.0850759926813
-18.290876016672	-0.229584168332015
-34.7459737000651	88.9122852167787
-24.8587265107883	90.7912276362142
-16.1496257545809	5.28719594746432
-40.9063070336716	24.9857747048883
-38.5278073278964	7.03749942384516
16.0361820012521	14.0142319505052
5.74065980117891	-20.4921138645847
-7.18852488393273	82.1108735234584
-33.6046209937365	60.0274059560988
-8.58836311812838	92.5313710115575
-10.849919227452	-24.0166266591291
0.306904776946129	69.6683705885949
15.3901351995646	-22.5516222717019
-31.6056787796308	103.687307109733
-49.7610812242966	-15.3621973667129
-31.7969278653561	53.3450938041624
-9.3712874650294	65.7665400564654
-47.9534095700001	-20.2112201269564
-9.6892873623674	66.9147707090655
-8.04815539429803	69.7865382469131
3.65165511696924	-5.961579552197
-6.70482458907238	93.2293411353963
3.78074142539489	25.8137051007159
-44.6183428093055	4.78852337501834
15.4406597066779	18.9827796291975
4.43345993753723	13.389442160798
-7.5616532706774	95.4264378712869
-20.5212361255328	-24.4558696028864
15.6998917712076	-2.65842161174438
-9.12129965701664	77.3438160932341
-24.7842717586146	99.1087264826795
4.07665515731186	-16.1542981138848
-45.5917350448337	-15.5835614192265
5.00326668629017	-10.8368104287034
-38.5371298844367	2.33764105499251
-26.9923083228564	54.440442716395
0.820883614192519	59.2942986234402
-14.5723281076612	21.0706066896689
-28.9518353904215	88.6563599297738
-30.6176463318488	97.6574295017952
-48.8029237049254	-14.8259641854442
-35.1340260425312	53.2188047173226
-33.1841303345843	88.3374347408275
1.82112329332584	97.6520269274351
-0.786393673335073	95.8029202936851
-44.2989800547645	4.74116224535854
-10.1816731012674	60.1130317749036
11.8155849106316	14.4051836936547
-16.9194290195273	5.22555960825714
0.940081206105583	82.7384768829262
11.5077088727991	-2.97125210535761
-46.248502791196	25.5133600551464
-21.9483650117946	-2.82698165274077
12.9525304740307	-4.67174873474063
-26.2325123997759	92.7079517365661
-24.4901587230183	59.4198545890444
-42.9310339725633	-23.8200313791325
-42.0144378784347	-14.4900763831886
2.85468344856358	65.8040958203849
0.831633023914616	66.6013048470077
-15.033732330521	-7.38798647790968
11.632748698793	-11.6158475763238
-0.666511039768978	83.6384526863185
10.573308822247	27.4669741838085
4.24154561173538	-16.8332600068351
-21.0970655843742	7.97642007814845
-39.2209032575498	-17.5649411065092
-27.5181689797456	76.4691041571931
-9.03845633398162	53.1570606801099
-15.8623129713173	-23.1272869099739
1.88379735582888	55.0306928534983
-8.77584949915066	54.6319604863982
8.00254880111404	22.7228587231948
13.6400528847701	-6.82730420492844
-23.8548953903301	-9.96192393889356
12.5039842078251	2.3405258474479
2.56054430941118	52.0670936930833
1.23238766677762	64.940882434168
-10.5389279175507	27.6184491718049
-18.1481652508059	-5.73647598446342
12.5354079774319	9.22259743408245
10.5242589347076	-2.79211460972304
-44.4373736553641	19.4321220532299
-45.4857966301993	12.730864063113
-31.9374785441074	51.4708819078611
-16.2798065233637	15.1166550449922
-5.946767525803	80.6182204214408
-38.1690364633614	21.8338515387052
-13.3312862015006	12.3989106889102
-34.5037619601615	96.5335920398646
-45.8090304844064	-20.0782964023791
-26.0544149441422	79.1061240047821
-43.7825883949715	13.0264268566177
-36.0608898296815	70.3924508261729
-25.9223960385961	81.03583174233
-35.722516720777	69.4357974969161
-46.7651438615155	-1.22970603653912
-27.2753667316649	52.3715280712622
-20.4982898249401	23.2178766663236
-34.168557806403	75.2342767264817
1.56403874315239	86.6578954722318
-36.7352914990579	70.803980662117
-50.5239628966697	25.6642791158666
-10.2300410520744	65.8797266849788
-31.9895317723494	73.221163110544
-11.4497379872349	4.89416901331842
-21.1952829122461	16.0027635437509
8.14258747160033	-13.3507271768475
-17.0784144486799	-4.11738398433523
-2.49269362667145	96.8528711801628
-45.1199593528218	-1.62035137071706
-32.7268769216895	59.4330032317116
-26.1080926261016	65.1474006382503
-25.8605617030662	100.802472087909
-18.8459674941965	3.92919895118492
-28.3469645682528	70.027526281787
-21.5538996161415	25.8097831080988
-15.0885883601366	-10.8155794967569
-6.53214707455227	85.3550143685587
-3.28391188743043	68.8510295758843
-16.8797286819526	-21.9901647139944
15.9495032315555	9.94420985487238
-13.0294127538267	-24.3876331555912
-7.26675792553475	53.7129096572317
-12.7719628224358	-18.6070041907053
9.86544579962357	8.75775434452538
-28.5389058368387	88.3140453180115
-40.7342426992645	-18.1610513200453
-27.6931971118462	72.6722031214346
-48.964092005234	-5.80062253286738
13.4642038301851	1.67465650173579
-5.51246252859255	57.0722750281432
-7.14718748609728	70.6513649192488
0.498323256735944	95.5353818491869
-51.2075240947456	-12.5275357307127
-33.9838971100579	58.4905967127423
-3.98319411179865	97.8530540494512
-48.336320116465	-9.25360128970459
-39.7845848201565	-7.41930543044569
-28.509421754082	56.9801800023536
6.12749714941186	-21.1953989281518
14.6371941823706	8.85351796717679
2.54124431193413	95.6028896840036
-22.5907044635342	17.5929248387166
-25.1963665481381	53.6202792670411
1.40656210261287	98.8832437983931
6.2333762955084	-16.0812011380545
-47.249947616058	-24.2513131938414
-23.937149348962	0.46603224557753
-33.1502551221587	77.7991403900963
-15.8088790919541	24.4207678126707
-50.6771443487565	-8.4721694217726
-18.7010249939261	-3.42878858019728
-31.5748613935656	52.3926953324524
5.78627080729082	0.0603658607274968
-10.362761964373	91.5849803826666
-42.7828637877394	-23.7835360574319
-6.70198188014499	61.8682316605439
-14.4016398614079	9.90881957264744
11.1413423190545	27.173792088666
-40.7157275707238	11.5370358483246
-27.7668419104185	77.6331698141031
-21.5369682052101	-20.5624935481473
-49.1860174545078	17.066605068039
-11.2773379968091	-13.0759742889708
16.5246356328906	17.392392517888
-25.9189587827259	59.7802785377694
-3.22091250106125	50.6791503409554
-8.41481841246888	85.4630787894934
-48.5201021170321	17.6296763674986
-0.309455075654816	87.9750250271812
9.8213626524398	2.9473707799275
9.32992561283631	-1.99328641908554
-16.6687050658756	-20.8228703049972
-13.8186552873189	-1.36213869243499
-27.6670924489501	84.8331339681125
-40.9973100524665	-6.89687991673952
-51.0950652007887	-8.44289186246943
-37.6332952365361	63.6051151537073
6.54092764050722	-10.7277363049246
-23.5548965478216	14.2115234486964
-10.4202673509667	67.5571567712019
12.0008381608685	-1.70536466243561
-47.7307849380196	-15.1165232983009
15.4961790259538	20.7284247008462
-23.7649303360828	-25.5277907379613
-20.1327954103185	-24.5074971511492
-15.5409255395291	-13.7121931625321
-24.111182611452	15.9573805890794
11.8220891913057	26.2049238518136
-6.22612373972908	68.6010387403119
-1.32870841743393	61.504735366873
-23.8867353890727	-16.8208126223532
-46.0713934072436	20.8329011571929
2.94635996509493	87.9685093334859
-12.4421810273018	-13.0040567261898
0.520363456073041	67.4571395702904
-11.6658274437775	20.7856465471172
-10.9898945218027	11.3587913570733
-44.6505340396997	-10.2533265533715
9.21083558267815	1.46144284790148
-42.746334912883	2.02002932805302
2.99575915210526	76.7562688583351
15.9184035478137	18.2256527461417
12.924274613672	-24.936921433554
-51.0282108579925	0.713191517836885
-24.0113032425407	25.3398635147079
-16.7925116825141	0.0188776547312965
-23.3335083331875	11.2323946737728
-5.06700763599492	93.1546579426672
-22.139676629631	4.17385878863167
-29.1234316514131	84.5748146038784
10.1315292576526	10.408147681394
-19.0912400264173	0.680913869188853
-49.0201318478482	-19.3341183758429
8.96291247887423	-17.1865733808434
-40.9921751256927	16.1736428645465
-37.6036174683031	98.4606438132446
-8.93827237280957	52.2887584867164
-41.0632820999655	-20.68610757597
0.891594407157833	64.0179178027503
-26.679084766443	51.0680682990813
-48.0471946764781	27.7400785686787
2.85447110706243	85.4806947108486
-2.45404453516741	78.7710482029235
-17.6619550481625	-11.3067130161128
-17.5841704677524	25.2403979048014
-46.4410731771117	-19.9930183572806
-34.8227849539149	98.4223501025197
-38.1814687137029	23.5404316963867
-11.9522560613155	-13.2949477905694
-1.43518123777604	70.1554825793239
0.392681822654603	95.8598076337527
3.25671680527857	-3.80476297721273
-38.2269144298579	24.7438280746192
-36.7863477321938	86.4547677873471
-44.8425837924107	-3.96798829835964
-7.0348595379956	63.7216609914724
-10.0900603460723	67.2685579523406
16.5761688009852	10.8297552159134
2.21242589746896	52.2117675266206
3.24510269280262	9.38362511736297
-8.98170166622026	59.4342440151702
2.45853734642466	56.3852351076648
12.9691705759394	4.8185314160027
-25.5844087654838	59.5968928577166
-50.7729675995405	18.7294009273833
-22.5387834532351	-14.4504406331861
-28.6343193280309	100.443871194423
-34.0711936951303	60.701307313429
1.3378531513351	78.6245643746879
-9.85544563738979	82.6332563014478
10.0091518334743	13.2276569338765
-22.5962998184509	24.3039939174936
-31.2527912427205	97.2373715841104
-29.6228142624278	88.0559485471534
-13.5881274921817	21.4256157184817
-37.4360907663421	83.9818172170018
-1.84086487426638	83.600554120366
-45.6381475922881	9.96682694724183
-20.7459495557967	-12.1750181815761
8.76284845909574	-1.47996458481985
-32.6819578297885	69.2821802865838
-16.0015522167524	16.3163236182591
-18.0459586443689	25.2069644723332
12.0527402791772	18.3354906295292
12.8308422759789	26.004595896186
-7.81333009666615	71.2513310271109
-10.2342414460949	50.7128496774533
-34.6026878811571	88.9155056042022
-34.4669416016371	94.9017124433262
6.88565638271496	-8.34201776547579
-27.4827025326205	73.3430176097448
-48.6834793935189	6.17138302727824
-46.4454265643872	-17.064274210635
11.614610863068	-10.0526220524696
7.54411240901013	-19.0893767319808
-3.47929940029665	51.8301899147662
-34.4152722126432	74.152091833596
-25.717455541611	103.5497979027
-30.6293562483342	100.718217642363
-47.403691893798	-14.9786405246395
8.9089514999271	17.5737415061143
-37.1576044993643	97.7984768325233
16.0309821999805	0.427505449640505
-3.73467894790557	86.9255447516315
-16.162400934053	-12.6554428837555
16.214363532452	-2.50773110946836
-1.60566210408385	77.3693429936686
-18.6187951886907	21.4585440458797
-49.7150772597933	18.7604978245181
-44.1779441968564	-12.4445434145071
15.6375863252478	15.1056859661298
-51.0015573092856	10.2833960161913
-41.6521493412492	21.5602448110165
-14.855587915714	23.6060549634669
9.43395855789986	-17.1832826578845
-10.4206986023146	76.6128756449561
-22.2038812439946	12.0567507461023
-29.0141959691219	82.5594869969805
6.11791674962132	8.40965872215025
-40.7050420162811	-7.95272769446842
-25.5318361954183	87.610827070835
-32.4808720132142	87.735570808788
16.8371425862117	19.2559233021985
-8.26362980137999	101.008357143107
-29.8149948174809	78.9333176782764
-24.8686521777304	63.1534988065191
-22.8783292609583	7.16687814037311
15.0759990048158	-16.9912814483197
-36.956261146139	85.905686991517
1.14293149542765	90.2720308786029
3.25095133907602	-19.3874643458902
-12.3816852300314	2.29194916036245
-11.0872084557156	11.6469481875487
4.01290022772056	-20.5399046197674
-38.5881932236073	8.117206765652
-17.1745246275081	-16.4815131269276
-6.3466630663744	95.7415415371468
-44.0227675513538	27.4553086773799
6.66201512673912	-7.1236006332051
-6.47577927675532	81.7667185541163
9.77787730885678	-6.64368672427758
4.88272685992826	-22.0372941781984
-26.4245773129267	72.4118224233507
7.33198225057856	-9.62630083822735
14.2054134227505	-13.2905977965104
-44.069427049013	23.8400403175066
9.96848958918367	14.3283802310882
10.0323097774297	24.9166596868044
3.55845243322971	-15.1577224745459
-4.12256321606458	91.6611316257597
-19.2794041231649	23.1109047615811
-30.0125167181515	80.8663094337529
-2.37572886860549	74.9884442038556
-33.5558230648897	103.949586208522
6.93381982385975	4.25696842059613
-31.7466061541307	83.3480162906886
-32.6339817227201	82.0544830757248
7.53369858157644	24.8608099351011
-26.4809201706223	87.5372830153249
-24.9918107117048	81.0225078861598
-17.6399960918209	-12.9552390148513
-21.8718552240597	-17.3487572299596
10.608628082188	7.83945517537306
12.8862987827985	-20.7114594440026
-31.3965504627996	54.9029900368379
14.422540007141	6.39980330760743
-6.25431663642346	70.6013665826034
-13.0873574208945	6.85613369438534
-41.4762028403283	11.5110562541305
-18.1683354804017	-25.3503031285178
3.55696410634437	11.6267673414516
-19.4981340645199	5.81875402394197
11.3266312592359	-8.72859061648421
-14.6820939696347	27.4986286828629
11.7509429633328	6.05817374957376
-41.2378980010346	26.4785618409144
-45.3784021347391	-17.5510735869381
-22.7895053801725	-8.62360511171814
-42.3175063642296	19.2215448652074
-48.8645267563051	18.1412694459205
-9.20539530340163	67.0035518146121
-24.9861006854178	73.1642110877662
-15.9425150878208	-23.9868359193081
-28.938178629858	75.3685440539198
-23.9276110546753	-19.9747303834988
-26.8299921220199	97.6355832337352
-51.3878651689697	5.67154944963929
-14.9537631838006	-23.2463517162194
-43.7301154354684	5.68417558336866
-10.4531230988393	89.3272560941844
-16.7288667461124	-19.1100597995229
-12.5248604965796	-9.58257908862978
13.8052054459889	-25.5250723492315
6.33264390598198	-18.8053649565271
-22.2488436409776	7.33386306744639
-13.6615860919273	-9.02050444022672
9.08146850513513	-12.813484849769
-31.096562607401	67.6980353436157
-45.8980363133079	-10.6237211721188
-2.53621269773207	83.1317595061942
-13.7355853739499	11.0035514420306
3.39570327348773	21.6475269554216
0.940234151342528	54.9356202614671
-25.2790036756876	83.2875756795956
-47.1153019147907	-16.1532522673876
-0.0382875580889436	65.1964700476283
-28.1648304284808	62.9430934049062
2.39507875554113	70.8711112312141
4.46265374081463	-16.3782705269019
-39.8914110697983	3.81517304587211
7.02851536326484	-25.0248607159185
-37.9767014304751	-2.7313356983428
-12.8712668834256	-20.5679263875906
-36.3578852109765	95.2237175815917
5.72433416914425	19.2499484166756
-31.1565739999972	66.4789716918836
-15.0646036900287	-20.5585088429003
7.46159268497068	-15.832695365646
4.78767157552182	5.37492356945763
-6.07740479571274	69.5740205612313
-14.0352207600325	-10.3197353385845
2.39895109516424	97.4128663342956
9.20741592068962	22.4137858365688
-23.8937500677749	-20.9809202018817
-2.44999895702069	94.7685143075506
-18.4989348149958	9.28177092201871
-34.0595939087421	50.6277235796236
9.2281765215318	20.9942396615548
-48.7705467091246	18.5441688761094
6.64486454033327	11.3309125900733
-12.2678686655506	-21.1537298582678
15.3031873878184	-8.39197312153852
-7.99912491171465	79.9758532390725
-27.6349397078271	63.1146530052369
-21.677079872182	26.0588196629438
-32.3910434606915	71.8747749628313
-26.661965368139	102.337298875692
-38.6618015231946	-0.263472916217634
7.9886981016746	3.53319155427675
-30.7950433456165	69.4757804765408
-16.6825242724357	5.70405615870058
3.66271913672609	-21.7509437322028
-5.23470386217378	66.6559781350868
7.41980230423208	-11.6121043596401
-20.4411716491588	20.5810018202715
4.41721483488362	-1.88602320211268
-19.901315670215	-2.80393795476712
-17.4074827611306	19.4805145191191
9.14674180876728	-13.1250112495147
-32.9125303279314	75.303349475882
-10.2665428404578	70.9637448690877
-47.1860608366155	-19.4160852664635
1.3350563947671	89.1591422894024
-15.2598143705679	8.24471414402891
-26.9792087825191	76.3180932437597
-23.3179306749855	-19.4295692495776
-41.7308803826429	25.3903034444033
-13.3042800864674	16.9844962781041
13.8289310886685	-20.3680029756132
-25.6563352316276	63.7004027900315
-14.2368107409525	-23.4888639825526
-15.7749960907109	-8.6517974006406
-7.63002996249371	88.0828116957908
-45.7107879208836	7.97119746331985
-29.0886262143647	76.6662347530438
-23.0053567574934	9.01265062841679
-2.55363220006022	64.4070684612549
-49.0577623766969	-16.2414718820754
-10.0269351522157	75.6634921637143
-41.4237089738267	-23.0971002655425
-29.6108228741345	79.9043102006816
-19.9826196746024	-15.8625590090606
9.06979631043598	9.50178130638136
2.91677323978152	50.7050851974272
-31.3360812917396	53.7362803671898
-40.0747185970067	21.99425252344
3.57545751924637	-24.4230098004803
-29.4564787151762	69.1783830588804
-31.4694931610653	78.0240651493263
3.67839798863375	0.701254096351619
-30.2320339536306	96.3888014769752
-32.9989278571291	76.6832322205364
-43.7488141385187	-0.922457497913978
-43.5585119418861	-5.400643382259
16.486981492025	7.5391465204277
-26.7723981919771	61.3773772549704
-31.6225212666978	86.4053817844654
-3.58190314177604	91.4376228620953
-17.1290673107562	-9.6790706305333
-41.0670662778164	-21.1879514135291
-12.8882942588024	-12.4220432492531
-46.6544851741701	8.68524614136557
-4.70713591816338	85.1225366251321
-26.8828925464049	65.6312088855027
9.7286252436105	-24.1304806740821
14.6860631538217	-17.3168896183642
-4.2795200395903	68.3174799702788
-10.5939172825453	-8.04349607092463
-45.3512839950002	21.0077275948118
-51.1504831088767	25.334843653406
-25.7863754542796	64.2632477751976
-47.0611153902193	-17.8159128427184
-9.11624739418179	78.1970657740284
-16.2518867533959	7.24384106153973
12.2083660411831	-2.11652754641227
3.91600163123614	-13.8701665682104
-13.9216256947277	26.9309207636905
-11.18864526317	24.4525861188804
-28.5719914023746	68.1243274895709
-34.5702403126863	57.6038851399984
-25.6436422923404	52.983985455782
-44.6809684254655	-2.61794808076968
-5.21199515578289	51.0722223175841
-33.4576908063701	75.1553503358586
5.1937564117848	-14.4823354096172
-21.182699771778	-8.70120593662141
15.3957613497271	-11.1564969395736
-7.95119621085043	63.9746686257436
7.60945412695458	15.0212229030537
-22.9617632539825	20.3201894457959
4.15697111780272	24.0768636781467
-5.05095058754769	98.3019399589267
15.4741327102349	-14.2803199324743
5.49430082760187	-18.304343718659
-43.5352923091104	22.8420856319652
-23.3920284164001	26.478706016272
-38.065482317292	13.4627235691609
-46.70063277614	7.5006372822186
-15.7957836353868	7.88450320302258
-36.805319908122	58.5256419969374
5.88516211056289	17.5472136763038
-8.09994739445192	79.608845823671
-29.9340574502944	53.7314585867507
-15.7168755793068	-16.9414212773682
-48.4764639200037	25.9081635527908
-5.08295005264045	95.7714802613093
9.46886295944471	-20.9691121030836
-50.9161444346738	-23.9882756218206
-44.8035407799798	-2.64928984622768
-0.0685001631791741	100.664459916932
-15.6628937688576	-7.91067082999852
10.8775085374722	-12.4683753652113
-0.837699574471206	80.4304684685269
-28.8343572273493	87.9379547739004
-49.1111314747303	16.8006992204571
1.00078061312796	92.0532574575993
2.78565226616232	100.157119526671
-19.4029429542513	27.4512118635624
12.4234721561598	9.56314096210417
13.86887147048	12.2947742811169
10.2328495147674	-12.8532442333737
-29.5395664976425	62.5839324674574
-41.777723563264	-7.46688728287411
-13.9244331093682	3.26989101056387
-29.4163188773251	93.4296021397111
-45.427432067256	2.29885497208966
-10.1560666222682	71.4540811524067
-39.6725629596006	-11.6868564657156
8.97060485588263	6.67668665975057
-25.1476564093275	98.3329345272846
-49.2643116136347	-2.73673935588087
-41.625126335911	-10.4037604775023
-23.0810062915228	-19.4965743114697
-21.3561045046316	-15.4923488256004
-46.0040262688465	-2.89034508742997
-5.5604465000578	82.5049420511268
-44.5605787213055	-0.424900753796975
3.09156534233598	71.8029652736485
-38.2153197731611	-17.9047627531226
-50.7594091950773	13.01804436217
-20.21015011005	-3.43530134573199
-16.6618416553036	26.9863325988877
-43.1358988779965	-14.7644011186387
-50.6800357504545	-7.52527484618018
-15.2779168896454	15.53446813079
-20.7045116255736	-8.28305268183027
-31.1724804989724	68.5309291858072
-44.494465002941	-7.07271042405601
-21.5504003902286	10.5139640614154
4.95025179402532	-20.4991271540651
-42.2220745414176	22.6595968350291
-44.6790828562681	-17.4810050577756
-31.2627514589421	52.9138191341429
-22.908950727515	-5.48301117795645
-0.898455019479801	55.3859269628374
1.36911754413065	96.7226699707789
-41.932130411123	23.1693913499769
14.5041628790652	-13.7210447260302
-13.4133096167886	7.48270457089429
-29.2213427694124	85.5973284819905
10.8486356075536	-12.5877463604046
-33.9977959114548	92.4512543207914
-41.8829627978367	14.0132946153244
-37.0451382756714	70.522701984398
-27.1219652954987	55.4811811079411
-9.15403919641555	90.9298469787229
-18.7921192407695	6.49781516507679
16.7900381454377	7.96722064513498
-37.8625553686176	68.6538307783258
5.64453796295755	13.299487799114
9.92380694942118	-18.4882235372148
-15.2182058987949	-17.3132250982063
-20.676600803881	21.9949646180328
8.91375934033754	26.2297483598429
-29.9940790733836	98.6200104433872
-40.0929228617367	14.6895409131478
9.96385780060991	20.5992446233453
-26.2571974803941	70.0717939801807
-17.1572963479771	-8.20760459867147
16.4683443677746	-22.9286331359241
8.88422130640642	-6.85506876819539
-6.95204565441521	81.5596461184075
-33.2637039820398	102.189836604389
-48.0663759278129	-15.3409753700503
14.8770425487194	-15.0070035296696
0.705089897882867	72.721413702644
-47.9074142330715	-14.9962004935369
12.4915780068418	20.8912487942124
11.6543506195963	-5.80119598185522
-2.65424526356108	84.550370579721
7.45196557682336	6.07862493125347
-8.022346702889	55.4902617169752
14.9996691027085	-7.91160663772187
-21.4524806198799	-21.5345268461629
12.7784912466667	24.6748575156124
-25.7927386744249	68.3218530826327
-5.58991068090966	80.9261496981623
-36.5808593222709	93.767699120856
-17.3718170325726	0.865188772493129
13.0869808032676	22.7207237730866
10.4825376759896	24.2588920889361
-22.3117516422307	11.7896527449897
-38.4085635655034	19.9979531189007
-4.59172245030164	56.433780973966
-36.8002814117307	53.4594688481372
-0.105133434749141	62.3851884666823
-36.7521206930968	79.9035853962612
10.6948802029082	-2.87157234949992
-12.7998315891054	-21.7322380839643
-31.1501926484112	99.4883488381275
-51.4387466314169	-13.5739254088995
-23.2902422946854	7.99364009194311
-51.3823756245803	-10.7276937170399
0.80383238088247	75.5903110617353
-7.74059530332033	78.3783273702582
4.37086704337474	-6.35126675916439
-14.9992022472794	22.1501504199614
-47.8739805028846	-20.7516088320045
-32.9787663335673	87.4511550195601
-41.4435315996389	-2.66664153551497
-22.2832577022192	6.90325134869101
-17.9234137373413	-8.31443137637166
-25.1264959236934	67.777617452394
1.89325618670803	55.4661720934418
-31.8721370361343	93.2477334991667
-4.44038892531016	96.8368002991906
-29.4525151266263	91.2427594332125
3.46139698477548	-19.1398451392144
-44.8417922502056	20.4648020201167
-27.6359558387359	63.3785256778405
-38.6638846071749	-18.3515070401036
7.38294574347135	-17.9286888165
-22.3358197401163	2.42393956147072
-31.921507075408	77.4595549313396
9.57469871370279	-18.0361128131982
-9.79484150517783	70.9655256670592
-27.8712023854835	57.5854223878922
-48.1370000154205	19.0104686297915
-36.7706461692537	99.4314155356368
-18.171380369723	27.768698838313
-25.1523937838257	96.0632754743879
7.55731395365131	-16.7752663257168
-5.59475570658011	86.9933309161591
-3.74100826528697	63.3234080593284
-47.3711155619557	-17.7221335027748
9.49604831976423	2.09572129650806
-23.0949011270746	4.99631866445588
-30.2684773891665	86.9828954794215
-11.6259789556523	14.7049390122235
-38.9072044560809	-13.4971636050898
-44.9876919924279	2.77895284546644
-46.7999183768429	26.2977500988545
-24.2487024043473	100.587553034428
-29.7774552500387	97.1112878543659
-22.5579863297039	-13.9141758731219
-2.84972201126103	52.6149064476721
-50.3314317597321	-12.3031312862256
-30.2366551195042	58.1595428401785
-39.8220819261611	-22.1721772851969
6.85552066636562	-10.9020855826926
-17.3303875207826	-8.87069275553837
5.77400206043871	12.9611884778081
-10.7600699413879	14.5256219958685
-26.8729457846893	84.5451549243259
-1.07258777000432	88.5198251111389
-22.085470272883	9.15121368319262
-40.3924127414475	8.46924929375922
-37.8009863133145	63.1953491451477
9.08334052284439	-5.85368151525763
16.391690277633	19.0566165243347
-22.5843697216717	16.0401452354143
-46.7866409703229	-9.08906412952834
-1.38240764618425	51.4773537443547
-44.8345022377929	16.1588351112527
-25.529483521233	88.0100076343295
-25.5847575471833	68.8597561799311
-6.0485893051835	101.614586409224
-18.3784046901782	10.4890209271482
-37.4830613433773	64.1102451060084
-3.31477844105311	53.1604253084896
-18.342481348036	-0.349596915523724
-1.67231291597301	73.3733039064263
-28.2475339390637	71.4779082432114
-21.3151880023279	24.6581317554019
-38.0009066341197	11.0510858873519
10.912054251289	2.56277461399565
-24.9075174519359	93.9250255072381
-46.7077214976387	19.9579992713428
16.7740921780313	10.3441230257327
-45.6351685678022	-23.0011420086873
-27.0955730286291	62.5805961192561
-8.49229754856977	102.625011068559
12.2825326186569	20.2259934158399
-4.42098334091387	91.4141988967692
-17.7481695698819	10.9467769611584
-17.5910640871292	10.6358128718721
-23.9043862646027	4.3287135875324
7.78357192930744	-1.27137656565421
5.67566894389077	-8.12938205824706
-0.798184589918813	99.715518824462
-20.0822556427166	26.7900351627178
-46.3627126041944	3.95696567498575
8.97209673724912	8.3789957276509
-47.9683722927058	-7.29435949334952
-36.0143692648642	86.1694501327701
-17.4862169815476	23.6390207499623
-3.69622546417662	68.1348879834665
-29.2329836014668	101.408672981477
-31.1623366171859	64.0457515501181
4.81895942463869	26.5542819032926
-25.83209176416	65.697555923533
-30.920105661482	77.9242553608303
8.37994411921282	11.7395617032847
-14.5480561571616	18.9089303235779
-38.4032890678982	-6.0291915017668
-23.215577930364	-24.9633901962881
-39.4485618515702	11.1247592965099
11.4294003868314	-6.48858411833707
-13.9116381875385	12.4268609175133
-25.4170194490419	86.6655642256596
-45.7990307277976	3.43244765822452
11.0607749989864	2.94624030294011
6.99171800435354	3.77169198776213
2.82653426847767	65.2897001816952
-29.0766865511909	72.0174247042437
3.31402623139781	25.4984670264598
-6.27824114072266	96.1807562375461
-8.95885508654179	102.916261535863
-30.9683815368213	70.2294465902357
7.276613986828	5.76293178435884
-51.5632007604957	8.61533068389757
-50.3260899898012	-19.7668548393706
-36.9480801325544	74.7101169846806
16.7445986472183	5.34195171017786
10.130365827687	21.6297376446384
-37.7283494066755	75.2582363639497
-38.9601430448483	5.81804883525598
-22.6139620799395	26.1913778833247
6.04644483296923	2.0783090942641
1.37242885737892	67.6743189800319
1.77704118493346	51.1145395532661
-40.5399452590667	8.62976780192457
-43.7250070421469	-12.2441217213018
-22.3833671598548	11.9369810864825
-37.261122005162	66.8223784379835
-32.7425440326473	77.0003699193699
-46.6795240640826	-3.41449436103919
-51.2670992528765	19.3016409715287
2.94044472435061	69.035294130997
-34.1785549200971	57.909359002625
-38.6248229320679	10.8821525501212
-14.1688771022664	13.3140273953898
-37.6721346686754	70.6280706490897
-42.0995521418263	14.3943906811592
-46.1466047785384	17.504144140445
-48.5482665578275	-12.349394876829
13.5225413351622	14.4390049056889
4.70176761581528	-3.35712559239691
-16.5393791667799	-6.79693823373431
-18.6772712924456	-15.9066383204628
-1.71395182821069	59.9463235295802
-51.4342654862134	20.888889773794
-0.352932082832032	77.7592601911356
-43.8176163487746	27.3451228539321
-8.83120328937408	75.3985357720921
1.42831528842355	91.5044005503483
-45.7963196482388	23.6680940919415
9.98603571189394	-4.67858347325326
-22.7185235749365	3.04714464028352
8.82829916224362	-14.857376641253
-31.7849103212479	55.0310339596286
-0.963192433027226	75.9616937631304
-46.1775072831642	14.4344567471614
-38.6384505948943	19.6025607050256
13.5669008427054	7.09847427819734
-0.152501286660813	79.7319426189461
-19.7501916375514	2.87398776020225
-1.80944376613485	81.3897725924521
-38.3227420310149	11.1840415079402
-17.9876082852804	3.12037543768715
-44.6557037392048	13.5194013230862
-26.712862859809	80.3634708605743
-39.3900763914523	16.6744387262338
-16.5958555980397	-22.8065012015606
3.00275437261889	96.5520790813204
13.4232360408531	-13.2812631107963
-8.46690962425633	91.0228571497771
-18.3265179109308	-24.1312702129393
-17.2385529898698	-10.8461267610133
8.08465824483183	22.4508487451058
-13.7054948116049	5.24942025722623
11.2870368676933	-14.8731685990818
-3.55586920448683	71.9295539828028
-2.02337468034945	65.2102899467034
-4.18530470697775	80.6197704871649
-14.8468303376854	-23.3658061886258
-37.3538618686414	97.3671336428074
-36.6130657232877	86.3927944298123
-38.5530749205381	-18.4387142667646
-14.6937631041639	-3.04936329432593
13.8622129135779	1.02822218937681
-6.00487185592175	54.5368514475759
-39.2750393167274	-0.958405098130421
-8.96334331628487	75.412334137278
9.00912364911929	-3.98153019726134
-23.1362811756408	11.5111598022304
-1.63598961945056	102.078947301344
7.915140835188	26.555321662422
-17.8054962971748	26.8160122941003
6.24255960418285	17.9814427400838
5.93567475217364	-2.90482402793313
-48.7559124529493	-11.0125083172494
11.7896516042561	8.77364224277374
-46.496906158252	22.5313026003186
-24.046477817005	-14.907114529501
-23.6950759058296	4.55913606539796
7.62984569359116	-22.2912315559251
10.2196394389764	9.49781749292344
7.09406347175276	1.06539483012313
-51.2969077206985	19.5307966108616
-17.8775548741216	25.2549748196507
-20.3013885345399	23.1512485855243
-20.0903255823616	-18.1582199375377
13.6618496258985	-5.47066740639031
-51.2787263017389	19.6471801378002
-47.9741656443783	1.90255399810395
8.62816512704011	-25.5210199161735
-8.86999103032543	57.9975597313672
-33.9025161847195	90.4142467584242
-33.0194095210868	103.793356747222
-16.3933993587825	11.9519480112457
0.407976616020087	92.1812928298334
-36.5327863211876	89.1428676770698
-10.8577908483711	4.72523923409214
4.15397154820755	-24.5405313945142
-26.9460381417764	69.5484407732732
-46.7167491338385	17.656506547679
14.9947226332866	-6.27057047128266
-28.8851371316921	79.1081738576767
-38.2943928280235	-16.0393637989138
-10.9249849790025	6.58012550716238
-15.0371586000341	-15.4225833996973
-15.7807077951331	21.8454121483879
-15.5905241133459	5.22521162984427
-46.0116331872835	-9.29598547860108
-41.2410280202036	-21.2079420803841
-9.18220293301815	69.6953978460986
-27.0974863394935	69.7261549929771
-49.9419117355823	1.20593009958208
-49.7421929042416	-2.80981640756122
-31.932010014769	81.7518222236182
8.34519643826245	24.2905753222381
-27.3962198196783	84.9119340792737
10.8582634369573	17.7339263413789
-32.3689754079594	88.3599597765979
-35.8241569479975	95.2386953245726
10.5588270764549	-20.7819952905379
13.384658705859	-4.47504067808576
-44.6397135744093	-24.2968171968248
-39.6435235666538	3.24627925949902
0.696839009149978	101.896772540492
-6.94750187456877	91.3790037670438
-46.6982093183364	7.05487384892411
-34.4960165129194	97.4397604659072
-44.5403803010905	23.2865286194225
-47.532159566634	19.2404345999693
6.18161145942711	-9.04609166182236
-24.0655352105827	25.2396930266999
-41.4802535766643	-0.35301225532068
-23.1344133615245	-11.7152189022594
3.84607050591651	-11.5622250568413
3.21943887060699	7.64260516883282
-4.51224936753337	98.2330449394363
-16.4476769269251	6.66805751022295
-17.6914764145951	-0.824900412937594
11.436802262531	9.39612349302386
-7.22938539227119	64.5022690930973
-47.6104272179732	7.84627985961519
12.4728132152207	-8.90400442979642
12.2494248192628	11.2232159256359
-22.6681914970678	2.98442846337304
-5.77869356579268	83.7577672639361
-46.7767364960919	-19.1345180354105
16.3315269951568	-25.0686801222373
7.34477761602223	-13.9155249311585
-1.97770029830731	61.3801764681024
-34.4950402300021	60.4463241263646
-26.1656195000673	59.249557753951
5.08290500441591	22.3709068644033
-11.6170096040465	23.7446471168171
-37.139237257311	55.9835384158964
-11.0514908538738	-25.5140857305354
-30.1494328527922	62.1816197454177
-48.0722752453234	-8.90730145671099
11.5961424793045	-19.6999413618191
-2.0755787611518	57.5298273669164
-29.118146420703	103.706521152177
-43.0639242703291	-5.28610908399802
-36.8122436644267	56.2313339028913
-49.3322861647825	-4.28323877680744
16.0118636882037	-11.5553389500183
-15.539522774498	-15.9853814540406
-8.69425005650996	72.2226851019651
-14.2273451301374	9.91741219949414
-35.5812632083376	96.7017964970587
-33.409917494639	61.0693921103753
-39.4706749552219	19.7413520603009
-41.0987680536377	20.1872734043695
-8.09754524626178	57.0653277073698
10.9560069972443	-9.24046849263569
-27.1532379622618	55.2881311730895
-36.7426920234966	59.7330571985227
-40.2820429412702	-8.71766917393993
-42.3174303270051	-0.249576244113819
-49.882205545479	19.888013618132
-1.5666595790743	74.907139942226
-39.9865804282826	25.6571092084524
-37.0352291454401	51.3378424650353
-17.0061021734498	24.6620828875093
-4.61034895459776	83.8341904341483
-2.63286016169093	100.082498100024
-34.8454767055358	63.1001765807599
-30.2777924924591	102.141351250188
-37.7852159294764	102.344712367754
-32.0804103919729	100.023597595141
-15.3913244596126	20.489305776845
-51.3192200774623	3.5834430489562
-39.7684163162361	9.75315866334195
4.70922158204013	2.37379372263841
2.93674876993826	56.2479439460251
9.80411404089307	-24.6993896060286
-28.7904435679562	68.6433144930857
-6.93049712101913	93.3466886714368
-18.5427592205213	-22.8785119832877
-11.8945487108885	-20.3772438182606
-43.9690375087554	-18.7675364293008
-20.518965813871	26.6117584770987
-42.4926945761683	1.62904995357712
-3.9774645740046	75.1634512070767
13.6520366708878	-3.44010660483504
-32.4280499669234	101.434117959706
-30.1790443075755	53.0235447275401
7.61117037023626	27.5080956434618
-14.2042809684248	-20.618897135529
-5.49428050087578	82.7238964619452
10.5087603502296	-2.58028811605182
7.47631755352257	-20.2296791284395
-10.7112912506342	-22.30649353966
-22.8080395043066	-9.18693772838849
14.9388791271258	-1.38186006729313
-21.4026269855412	-10.833488120584
-5.45739672913166	94.1768950464838
16.6527221993434	13.8390858753738
-40.8199852622915	1.54543430932732
-22.2784892122412	20.7285150546171
-3.70814664750365	101.993577609381
-15.7558960177158	-22.4641553392106
-1.33083787645719	56.0025991869889
-28.2113233591064	90.8968641177503
-37.8120062644729	96.724326058137
-45.1543985433927	5.95512574548502
11.5533779044911	15.0362403898416
-1.16006682962383	61.0070975281562
-1.98136529637622	84.463767401902
-16.7911520022434	7.3983209069293
-14.0962172009603	-23.860661611972
-17.5656637803971	17.9040900440918
-9.56977035646406	53.8754461537667
-24.3850974897199	76.8574694901953
-36.9335413347226	55.0674149278118
16.7541432889683	17.7438663087724
11.4560871700596	-10.7330891169227
-14.5822862302894	-6.74658117137217
-38.4823221764587	-10.8357335849011
-50.5450909208689	-9.90875424276693
-23.321263943384	21.9561921904374
8.78579299788873	2.59220473520335
-10.62856019543	-11.9642500382846
-1.27791082496719	87.8120874372755
-24.1028506185846	-17.2161953277766
13.9270094619707	-1.18017051874437
15.716232399612	-16.4139337621278
-29.4606696508174	86.9236687602582
-4.763653376729	58.3396789103607
-19.2735420281203	-12.6572935388026
11.9672556211596	-13.1967387576775
-21.9768396743332	19.4357490129028
-24.141285038005	-18.7315825577443
-6.7830490968043	64.7290389011883
5.90117259922633	12.144225642421
-24.0576924778552	6.16072732294668
-26.8551463163701	74.727063183938
16.1858691374775	20.4415419896562
-27.4074860338352	99.2434383739137
6.06712436819284	24.0488837713906
-15.7397979457334	1.23320554751461
-15.4444539669375	-14.0748666202661
-24.6681211245199	64.6333452342904
-50.6546843736828	-11.1212338039964
1.24808530378987	90.3142817455121
11.8794597953795	-19.4379823538809
-12.6867357008879	-10.2321417894938
9.50763120439559	12.2315880247917
0.0042492349115116	71.7937820478845
-0.771408175557793	57.3726340434119
-47.9661100606996	26.4888096033382
-36.8428487474597	80.3797376962031
-24.8363062643334	74.5088602704809
-31.7323526168828	54.385506466971
9.715701494249	-5.05898116473346
-37.3288275209492	92.8887476588381
14.2053049378216	-16.272536179949
12.5739181830161	22.8590428883212
-3.70602767159029	61.6528199118576
15.363715895812	2.06714363316458
-15.8971533132255	-5.57190641636045
-14.4496088769439	-10.3595881803498
13.2819053444268	-1.7544075412567
-12.1315147892732	26.2774809119552
-1.49566492983796	83.240051925285
-16.1409417690642	0.576855476123911
-35.027356445931	97.7451731458421
-11.5881359645714	-18.7599095664921
-47.0583478544103	15.8529570838624
5.9022985798291	-13.6673682986401
-18.2212372609184	19.703500895773
-47.462390219076	-8.74220361625085
-48.6339149050625	-6.25840972306718
-6.30881241833047	68.4357240896493
-7.11032820224427	97.2042234700378
11.3783498210529	22.6625739348451
-18.3404423733781	23.1757410996544
-11.0341139160762	-7.98187852454691
16.0550308104047	-13.3694947105443
6.10279263715929	6.80028050424672
-15.2541764709558	9.57129176996426
-4.33571521688434	103.583583867879
-27.3615823169952	63.0428516992191
-49.2102618619492	16.8356235718433
-8.83257605223805	56.4314701603435
2.52326776832843	66.8732687463893
-47.9485399753761	22.1672009123814
3.91741092714897	19.4971098139029
-35.9611033221948	98.5752064273609
-39.3766803583352	23.1412983826878
-38.6633530313749	-16.0834569735706
11.67495150211	19.7642189449187
-1.90534649780663	100.067498877549
7.93305302280448	-11.9306310195245
-14.6490461241503	13.2445621014446
-27.6047912691814	78.4540805073937
10.5204849325984	-22.4359114566832
-47.2356131597534	25.3378959800261
-21.4532680258394	10.3105433777123
-44.5138524930928	-9.16070245588386
-50.3067892167372	20.0988105266318
-17.1446561648987	0.59180863794086
-47.2981883204683	7.77840288031807
-3.34397201292356	85.7036726316791
5.47588281141677	-8.04174664671283
-23.8996132584601	21.236649864714
-28.2145797825512	59.5076165600788
-11.5344194413077	20.0088667605616
-10.4792532945763	100.71652415216
-33.8690719984351	64.2062663751511
-42.1428192999667	-8.96118080366184
-45.623064285979	16.3552756079086
-7.64316512104486	74.4928853921219
2.86977417995424	94.5461504679615
-42.411882006905	6.16408704385776
10.6165197638913	8.15887475675723
2.14444816774431	65.1689825096104
4.80107085537761	21.377750388761
0.959067511128737	70.4515226624645
-39.8881110298374	9.74251243295351
-34.3564650670515	81.0974244350335
-41.2540921385202	13.6532642952061
-7.98430558574925	90.5732732350595
-0.464790247004428	65.6263054773556
-13.6160802594199	12.6155905519138
-15.3044657759653	-0.59552511881829
4.07851300723661	-12.6786540359186
-4.5012067690507	54.3241255163049
-36.1128800123939	75.5088242715997
-43.0713142467674	2.69693904272132
-14.7158248970211	-2.60935616763543
-44.1779995624293	-6.88772663512547
-2.93010140622805	101.526754239524
6.82465633600075	-20.5284502418421
-46.2204961900495	-25.0500477603229
-36.6525494010731	93.7885461266273
13.3051999852904	18.4897856439732
-51.3926189554922	2.20547172129736
-10.0159495157772	62.3356875703754
9.47075539027049	1.14454818005442
-49.0042819409268	7.4068464194322
-33.5183342110906	83.8338763852159
-4.65034044700147	96.0672923926748
-4.7054480676001	85.9487085595891
8.74939000303852	-0.0130903257402237
-7.71371102857454	76.4981016350338
-23.4450328011846	0.280197255219699
7.15784489262431	-16.1677144358396
-14.8423756957449	9.78334714769457
-36.5679243529501	66.5254683953122
-10.0574478488671	66.1276119931077
-4.21107153659533	66.9670427338558
-49.1904006438499	-19.4384906414784
-47.9824629951645	1.83203801584891
-40.1897954482878	16.0826805816367
-42.6568024550148	-2.75406110874641
3.72144807941013	1.78822157462688
-12.8691620554236	-22.0940573699714
-44.4691651074497	-13.5857533707793
-42.3598644699809	-15.0197024987629
-25.3325339005837	90.6395038106988
-24.8699767666483	68.0576582466043
-1.01488106441849	83.2036511707128
-26.7012197451459	76.0996794921044
-43.7527169607099	-19.1048735322083
3.59886774150535	-11.0457021866478
-2.85576780108507	55.1183563439453
-9.44422113392565	83.862309458907
5.03325170418437	-12.4104072260542
-50.7440278653492	10.0930236571806
-38.4671739222756	18.0545007672708
9.9602586578153	-6.3594613761183
5.53987767608341	18.4240740138705
-14.7351916415323	-7.50450237161357
-14.7790521215654	-21.796831043038
-41.924563529145	23.9335476962981
-0.357746958139685	58.2917370757755
-51.4370782354166	-14.3170197555639
-28.7950624918272	81.4153340036579
3.03348661503073	98.8802425928671
6.90739978615669	10.4855340646486
14.2043706445247	4.99044889585201
-50.584385923828	-7.31352134969678
-37.7071508736696	58.2199126432861
-3.5551886971589	91.7347272920675
11.776471884614	-9.32530155365138
-28.5726690248361	96.6165335343714
-43.7097796560766	-9.18513629461366
-42.7043485805235	26.0072078433251
-42.6719931754205	27.0528962576987
-37.8929757743837	77.9481863143784
-29.098750993626	83.4213646565465
10.2760013325435	23.9109599338966
12.886793236662	-0.202142877940165
-32.4376685953938	60.2840959825793
8.20071745146464	-9.70882365995785
-37.5682817018379	88.0589256319011
-42.3712629328087	-5.46627501406094
-46.9703410217898	-19.1881316932596
-18.7286877260803	26.2080659719243
-26.5105611788194	71.3129569101871
-48.2588852208196	-16.5174685790526
-0.629592631136967	51.605833585391
-40.3931359520221	-24.2233829403993
-4.10992846856836	96.2043634933495
-33.3689122351632	77.1685199100834
0.281999653004542	53.2675955580164
-37.278521594804	65.869048096776
-2.47980272753525	102.25256859844
-21.2907337628724	-19.8773691101725
-34.5868251202617	70.6519161848593
-0.604242061033541	67.050130313328
6.45111058421093	27.4369204680487
14.8766973172801	9.39717234398915
-29.2212985560262	103.782420017859
-11.704605289521	20.2491727910761
-13.2116192782626	-5.62250549787776
-5.73559486750187	70.8020138111372
-27.9582687163069	63.1395127603074
-4.02590861915679	50.7122016491902
-31.074337423431	98.982354506502
-44.9461900041414	6.69818873675649
-38.6140118758417	-18.2621692125331
-29.8714242732276	61.4075040248399
-29.1060433395746	85.3357729430737
-49.0827139266302	20.8173297668196
-22.4888369963841	1.04640722579083
-28.4204053679859	98.71754528943
-41.6934423341696	8.25262471987232
-4.79311073467062	76.2061914663771
7.34199321493311	14.9191031498135
-14.1367574163093	15.8010482950105
15.5824339745302	18.2060967683797
-16.4144640925964	9.02558848681279
-4.81988072786476	67.2970780189049
-18.9755858374962	17.7834298856074
-33.4513911210745	50.7985870680105
0.623234366732576	61.8508818130196
-38.1650197835717	0.812142771250476
-43.9051692897811	-22.3408714954234
-29.2705702533889	93.1095703892
-42.8767861015998	23.6945373183137
-18.6045332083633	14.478320816239
-44.7198848301418	-2.62366792672343
15.0609391063416	1.13536684458657
-43.4131602736518	25.1099591198376
-28.1637177531088	79.8307718195873
-13.7836118559669	-21.4289101971252
-40.2960882886716	15.467721044527
-21.8199699405325	27.1199663432005
2.58797668746077	93.6708854397713
-4.54942440017476	70.9080575976977
-3.32720528681145	94.1445536734557
-10.1445040917713	55.5202648060162
10.5432173152246	-21.4349297522589
-17.1956305568802	25.3818152260193
-28.8257186830427	88.6224506198087
-20.5257641062493	-20.214376418589
-19.345263291277	19.9025114695979
-41.4949806982027	-25.4840548995082
-22.6891643620626	-10.5806831247677
-45.5097283081116	13.5678396666547
0.0002519385847752	61.4232086817856
11.6021688653138	12.0109905172069
-51.1704446560729	-18.5862426675199
-26.7898814543941	57.4627619435206
-11.6875901822603	-10.259580035937
-9.40078619232055	70.9368761479923
10.2578026643083	14.6855306052687
-27.1375941703783	83.3240610827092
-23.648927507917	16.7954983428325
-34.2360114324699	93.9042043989668
-40.7356597260468	26.1125002076536
-22.8883947960575	16.9825802408462
-8.24331200798699	54.1311441240373
-47.6820555674259	16.4987964626561
-17.9125839938198	6.60252093188594
-16.146066022744	2.75807532349775
-44.7358586129414	-9.83982748196985
-8.47114163003904	102.769097722377
-44.3197513504053	9.58909899819555
-26.9631288930169	58.9059789505849
1.60225314988321	93.330528704366
-26.2789039245947	69.5614530878096
15.2216507948623	-10.9155376358669
-21.84627594149	19.1782429506213
2.73348891333653	65.0891531941884
-32.3106623641727	101.041808729929
-42.1562254285613	1.1820272487779
-46.68574921719	12.0908632379735
-22.0183348031076	27.2066205066157
8.30885759988978	20.8751301550083
-6.70401812158836	90.4845597941045
10.8844087307788	21.8828828091492
-50.2654740024534	9.67492410708865
-18.4508949274	25.8413664693932
-22.5240995610195	10.7444079818298
-4.64381779763946	91.7607237488963
16.1880199222805	11.152040363025
-18.4254995425877	-15.9988233833935
-32.692726764202	67.2526162533352
-7.51565100804627	88.0015437070719
2.56038805181844	85.5342422846302
-6.94866663964009	102.968538978908
-36.3702688401639	99.1854544208584
-5.23631833662449	90.7515126945869
-45.0792546276895	-5.21947386016298
-39.842101458968	20.1629987933127
-8.79500449217144	71.6383599111307
-48.522484005108	-10.3918927415041
-40.0758977244652	24.8943751705595
-10.5672417889017	-23.7670612736955
-50.0532373754411	-4.64051288884337
4.10084840347938	27.0173492959743
-12.0561835421892	-15.1529599572847
-3.92580373035411	85.5680479938774
-3.04764702614294	91.7584175885725
10.7746214052223	-21.6003733485003
16.222354768506	-19.7723784059911
2.12593604400865	95.1112828719138
16.2157605000049	-6.03584676221687
-20.0263377071753	27.0749980996292
-33.8093420184526	69.115979341267
14.2666291082591	-22.6075105971952
4.28585669978515	8.32935094438438
-28.3079647018409	91.6714715958019
-43.0053246521257	-25.4954064873402
-47.8496093778871	21.87626787829
-7.2086776357816	86.625097672307
2.09196120453881	83.8543049853352
14.9297452080319	-2.22275119117842
-18.8220512571763	14.3634873029754
-23.6465372699617	25.6026869811536
2.86848763831361	78.3928919213771
10.2014875004496	-7.40778529441319
-30.8779767239602	69.1185224168019
-50.6653677602637	-6.89444198230175
-9.89882656481344	71.6733532558721
-50.3678256028728	-2.27225192189146
-40.989135777089	20.9736586523184
-7.2371848604969	89.4901977456323
6.31998893452261	4.08741084354444
-23.3349627552353	-17.2534884972689
-26.1035898652937	53.4751076846167
4.14061576546442	-20.1552127415084
-34.0931218186782	73.6236854734439
-39.8435164948319	-5.75162707585661
-23.7217134209886	14.7292565800719
8.18447550998525	3.48339183900035
-37.9656264054119	-17.3461420379286
-41.8782693101975	12.6529298571279
2.14336269076802	67.4724870645171
9.1718129108623	24.7507951912706
-24.9622501812291	89.4360609114822
5.10302507425793	3.83409577145095
-29.7484033966699	56.3711333077863
-16.4106043293123	16.2426106912563
-43.8838628381558	-14.249810163953
-19.0540690715775	3.95608193626714
-9.39208097420236	51.9592917789889
-36.4895309102615	79.9211499556485
10.1318252916233	-17.5712954418125
-46.8155689397792	14.0724086275821
-39.893643552869	21.061684166348
-17.548074613975	-14.2479601986801
-3.73799961882397	66.7870815560708
12.1016588586139	20.1885901832305
4.83267241101911	-14.805631662044
-39.6999805111477	-8.68572490733088
-19.3003786808374	-5.74303328989352
-7.71424100504029	76.9685103803252
11.5784330295714	11.8424139465852
-8.3307754167186	60.6284308213007
-41.8648426267316	-18.2071913198577
-15.1376921388895	-4.44981244122081
11.0853016845546	9.16405522283064
-24.0258153791133	-11.5849844208275
-31.8287125212347	96.7410878322282
-5.44427087954807	60.2132494350346
-16.8489168710972	24.6908660913175
4.52939897172028	2.40669505728041
4.27885473164645	-6.10261403301839
-7.95835741712432	51.8982144985745
-30.065685091617	98.5645157379547
-11.7657136347338	20.190050229062
-1.95965241668988	93.3073583178078
-37.9516049759107	3.65550512691164
-33.799150476944	83.4886018008433
-35.8705255332267	101.464780444371
-33.0569815062023	86.3916383145158
-45.2958602298469	8.77049298232627
11.4048454070689	-24.3479364620549
-51.0237173399288	8.17733879835571
-33.1997575513762	62.4932204219474
-21.5114294283157	5.42816921447966
-25.002387509072	64.439601967304
-36.950070708178	82.1877004009251
-6.96640055522458	92.8608697220826
-35.3671657497977	81.0924150585598
-13.6090284392717	13.6256987489151
-19.9573896466051	-16.4134571574602
-14.1725790703356	-6.9219443796121
12.2418192161509	-4.55926889372902
-20.290621037185	6.53419773111438
-14.8837243446123	21.415547680394
4.02942761114036	7.44050371305479
-14.6487145330046	4.14357587219076
16.1564004594489	16.7764640624669
-7.83968701335604	87.8506837533435
16.4839016452532	-0.0078912745324827
-14.1133566306059	-19.8857395528262
-16.5496903509825	1.85985383022739
-9.84505818505291	62.6307733270134
-29.836260270338	98.3271730738132
-11.1842345414533	21.7383328125065
-39.4308033960538	-8.688620886944
-6.44161811201989	96.5598869587693
-22.4300556365326	11.4582055080684
-5.45250879685606	63.6788138739466
-48.2158626012738	27.6034268831086
-50.7858814490281	5.40090308540432
-4.56795019799038	83.0921052639436
-47.0041239960324	21.6515352737994
-36.3732843577609	51.230125073041
-29.6861157223006	63.9874061377051
16.3533266724988	18.6578968421969
-33.4118549507735	90.3969952854359
-20.5211257169547	-0.113689581820168
-43.3200467868791	14.0837470164621
-38.2639879614688	4.72707385901711
-21.0276291550997	-8.33156313255271
-31.9587782255578	62.7088438355688
-22.2941971869295	-11.8555608229949
6.51900572769378	-3.53588585370099
-36.3816682258724	71.8698882869272
-34.8387582882205	63.110176790602
8.86867215678448	4.43891603624338
-16.2641937582887	4.65452022197656
4.91013169652062	-5.08112090555887
-22.1710385005678	-15.1589063347115
-33.5342615314432	85.6257535881777
-12.2862885792178	-11.1406466865157
-23.8869137344353	5.33173845254573
-35.4128219378973	83.9223086037165
-38.2706423948282	-13.8315004579564
-40.5603228583293	-16.4819372026882
-9.69506000364324	52.1083614984488
-47.0929445649444	13.0367371497116
-48.9369290084371	25.1376536098752
-3.65239588711496	103.578365145612
11.2750545403073	-0.0441878303194915
8.06059736006752	-18.5081638722518
1.7847796065774	81.0537580173984
-45.8224094703997	-6.14868655829899
-43.8108584310479	26.4565268329967
-31.7784948139495	53.2601310552892
-3.55408635028206	73.8145197989253
-36.7253081351595	80.7640255051811
-40.5956096878697	-7.16148765196365
-19.3869429675426	2.69938182617294
14.4097508990565	-22.4426016008197
-7.85005351374146	76.3524686891156
-3.89617287466679	74.8718928392952
1.15958384502419	72.9686285697152
-47.6951963294644	-21.4432948205902
-18.3052745777967	21.8481231067814
3.4515899009064	22.2399247179759
6.30492976569161	-10.0419185053642
-33.6963688464228	66.3741782622026
-46.0791913967024	5.13348326278503
-35.8691312325197	94.8506153663665
-33.5355389598387	80.2399681286568
1.27928101761699	87.368978345778
-34.1476164630709	71.2016333089387
-17.6159667929484	-6.91299907650499
-5.11937086679379	89.4604752406652
-9.30954835119055	90.9513724543436
-26.7837538537661	51.4124425358644
-31.1624125575248	67.555968277751
-1.84395334144604	75.1454431855468
-3.66216885274842	64.7855631598415
-32.0877031195221	68.4559826819864
-8.23622539614482	78.1877444291929
-32.3815023585447	66.2057686073505
-32.0514311684198	103.365240527719
-10.559674775196	6.06484694899634
-12.3375560111067	11.0917856620648
-31.1618590944928	64.6911030581785
6.50459188877887	-3.74078519078224
3.68256685164173	14.2993626108898
-43.2186405097677	-12.8181892586948
14.3689423923012	-23.1810503632055
-26.5399233789307	103.479020864584
-6.01339639215917	90.0579783981674
-26.2714442517598	54.7575527648359
14.8804424635728	-12.3833313587906
-42.1028869144257	-17.283855857592
3.03500226239652	98.1052275152422
-35.4563521173151	103.719618970139
-2.20506293439484	84.8686491434545
-39.5788612177653	18.7090111756643
-22.1539036888837	8.89958266198979
-32.2228674924709	92.4530487838227
-3.26974924357545	62.6095551409927
-17.1558634000084	-21.3768640967318
-32.6438384854339	102.814243125539
-22.7386283279682	-5.59518702269128
-23.4698303996659	-18.8424454674295
-33.223502614614	93.8832517392964
-30.0570744456949	75.086378082063
-30.3977314730289	54.3112394553369
-40.8947256314904	14.1239503260226
-8.35238453712947	87.9078194432068
-35.899401580127	73.0788953324386
12.9205660638496	25.9293384662052
6.3596545827252	19.4926417001498
-32.4483071506102	98.3652130028193
-47.036479336455	-19.5074586632193
-35.8041414906298	66.6872648767954
-17.7546211461464	7.39061366971492
16.417491727017	14.4683151824151
-8.65587185235729	71.8237737525027
-41.8753197005899	21.0760746638295
9.69192664887483	-11.2066157798435
-47.8629557792959	10.0886738778685
0.141005405900644	103.109486272612
14.5502241877745	0.142709265472284
-50.210006815591	2.52610221927963
-36.3501892479278	66.465336004343
-5.39093982352533	58.2972205651619
-24.6681021356468	75.2851425561355
-39.2824787787882	6.41923805402658
-6.96554657370611	90.6779791553512
14.4978406574454	-21.5851264059128
-38.6557708050814	21.6777338035564
-3.5587608211491	88.1863891952925
-11.8322446558841	-18.1334745786759
-13.1781560041974	0.952832387110277
-25.8026330444261	94.7556948353411
-5.96788869867621	99.2835407315473
-26.7117809890334	88.4425915698891
-16.280338829528	-1.44010969050422
-25.6890375873403	98.1942656000938
10.436088580562	-14.3057828753687
-40.7899605187788	-18.0558102408714
-27.9136446908437	77.8298801391713
-2.73723255232249	96.1943908545516
-7.55526563074933	97.7615144645141
-50.390046341945	-5.95587632086907
-21.1046918699958	-12.3233959033829
-50.5623086807185	26.5454331241412
-48.2484298182964	7.66636711554496
-37.8314214278912	68.4083350882416
-4.50127217997818	93.4303600116288
14.8700561947654	3.43220254885117
-23.4611472885841	7.36295597568098
-36.5704561239521	70.7119066144953
-48.414874399027	-21.1092008921448
-20.588047719726	17.0327649957254
-39.1194842680067	20.8808988882016
-3.60139305133282	66.7248052298024
15.1455882323308	-0.507711428614704
-18.0177135965395	9.52941984910811
14.313741720389	8.91455661655574
-41.2182049733219	-22.4333071617227
12.4545494118198	25.5252404651645
-11.209837538611	4.52157827913023
-42.605959002292	-9.35194052745363
-46.9039401635948	22.7715230898793
-11.0958923791952	-10.483184066465
-20.799583480127	-17.8735123540783
-33.8212702619779	55.2832926250691
13.3399710754519	6.37888049228265
-48.8647210517383	-13.5033466752318
15.981632534189	-23.1105932177355
-9.23111513904458	97.5327253311422
9.39867023626914	12.5695730401339
-15.4873856470807	-22.8390808789076
-22.720825708157	17.5273710694002
0.327359890181615	101.373127761843
-17.2914270352733	11.6948604924554
5.53498947052925	4.70247436017202
1.5406444053275	80.0159490546214
-18.5012352475969	8.75134494437129
-50.305767429485	-5.445534347316
-25.9193579089694	55.3947154070678
-32.4557701339557	66.077049272437
-49.9129541012263	-23.8591747157175
-34.9484491831122	84.3671085277926
-44.6668343126788	6.98401036946304
0.314910658230087	74.9634552514697
-22.0287775449634	14.5228603401286
0.660283217668164	102.80963884196
15.5272649658846	26.6284476903209
-11.0817456556026	-2.13346311013662
12.8392033073707	-12.0280028871165
-37.5424652446818	58.1131422436242
-6.58011391462811	77.0454922394513
7.54243724520588	-18.086626837332
-4.18494743794191	66.5229454313356
-48.4358272567119	18.1912501202094
6.72145537198855	-13.9473652452683
2.8810700470524	99.9950086811968
7.94813060687937	4.41221410209443
9.57747052466382	-3.53909394417875
15.9569506256282	11.0701109216185
-5.85825697165015	52.6406784205918
-42.8433614768381	4.47764743515132
-16.9769715231264	19.0455317256303
2.30779817366119	54.7459743308394
-49.1755445115851	27.5106697852703
-45.954003832592	23.6852843607725
12.4631808102105	26.7610911097913
9.2942069559528	13.1250186998273
-4.0575583639879	65.9258810765097
-14.9403558371579	-10.9421418178256
-6.97900623551734	63.68518735061
-41.2078374830906	25.8779618382531
-40.3767047863726	16.3187487748319
12.0334790607652	23.8905728101888
-47.8069506032422	-14.555092181429
15.6506118422694	-19.6848848607475
-36.4238843781743	76.2955768428247
-39.2860492991221	26.2688971842795
-3.51014916654701	91.7922435686357
-24.9475871962267	87.1703893969892
-4.17187833240669	71.6192228074725
-44.0818236006033	26.9071726866312
-29.9967968709892	98.7370512935087
-12.0448659459504	13.6452490880983
-7.27879914977584	85.3559746601123
-49.9629318351211	22.5300176369568
5.84234748531289	14.0724413712328
-8.82852538928415	82.628379109438
-29.3058947370032	90.0696357969646
-18.3374730056877	-3.46733134296492
14.8883703701339	25.8987785575652
-29.8602848416123	76.3581841932696
-15.9499484932843	4.14436390715314
-39.5873948797305	-18.2214964972923
-44.1445369444376	-22.426303835115
-41.731402714238	-22.6964517318487
-43.9802750193949	-20.5424909108239
-44.3011239219063	-9.73307147424429
-40.5846022748385	22.5785884593801
13.8997300343732	4.31985315772035
7.73735987647651	-17.9244479716706
5.03827642390375	-8.46744026742493
9.68808857145452	-19.4157733270227
-15.1542069949299	26.1997441233546
-21.0896043636086	-0.739164031443442
-37.9604478969128	19.0298942397611
15.5126633072979	-17.4545680939971
2.33650820183037	67.703085837298
-39.2016991688043	-10.9452111058795
-47.3866825987389	8.79931683127638
-36.9618158079229	54.5172642379424
-48.159552086855	-7.82714345948808
-35.895402209942	103.240204131358
-34.7184982206271	51.5656240676163
-4.82176440294478	67.8552987093575
10.640815993592	-8.67706210833589
-43.0360501874086	-12.7090201077471
-18.5624955901721	8.3634034325999
-43.1043193074843	-4.39286751888018
0.186549864278181	77.9693517005018
-37.8705706142784	88.3316681249439
16.0044593731539	-3.09497694459377
-5.72992887070678	87.2509395319734
-44.6682519020132	-22.5616583300296
-33.5809665955029	92.959466115243
3.42761902655888	-9.44007850261385
-40.6318536697771	17.7215891311316
9.9169859479753	19.2332322184581
-29.8876180683252	85.8266771535045
-47.5538120316265	-3.87377310589698
-0.461128959537397	64.4909928504171
-22.9089712966748	20.3204249080441
-28.4009144885179	69.9357063585849
-22.5534652479407	-24.1164236103667
-14.0107489225394	24.0823608998503
-5.97584705583851	94.075400072551
3.11892008272803	70.2508082831332
-22.9971688388528	-10.1601557298617
3.60380608300716	21.7450808256276
5.62667578144541	2.24117823587125
15.6181539456457	-12.0748316998105
5.16194646348096	4.46702583115645
-8.70956570748137	82.9233027454371
-22.4153549826094	5.16362018864592
-37.4567808750287	82.8646223501314
4.34823707442826	13.3149656151449
-12.3663707907452	5.88115894758856
-6.86222773398192	80.3685255889871
-42.3789803122398	24.559615879964
5.68085755107822	24.9761507735332
6.97649004086474	-18.714863303426
15.0918118701427	-22.5776045171419
-18.6586321541616	0.725005297809007
-43.6462298548478	8.16674099139509
-28.3626357977466	78.9996260032756
2.81330212586634	103.025812084352
-12.1830575879276	-12.4488804038811
-43.4568763502083	16.6105731867203
-42.406314198245	-19.6797965786087
-49.9856453951356	-7.25782257450479
-4.1145834081537	85.5632465640502
-41.6133112331728	0.401097670261443
-18.3945841380602	5.91196613176023
-8.28400802266363	62.8694063410414
2.96197595211231	78.0839929061327
12.7865306928301	-25.1612102111517
-26.7289378775968	74.4684489898584
0.679367983251315	53.4325647468641
-5.25438099212638	85.1021174468362
-35.0258380872324	52.7984327742418
-29.7280482144193	62.746980698979
-51.5461138928367	20.2932396058501
-27.6130733319138	63.7574548258305
-39.3341561950549	0.170520971325967
5.65002058654104	14.0325867193572
-35.2800347569708	66.3636122907915
-43.9378302598394	21.0023812730002
-1.12296375648103	60.3243343376995
16.7627015981944	7.11394995933668
-46.4381986399968	20.1705258681896
-50.0393118786081	-22.230084531951
-24.0750463818466	1.40263345301277
-18.8584451907793	24.3471026760602
-0.424895621354915	78.879454559245
-3.06063605261963	89.7512863869299
-47.4271648157915	18.242933861655
-45.2515980547955	-1.68628718143535
1.06176814659692	92.4217574185205
16.4575890113292	13.0445609818672
-2.82471329845462	77.1936406285116
-1.78142890994406	75.8873162548838
-29.8157229193715	55.5829258725686
-20.8992666585828	-20.958859691614
5.14132190167894	-16.1313318761055
-51.4082563621663	-19.7495449393273
-31.5861947443297	56.4474438452085
13.1061157640515	-12.4354817430784
-42.3302155284987	22.5344525834532
-47.993550269173	13.1864060595157
-29.048800407448	95.7773927461127
-29.4023936766321	65.8684833709375
14.6049072669287	21.7718510530944
-43.2806408714857	16.436102920258
-44.9105595566137	17.1454739603958
-13.9829124021651	10.3405978695204
-41.2469387639489	-13.9071451044461
-47.6859097778762	27.7435971241174
-26.7936772622137	58.6792727981528
-45.5006667569321	13.0297151603439
-18.4748633574809	-15.2301377156872
-14.5011355084677	6.39365551370034
-29.7017046720798	56.1772501072969
3.8687982088504	-8.25828787538093
-41.0527263873735	-8.39625383895852
-1.55415787028688	70.4778303927814
-41.9596324411506	7.76799648504081
9.05831454856893	20.4861326972579
-3.13630263454403	64.3675146401521
-30.4559652917926	72.3284880515107
-6.30414838468239	77.800886393001
13.9466902785107	-22.9539838125189
-22.0091350721334	25.2764894505829
-18.3738765773519	-4.82603904167115
-14.4420163150082	-6.99357291773562
13.0617887090412	-4.98901791480284
-2.05909431509957	94.6571094588804
-20.9847436501386	-4.14083282647252
-33.2223040818682	64.6905185521843
-41.0054554397033	-18.6200516578741
-35.956272268857	62.5324891516244
-44.5669959822923	-7.69328725988017
-13.5582756154829	24.7449986074198
-4.18104752037469	92.2486461002675
-42.6878425867828	21.5968098164295
-22.6986290716463	1.31490624429515
-16.8516125611787	-18.0236685187999
-40.1217091879343	-7.86884013821745
15.3387115966692	0.644024773919543
-17.1320310059564	4.77122231592138
-29.8340607587852	84.5625417420169
-18.8771903119889	13.413159304951
5.19817526496585	-13.1384274636191
-39.1730685133545	-18.9051424210248
-25.1677242898923	58.1529335589762
-25.3669238577465	71.6539870870101
-11.0704270790629	-14.7317074235862
-6.70405844215625	74.2131930081434
5.77364733453389	-12.7120816949232
12.1534436662246	14.0092977419737
-6.95869352426991	94.0620476727102
-19.9799502906999	-9.27383213287663
10.2740372943261	21.0695477164888
-1.14375401876743	96.7214465976343
11.1422441262092	0.878959949546588
-0.148526094452444	94.3036997740235
-44.4494502614746	-19.4359443753599
-17.2433852827234	9.40257561772328
2.95307209147253	69.632128359401
7.32683431855954	-7.04130858428947
8.60334581358538	7.10668351760528
-28.5536545847028	62.7174565109655
14.2392766161703	-19.4106098931064
-27.5060056794772	73.3538694309454
-21.6516910132594	25.0200353015386
5.09607279685488	9.29756215045383
-5.67333858880522	53.4755000990704
-43.8040055912501	-24.4132170082053
-41.1151138981667	5.70752592914357
-34.4100572729856	98.8552051587823
-0.0549179350768345	74.1761251457437
14.7586272754218	-20.6172369843295
-7.53071743449591	51.7591608344711
-14.4667368120336	-16.3756318184854
16.4290813115094	-9.92054166195789
-34.9988158202706	100.481879719512
-24.978017052464	80.69268127074
-49.0350744235657	8.89857802801958
-37.534524373039	83.7270040464248
-45.7418872288783	-23.3919010366126
13.1765212009335	1.72801316753287
10.7644300623781	-19.0330596575577
6.08982900576873	11.8005440066544
-51.2684512518136	12.9409207802409
-24.2227527069469	57.8454958344559
-47.7396881515173	-13.3917246410722
-42.8988183551937	0.365052838977988
-38.918874293135	-6.4493091182547
-21.3213503851111	-9.77770694224321
-12.1783322063089	18.5103021937416
-22.6605505245401	-22.4129691002911
-42.9990565923248	-25.259126474462
-45.1167943039932	11.8248143315844
-19.3085216330298	25.6229254500644
-20.9869188755002	23.4415620254445
6.50761157837978	18.7849387746004
-35.4101236376096	78.7863683460695
16.2863942607837	26.734595667917
-2.16691819646729	103.894751640271
6.53594524875928	-24.2200500365725
-46.2937701699074	-6.67358972765238
-47.8995301683687	-7.63064104843088
-8.86690300626799	103.315884461386
-34.165866391063	94.0431781317964
-49.0877948906038	25.6265899354841
-38.3361208288159	0.610249454854527
-46.7647923641957	-1.65511260557289
-33.1581742542616	78.0377357747396
-26.4390875891865	79.4023668642108
-15.8952931114495	-7.21290845235029
8.16576249712749	6.76333457099281
12.3682306128126	15.6443317629739
-21.3504889040828	20.7458491496044
-40.254430124281	0.110071343823912
16.3136050925017	4.71020009113065
-25.5926815623755	62.132348637648
12.6023021682607	-2.57456109354691
-18.6559734149035	-13.1633793781967
-42.5501639126907	-11.678004613201
-6.91472148685888	73.4390522569035
-43.5778043710511	3.17800600237584
-2.60250527867122	91.5834575191344
-33.1386124607559	93.8671544679677
-32.4590193111283	84.4746444526186
-37.4427339900476	56.4264702728359
-33.0266228383666	66.043403197764
-41.2688728703516	15.644197473155
-32.0405994777081	75.5992984544222
-34.0914014178175	88.866088661647
-20.06811015048	22.0347236125062
-2.79249140231393	79.9419710812448
-44.6145505237193	12.4895227850936
-18.4239659824182	26.0325495417611
-26.7880685879573	102.082015346572
11.8371314305778	-15.2378394833234
-19.7564171994369	7.88165002799762
-26.0977124700575	68.3559238014984
-31.0404379694749	80.2756370576502
-29.1799894800533	102.737430383778
-34.6348474377172	65.3939664745611
-15.0851379229878	20.0074000419789
8.20883390432894	14.1395721162081
0.807286864779907	96.544702535574
12.0330927078063	-9.69096958093068
-8.67638493435183	75.177035975165
10.8552765138359	-4.27301538867646
-39.6678606505836	23.4085348787896
-35.4482814155811	64.0536187041029
-46.394201439324	-4.81004568468833
-1.07222351280677	98.6035161702297
-19.6027060736858	-24.370139757845
-6.64784609929067	76.1863221803016
-4.26264065563918	88.6540286929003
6.22891703561336	26.9120989746987
-23.3931908417939	26.7096630403712
-37.7753243684565	64.8113200460869
-51.3435221479781	-1.33036055948612
-1.82606244376589	59.5894278583143
-33.6533432872104	84.0857347626942
-49.2603293784843	6.55078907533479
-11.854991914386	-18.200485907537
-36.2792380355952	98.0171279612773
4.16135149110057	6.08410960815321
-42.4605648365838	22.4623638013032
-45.9821788170638	-12.2161264587245
-51.5379770495913	-15.0408683990345
-19.372510041778	-3.50016463904049
-12.4811480632957	23.1297563443623
-27.081035037128	94.1853775425993
-50.2234307443132	-13.2295154750154
-40.0588552085359	-17.8479258390139
-10.0669061915675	93.1384385232988
-16.4490280698021	-8.06204894568666
-25.36191246339	89.1291965177415
-49.4527972458488	7.656244395989
-10.3304240892973	56.3774064875897
-31.8742125776631	93.5825820467427
-31.0769352547681	102.702664224297
-17.9563566507147	-17.8532628625809
-13.7859710243289	24.7352635074265
16.1790371670881	-24.6072010998863
-50.2106128741852	5.62561516996823
-9.11353475502593	76.2744293548065
-32.2562798162403	60.1264797425018
-39.0276788173493	4.8053274614611
16.0925626824251	5.50494934218797
-28.8520306137407	57.5056366286433
16.4974058475703	21.8920637374703
-1.57953770444061	90.2788768724339
-36.3545224331484	70.4478841439109
7.04967701185519	-9.36839875835683
-1.81703297047786	82.2762834842227
-32.1778231864751	61.4146991973384
-9.30113785013425	65.6783277223519
-21.2492346629918	-1.1911687644983
10.2057203397305	-14.1653098421811
-21.9669140528853	26.4442914480306
-51.0439246194846	15.9616116718319
-22.8606153092535	-12.8272555818054
8.15418269320828	-22.9726527071932
11.9443358423741	-25.5347153143791
-19.6181878852448	-15.6006315291864
-48.3112860688446	-11.6256177459329
1.53155606493974	97.9279630966138
-16.0746143550208	-5.76208120227749
-27.7937108678604	87.021528881911
14.3174066760688	13.35977657963
10.1381348915835	-20.2145391369184
-33.9261701913876	90.5668601331875
-49.2200201721644	16.2948825913397
-33.2180077082758	102.503663253041
-9.902714881028	70.2804495960536
-36.1810724538041	91.4707478639446
-2.44367746342543	65.8273363986182
-42.9152566289946	16.6417481586289
-8.17493708048802	58.0305702346766
-8.5222943311982	54.3273544131078
15.8618974975325	0.0885527767746562
3.34002860893257	-0.733037654289473
-22.8895708260192	-13.7391311847022
-33.6415834981315	95.8161448325022
-0.728480804649057	103.734278806859
-27.1255530441649	89.5528385393286
3.25027481319086	-9.71505451870422
-44.6654767766885	22.0769036261918
-17.2205485495286	-14.0156266847578
-26.2032489364892	96.0700485597185
-12.6401073473525	18.7780931646896
7.41217703509561	-16.2519349058381
6.06801211861101	16.5940616177571
7.51221508629138	6.3872907867496
-43.5459156825515	-12.2027189941393
-8.61967536543743	88.650023851542
-46.413025284854	3.1796142587379
-10.5450088551973	11.0531301771811
2.63276487234405	68.3920755328266
14.0571551449302	-19.8481371801703
-2.11949310047379	66.0972803109647
-31.434919670108	74.1193749520569
-39.4886371374617	16.1346596153431
-42.6213264518463	-1.2213070211161
-39.6370574483501	-24.3951717296895
14.1513047481195	-25.2032671953424
-35.0355001518765	102.555690517862
-33.2826397039408	55.0885989757066
0.114166952284764	77.5902004743647
-45.4001761211535	-2.47471349132342
-31.2605946291218	78.9557411324702
-16.6113352758964	25.3028552668159
11.7725872666009	-9.9039632666058
-49.2005376134708	6.75802826870166
-47.9878009595944	20.3566458834154
-46.3757659649589	-6.918812050181
-36.5449624667261	93.5362151961708
-37.3520981156643	74.1644205468343
2.72763827274639	55.9335437592884
16.8991838173093	-6.89691039740656
5.58627091259857	-1.96262279892931
-22.1952355021226	13.2008633163001
-30.7740815165874	96.8383888834837
-23.8696042143794	10.8639664433221
-31.2291677365341	58.3603841666523
-6.41539881986221	103.122070651463
6.7947133689762	12.4717147032766
7.77880206801316	5.13900909830046
-43.5697137434782	0.684662142424767
-16.7881880450797	-6.46719064971351
-35.8919998735147	102.931180061861
-37.1098588063105	83.0345824849942
-30.0794679136405	69.1361544089278
-13.1928887640367	22.9983439272767
-34.5844924711768	53.456124087433
-0.135477294150816	63.2897421317438
12.9596056024062	18.9669111037495
-21.8742801880216	-22.2917551023596
-32.1830582174344	81.4748703367954
-19.251478808302	9.89742428326146
9.1585367448661	23.5207362423121
-46.1140841590683	9.34197154950724
-20.6059275742676	-24.4978102784716
-40.4680003450953	12.1383244945603
-37.1432999191687	96.9547871582048
-43.3916300948478	-18.3318606319302
-44.2497285830568	-5.88967334588914
13.9794715116143	-14.2277851687007
11.0648694115536	-4.400345971224
-33.828208943069	50.9923849020257
-28.0520885618498	102.861923780227
-49.2316405548091	5.19351692117437
-14.2742710799288	2.93866093124449
3.28343344357598	-21.4280862183904
-12.6449989784283	-6.49884745049883
-40.2336101280543	-19.0442750315353
-32.4637905301067	71.2766830300793
-44.1621448786883	-8.67266993873199
-50.711033920999	-21.0319525462854
16.2923274627517	14.0543913292707
-10.2037399057486	51.4262921772559
-43.944312186245	26.1111139626876
-34.9835519447415	63.9075107171883
-41.8652657291103	-16.2097747170663
-45.8421696140692	26.1010682397624
13.1212873885364	-23.9081894262396
1.57410267305096	75.911872291792
13.1035927406182	2.56605372919462
-43.1272066595167	-14.1402068895041
-38.776971225893	-24.6659525609524
-4.49182878089225	76.3530594796722
-20.2638433956362	5.44354696569988
-11.2305362754423	23.7158284880703
-32.6447397616594	96.4120896714877
16.8593396318154	-15.5345973853419
-16.9167641381201	24.1278231315434
-28.3879620043108	102.09934357185
-14.992085575782	-0.0583860342633827
-14.1392994488137	24.1011257556878
-15.8377026673123	-14.0001591206131
-39.9607184457068	17.913344415581
0.586900974261557	96.9286499263937
-12.7938820000748	-19.3551439007934
2.96884585701508	59.383610541104
14.4690817943921	-3.71536904677058
-0.903694263304259	63.3401263409221
-49.5177812332343	27.4234499463451
-43.8025856707117	22.8207094380322
16.507733774704	-9.36600000867537
-39.8604791881845	6.66779345147571
8.5658656082029	6.88103030145817
-20.1845074914427	10.7922827038705
-15.0910713705518	3.32091615628932
-14.8351842823585	9.55152252241006
2.53115517054087	59.1793997843097
-10.452268958307	96.6308828326924
-30.4533542346956	84.4531510220151
11.9331276231773	-11.9084221760493
-35.7628941020369	93.5879105695085
-37.2465055272097	60.1845904776562
13.3095215810451	4.66990349824053
8.15693814788374	-4.07111873356215
-42.4718969423898	-9.824550840684
-38.0734515973375	8.55620500943423
-10.5808231641126	-3.49555502718166
-43.5053551880737	-16.0428829288888
-12.2636141858353	4.22107883794313
-38.6418510506936	-5.07570371267598
-35.4173854341926	57.7722214614019
-27.9503906325851	61.3315385213432
-18.9725889856513	-22.293795899846
-0.719339320630062	94.3917968660337
5.32918870377969	-11.9613641547469
16.1852149183587	8.83881532266088
-51.4740969767929	-4.97493358818997
-38.2301239224046	-18.3690253119075
4.51428479238148	-0.907914839082195
-23.0964597421417	-9.23952218614396
-42.1947539781678	8.66075692404697
-6.24714588593057	59.5069288604713
-25.0447952905435	69.953627918633
14.8116842721324	3.53806331952787
-16.920669731721	18.2709952103376
-33.9500749365615	81.224742731047
-25.4660505478068	61.2313660688365
11.2997321170473	19.9147629966612
16.275577665838	-18.9840564803127
-50.1247568168191	17.1789993289719
-34.775692493617	58.157279898645
-18.5917054689048	-19.2634583394402
-48.7411011599797	18.0696704417623
-41.4263673880586	-15.5344879142103
-26.3171505280555	51.807723590444
11.5483658672835	10.3114286400377
0.114471561196647	69.464922170969
-18.4161574996873	-24.7967627910294
-28.4235908068201	73.8266934516119
-7.55988992338838	64.934608880973
2.69847222324318	66.1499468626943
-20.1552033566263	-11.545354782437
15.2652484707352	10.1202131456913
-17.2925264977561	-23.8115206357749
-32.1417080247809	65.175864048994
-51.5339627280422	18.1125271060934
-42.1979297523264	25.4755797889546
-17.942134028131	-12.352189943698
-21.5222032077559	-3.7160995952981
-20.4402017045815	-20.3951003951144
7.50957417568781	21.5238072903259
-27.9756991331989	74.7443454426886
-39.7089563825762	27.3067715191411
-45.3963940042731	-5.48978817829951
-23.8356308736755	12.2737215790869
-6.65084684260044	62.6366487175023
4.42937192379336	-7.99249880747718
-41.4209394376838	-24.5941746376867
-48.1566511656378	13.8628366006952
12.6234057230079	-24.9554766714568
-14.7255186711528	0.493963525153307
-23.3529285774952	16.0281606565645
-14.5231257430543	12.5833885274564
-13.060377091932	-1.95731973748538
-46.0105243917882	-8.78071907250675
-45.6050640939351	19.1895582347452
6.32651991122432	24.1588454914571
-16.3743122917121	-14.8120942433845
-27.9902454026032	84.4129471452881
-10.9070855209605	-5.02440471369017
3.84247613811997	-13.1385600261343
5.6790148777327	-7.32921490698578
-6.4135254864945	98.4964892106362
-20.729826448499	-19.809807727733
14.7664778343081	4.26922472967439
-2.35950419204607	76.0503221755393
-20.8438440483818	10.8111743194715
1.65444994105599	50.8267082727029
-14.4967692557908	5.21731698418289
-25.5874355242977	92.9997125281992
-51.3677623256997	15.8254416682517
-4.80588642745357	58.2558376798726
-32.829517091353	54.7265697701385
-18.1966217484184	27.4384183381756
-2.77667124839498	85.7018479340932
-30.5645995150615	85.037485232648
-7.0882236366591	67.7585953295778
8.42681809905546	12.0374671091521
-4.98399082055774	69.6132345768915
-34.3643807607382	90.0284054471109
-3.0131621472372	56.9954850132698
-44.5335553308652	16.1679303745362
4.36040081880351	-14.4798365277023
-47.2130826238636	-20.1893625835615
3.04460660283836	94.5642055426838
-7.48729972929842	71.1074578471903
16.8162963645728	27.0490263738994
-3.80382285714098	72.5469950082304
-6.48267203750557	63.7006644074818
-10.9442086043524	22.9432489195193
-2.47336048283149	61.7237797592767
-47.912477038951	-24.2124565686883
-48.733923294402	22.7554807429138
-12.5498493281079	-8.66318546575462
-15.0196626778224	4.90890046595492
-7.95254152892409	71.932685498177
-32.0285371087138	80.9955042654615
-10.61156286157	-3.15105614065494
-43.0891559780237	15.695009541612
12.4479577442519	-19.143109075501
-14.6229592999564	-5.87296224858914
-32.5490494897679	91.8782411689463
13.9624444050599	13.710907545575
-14.8811552822848	9.04834298140211
1.07597937766821	51.96909304276
-37.8330638702063	61.2155059081339
-48.0611838248302	20.6789679574087
-13.6630377749608	-11.4380239170413
-31.7751714080426	96.0391008973654
8.54593369391309	14.7970845690084
-1.7258685127824	103.310581663219
-16.6903634689262	8.6835356300496
-35.8466208895509	83.0079431010291
-13.9553031822986	24.2508328593199
11.5680379086853	23.3549939142964
-22.9849065820638	10.9355489482775
-7.87233244154844	85.2541951120076
-18.1064937756031	18.486979887092
-15.0007058772485	22.609667303273
5.55775075134339	-10.4959213565745
6.67004877432792	17.9280048241413
-3.35847407138409	73.64363553976
-34.9836349557484	81.8968320475572
-10.6774122334684	21.1451949442361
-26.282980700106	90.4821850048132
10.3277012775495	4.83443742268654
-4.08812294424736	99.8841239874936
-27.4743892835753	101.090013886821
8.13784794453568	-20.2273845177492
-30.4261879767649	91.8571568808366
0.108528136292343	97.7257194693602
1.80718103840883	91.070755847369
-39.379757207403	10.3206210298606
-26.261930629527	59.7929870532081
-22.666986551014	4.21592395110931
-13.4460812616512	-18.5824092462051
11.9293292501811	23.0580285664703
-22.7776094811084	20.3190255318755
-49.8804011390959	-12.8214205362769
2.37563053411964	62.2253603065901
9.91563895465307	-14.9186996612388
-10.8755469874386	3.67941430709439
3.73646525917528	24.2963411043503
-1.34250512305037	58.6080449229297
9.19949761889293	26.2356354371828
4.87481733068277	25.2264073621654
-12.3566553039701	20.0452815647441
-22.0103792335171	12.8179021636052
-7.67379981755625	61.5612990571361
7.85689174366891	-16.6585113931456
7.70690047773202	27.0828720339758
-41.9223328599755	-4.73873845984295
-44.832097351445	-10.4715261260239
-36.9851420499594	54.3044823176507
-11.5078479495801	21.6360048778937
2.54044068647457	53.196215598791
-14.0748976420839	-17.7485650663497
2.69312293849428	62.8691568250016
0.602020255864747	78.714038176543
-7.01785015803525	99.0878076907048
9.74416330261374	-13.5676896740367
-0.409865608845274	84.3713926527043
-36.4200327367574	58.4399842516036
-49.6325991510885	-12.9349731177151
-1.36981214993545	73.4580667255786
-47.0450346731427	8.36264351163561
-31.3691660914438	90.9557995811193
-42.5276149040075	-14.9984600684356
6.85121957376847	19.4543272224814
5.43450699449505	-25.43905118574
-12.5097817035568	18.795349999724
-38.8906038225019	-23.4985858959073
-4.09200143495587	81.1915411561517
-41.2042781577094	11.4807418905303
-3.73249827649037	56.0149626686493
-31.724127532661	85.5116869137171
-36.8655767481449	91.1230848772078
-39.8188090332087	12.2032272899636
14.862321610804	-11.6150666291642
-51.1790829094075	-5.69126208524595
13.0107313107162	-4.3726717492155
-36.2160392894953	89.5061127410279
1.94969603971813	62.0320167053546
-42.1140488561935	-19.1716754657384
-13.6230390616318	22.6650975076346
-10.2011313080512	94.3618446037631
15.5623166666522	-6.29676276341859
2.72647226601905	59.5390948540322
12.9353874954213	-14.3304173334445
5.45359660077504	13.4081756088388
-34.0839804999316	97.1593108454813
-49.6647991955034	-7.79884311100728
-37.0940367867089	65.0802273878072
-18.292565957779	18.9708896875088
-22.0468798814059	20.2109090442422
-48.0393860665527	1.9761082739104
-30.3424118144364	95.7660489137687
-31.8946554446683	64.6093751502501
-7.31987624605839	52.9987204284725
10.9382704075641	27.7021640659846
-40.8335699635684	14.9653237467123
-2.79534033386944	95.4780613373347
3.79140964138928	-20.5062186381486
13.241223156314	-1.33689982484792
-36.2105226472443	90.0135282077639
-50.3118332301792	-12.3018008573084
-51.4314640271802	4.15403988537846
6.4365874709962	-16.7988782407104
-26.5675502890178	103.471571554663
-49.9041392344394	18.0221700841561
-5.15103753646252	102.730095329893
-21.4203006283249	24.233847527053
-36.5830043236715	53.0973420051167
13.8798361059412	-1.65342501913266
-3.61471988453867	71.9015951217326
-18.2405114275099	15.8190893517181
1.98357897209602	62.0029149199923
-30.8189419504177	61.5430106638093
-20.8894071871525	5.3200933246905
-36.0004099936417	61.4102488090433
3.99864364446672	9.27608440767275
-44.5498279876902	-1.32731855572821
-51.1586121493131	12.3242060160735
-31.7709462961127	94.5248742414891
-47.2971926898051	1.44932219194071
-15.8669766597986	11.8392710734303
-43.8511618701938	3.45816174769926
3.11258386302521	67.613176699773
5.77070125014803	21.7549411352215
16.841449679824	15.7962915805319
14.6273223303073	-1.81398675322092
-23.1117570593722	-1.16368752017075
-12.9029726697342	19.6444666388759
6.07653908696369	14.5622986770366
-7.73514393910206	82.3686121013648
-27.5742194725192	78.2565779094568
-30.0967495099633	80.4522979069484
-26.4153119690688	61.6668612046299
-9.03413266075892	52.3303838027193
-27.6400136345633	54.3449658502869
-11.4265495419356	7.12414590470837
-10.0048569239529	62.7946015977762
-17.5277763679287	10.230389336421
-28.8098949170526	54.8397485161187
-5.73065974371675	96.0020837323523
-31.973474623559	62.5290901872582
-1.47790750060175	84.8065732786531
8.0608410261687	26.3771441308204
16.5690459203222	17.3273785281274
-36.2680879207675	86.1411349516185
-31.1951402817618	79.9058236060425
-43.8142901349745	-24.6397495839918
-32.5480507363189	64.2532390736787
-18.3476277290422	10.8564117267062
-8.90389865147194	68.4407795675465
-26.8994421386751	103.520580994195
-17.2137866922042	20.6051255462528
-39.3910920953919	12.6757980000226
-14.2591356250613	-1.84767965564701
-13.054110567305	-9.69926052864192
-18.2387145586252	-1.41592933306718
9.64745388002717	2.87648648777713
-21.5743601667314	-14.611045292426
-25.0335795791997	73.1485881454531
15.4023987021101	-0.124156391500757
-40.1337597942867	-7.86576250981199
-21.0568967670553	23.725023900537
-26.4651654634418	62.9630097623042
-5.92829864629535	77.7393492507898
-28.7739290273197	65.4099555946717
0.771498259915569	89.4886693214332
-47.5162307989934	10.8676907053163
-25.9345028804404	96.9194226039632
8.87191786861918	-20.7393205791933
-44.9053611828564	-3.42697538888848
-45.3067875295142	20.3210398303962
-14.472501926632	14.5450396391871
1.77106344494783	95.8322833846837
-14.7330499798439	-10.3977047377239
-45.7251294587403	-0.710962306201007
-14.8033759147576	-1.0170213797568
-12.2578212607596	15.4335987327743
-9.65378444008067	70.6666664341462
-35.4352703800089	94.27058963307
-14.3676503231645	1.94500154592775
-20.9219453139103	-16.9809122523386
-1.85992584401864	76.8823188383411
-6.20051639050768	95.842376293332
-21.7707815398855	5.65274567761153
-49.4844767051227	-3.06042066319664
-44.8273804137411	-0.61171856337191
-34.252050909653	103.834118142831
10.7293725041731	-15.4208696658775
-11.7741577986013	1.4690444194876
8.91812711451613	-4.8802774700164
-9.0744139930545	55.7742376544897
8.97357007135437	20.3738857414443
-43.5407138912399	-11.6715412994641
-43.6228190846612	18.8463691790055
8.36216690493528	25.4486554417597
4.79691293946282	-21.3436115312363
10.7026266719354	-11.9516676009732
-43.6863381404388	8.55202061379626
-14.8281898448191	-11.6585803575602
-2.24777425742826	61.7988864578649
-25.0917762612184	73.9597098275426
-32.508980778827	53.4558411576671
13.0107225056099	21.9236036097701
-36.9216095797815	73.3060819754093
-48.2582184733424	21.5799374246519
-43.0362397622072	23.9388228811186
-26.5838360879198	74.129295682923
13.6243012232699	27.0486940196505
-24.0096971050236	17.5655356519166
-13.7240901924358	-19.5073365589862
1.25535964340068	68.851457859086
-22.3812837206477	0.431044292985383
-15.5548308705152	27.01042115769
6.50403342135224	13.386243911607
13.3404123331681	18.483099884418
-33.60347638304	50.6693785852585
-44.6339080985572	26.1421271047411
-46.6643228448316	25.9137438923872
-28.7613378495018	59.487629422417
15.047663403407	-1.20506711963532
11.8988381178377	14.5121680164553
13.4016493026498	-13.3113273596819
6.91015488770701	4.64641471356201
-51.1830001389578	3.43487725897874
-33.7648074115898	58.5500562372956
6.51169804975283	6.15601907434953
16.7444653841328	25.0973873772055
-7.73178734022177	64.050789177087
12.9327126175028	24.961527632767
-4.30296197589047	62.0899305130446
-18.7668007604113	-2.59292452564899
-7.10911843012921	93.7476531101276
-33.1238996681896	61.9552331089115
-12.3585156932595	-13.2195893305338
-3.84170278402474	73.8332260735507
6.29330941355728	1.99225653605274
2.43656994322224	54.6060447717901
-50.3218943572608	25.637125346108
-20.8041700321194	10.997178417961
-26.4374693727287	65.2164998076795
8.33514891918098	15.7611144581453
9.37758551257232	-2.64148587438153
-19.8334060651313	12.5617105165791
-33.5559649427606	74.3599132033965
8.68569765453811	-18.1625469948524
-34.6054045110276	75.6453702037019
13.0244815297341	-9.91281632587986
-38.4077413801998	-19.0088352538495
-6.18364506205388	72.5113537102411
0.181931168793082	86.7853051585037
13.4126814840238	-17.9457879422347
-40.7272113537105	14.1780607170641
12.2581038116497	11.214103968707
0.372629315529159	64.0629614299132
-46.4107827193743	-9.98840292818516
-9.72968147123863	75.9891924105483
-46.0671388647135	-9.74237475186208
-43.8232380927923	-4.86368931754216
12.189773494757	-21.5399520711765
-23.0888333771015	8.047748316517
-27.6898676901599	63.9609807021779
-34.3480919550108	64.3520085187921
1.18585377508681	84.9495648259812
13.0850626813911	25.1685590444249
13.3816066275597	-17.0232820005274
-16.0905399690917	-5.72656332611653
-46.8794673395608	2.45148356854205
-18.9815279018503	-22.6572761680568
12.6894405848138	1.43884478142656
8.04252119959924	2.73116694359094
1.95110329435383	52.7156479448535
-46.9863576743039	22.4668189102359
5.37221758350547	5.54899295402073
-41.7449326695517	22.8336751812153
-38.8375046006543	1.55691033834228
-17.0804198768834	4.38656490910395
-50.0724153212528	-8.42463864208922
-44.3606529689619	-5.95478841863483
-11.2759273631909	-15.4701655017362
-8.83690469103031	76.1595063168624
-12.0940217825041	15.7277767016488
2.31843703485812	82.9110899573381
-47.2157020211451	-22.8849464640411
15.1584138113758	-11.258508300965
-9.26417042277187	78.9389014589733
0.326626814598928	80.3454386625069
-33.7102087829485	98.5797441632514
-1.07242530393008	85.425140781791
3.81522050342366	-16.8409349820433
-4.59003972517457	75.6726875408943
3.12947444949931	50.8900656484234
-47.8572679720489	3.46927459988694
-20.2126666894429	20.8465592944793
-24.0465775693987	7.85078759374999
-35.2657282613786	67.6996892708179
3.06462267631853	99.3329550121952
9.7931675335644	-25.312846371326
-19.2264079562298	-20.1022860094409
-4.1832227030772	89.9791202191925
9.04141582045441	10.0097646171896
14.8031174923967	-12.9247568073036
-35.3330496724505	72.0081303751326
-25.4873934301791	78.8770169180638
-36.1820795984915	83.9933849909976
-23.0783328761172	-17.8212158706815
-10.2437080037215	68.011817259736
-22.0933467535341	2.70242941351508
0.643544435999727	59.9810993047048
-0.160800638935571	54.4144793036716
6.59326520290337	-5.88827913259361
-33.0315685176089	64.4881232374454
16.1670113118709	-24.3854708672816
9.44949441071971	-14.8211307380306
5.81992360706385	5.48150835259618
-3.32089381767118	91.6977325225156
-18.0043469274505	12.3771126180975
-20.7500177593803	-5.67447039738729
5.59237211051752	-8.13098737524518
12.881991486067	4.56361109254069
8.51938949174854	-21.2578100196826
-35.4068983407273	76.43045050326
-24.139954032349	-10.5683975764847
-30.1102273529135	100.985379818262
-13.4578664006798	-17.3891542933421
11.1054842624885	-7.97112218392962
-34.2191534026	68.1945122133242
2.90879784412947	63.2195230660926
11.2828763240394	-1.27642784448677
-28.8495378825325	101.956019727234
-37.936240145377	16.2874091572914
-31.294597594514	94.4438383485857
4.54836045150057	-12.4048704091669
0.481294945403791	83.6225020496941
9.85212314910268	12.9741874929753
-41.4703389590002	-22.4865131055335
-32.665724918523	88.562587831269
2.26614497179698	54.4741162579448
-15.1536232417188	11.311595891034
-3.981763421686	90.9541427636053
-40.6847383788888	-14.1545541500046
10.5419366803875	14.6205771871429
14.7963991434547	-19.3347422016257
12.6482585603266	10.0452339873034
-37.5415959123434	73.4445304486123
-38.5654807219834	15.0404629420111
-12.0300207256508	10.0820136580136
-47.022792932723	2.96945550264823
-19.4478741693331	-14.0503310897841
-37.2237222975813	80.3039828784933
2.16144793068795	92.6066811466909
-46.9282345320423	-13.8936104872383
-42.3642998517429	13.8474559260609
-31.4590984687546	56.547989347675
-44.5351210661684	-16.8766741086321
-44.1404822231164	9.60810110589189
-48.3824625097125	6.14114246953237
0.535878668547027	79.1588264625484
-15.3205242531029	-8.09795812817887
-48.701680420887	17.4131293273954
6.50218828044374	-20.2798430251314
6.08619323120001	-8.91208659286958
13.6699262633114	2.43609693312535
-11.9061953626109	-19.8734225520228
-20.9534950563427	-22.9945718786013
-7.83133582337572	56.4929919139893
-15.5590539756612	-22.9502286279939
-23.3083359879556	-12.4746643855871
-31.2212246044195	63.4902158598342
-16.1277972795401	10.9404761828971
3.55835071973405	15.3314222407677
-21.0281263656554	21.5699253821249
-7.63823535500396	69.116741315436
-12.2331939631664	0.014694778217927
-48.9539659647484	21.09286852907
-34.2095350629371	102.737124368353
-18.2772309417298	19.6294865137649
-42.6292663241604	-1.70975922625373
3.2177685771877	-10.9080979680802
10.2881335077287	-14.0073782111834
-37.9660529801811	11.7551943186918
8.70495106287468	-4.63052576001994
-11.8369827359807	-6.95423206330342
-10.9321091472008	9.63019299123094
12.0120644372391	1.08077437935295
14.4085166075786	-24.8200262624409
8.77659262287972	16.0819432579581
-31.7641900024161	68.6817677085774
-43.8469277310358	9.04949130676799
-11.4283710185406	27.3795937776521
-27.1669639156115	80.2466204739787
-13.0688795209329	-11.5018880638953
-5.70978230650143	83.1389688944728
3.96124872769477	-17.4768126476622
-11.0543052424099	20.9349396339523
14.1403848879635	12.9228872951472
-4.70686345875177	54.4120406014891
-45.3323399171894	12.8006165014221
-12.5594140529824	19.4231924228111
-21.0530366086631	-3.64729722518643
1.09404494307274	101.098742632862
12.2497951834108	24.0220036678904
-28.144888825768	71.8447153492091
-14.1483443170649	-17.826500630382
-25.5819786130637	69.7103523534807
-8.84815412889694	59.2495138413695
-35.0147236061268	92.6198433377344
2.83054453927212	70.2958010461729
8.89645434559584	-12.1837285361863
-20.5728519202256	-11.4148930165272
-5.8270863547915	62.7956534786251
-14.6364628574107	21.0377051870334
-28.2440835614566	75.9849730989015
-48.8247213362123	15.3701653964571
8.18853867198249	-8.76694454186479
-49.8400685481258	25.2109355420168
-6.64504712835838	93.6097304004066
-4.05203082506141	84.5973340420683
-15.3352968472086	17.3752444383359
-10.7970626637749	20.3184844854385
10.0208905723227	21.4035791539156
14.5822909224261	-14.4268035425872
-14.7687720065237	-0.508219414410845
-19.6480894183219	-16.0208604956504
-49.3368037847187	21.4937178282805
-32.2367405140857	102.360950811385
-20.6720683230674	-7.3537560832719
-9.40435048407131	84.6928845816668
-42.1565630465138	7.64381843591409
14.5691061422899	-23.0494984130314
-28.5649917660478	58.4257727502859
4.10528899522026	9.11442998801853
-26.5963472140611	55.3104961202854
2.36131130487016	72.489090603755
-47.4549345398004	4.4961780168918
-1.76698963508766	76.2701538849185
-19.4673198862929	16.8499897705589
-34.9537584732583	86.3374441071293
-29.6663559841641	55.0614099414844
-16.4249165771588	-9.40826069456312
-19.2171274996402	-17.6810704925948
-18.5721284597562	6.77670915761821
-26.6023727266717	88.8108641383461
16.363560597585	2.56706427863829
-35.3880740337037	57.0115114789769
-26.2110738079206	69.3348127722237
16.1779400119505	-22.0331595415448
-18.4622104633188	-16.8784355918592
-48.7980458898437	-19.2123993801409
-4.82438483996986	100.497355549168
5.23697634412693	12.3127715545628
-48.9467779146782	-20.203792970508
-22.6008040419446	19.412685286781
-11.5422009447677	0.0237470410422759
15.3316768956882	-4.63087212383567
11.6597895685349	16.3744443446198
7.359930837104	-11.4265089441973
-31.3882443991254	53.4390615250535
-19.7566027866231	15.160772818944
3.0021823910387	90.4266037754796
-25.9402053267348	64.3792157088031
-6.6502179261304	60.1157332752001
-4.77753708838715	76.6391693996787
11.8770809391205	-9.15031571039536
2.53016290796457	78.7375252713384
-34.4772157946294	92.3310680872038
2.71124821417844	73.5898444242234
2.66463682298375	96.5478813668707
-11.9035620127673	-6.24160024005661
-29.8944513249272	79.7650807920794
-24.0179348975905	16.2332423531061
16.5450879111517	27.3144869627073
12.2390599558674	1.47616060141246
-20.3155535212795	-20.7275390823633
-10.8852864497559	2.8203761738704
-42.0086253765781	27.5686267274393
-39.8243818898344	26.4943052710411
-26.2518343034272	67.384057126558
-17.3527582821947	-6.71975519620524
13.4089917007856	4.47281212650887
-39.2867225528808	1.72937176352232
15.1701814796915	-6.85318131816283
-17.1710854943211	11.39685475997
14.4813755673698	27.5556754637538
15.1585565634481	-18.9106999656312
-43.2172349381826	-14.1040037956918
-6.29444710177624	60.6387348788188
12.7927691244528	11.5384959946082
-33.7717660295363	101.934684673584
-32.2055054547427	62.2355886161315
0.122530337218701	89.6513488900608
12.8089218815061	-19.5410209093923
-37.6998934099112	78.4964778521111
15.5216165720169	20.1133025580365
3.51361295835864	-6.96580002084641
-46.9594876628219	21.509476618284
-37.6247702905202	63.4153451677825
-2.46836501287018	71.6536850990715
-12.3979258189491	20.3990188974166
-0.585638059062009	67.2544468389297
-10.145696101901	94.7960746288208
-39.5492706539225	-4.25480358191667
-28.7096413181857	68.5692686190291
-37.453046311376	54.0366477638709
2.57078081816997	85.9532866032557
15.5387371215922	-16.7294794999075
-37.7080700403079	81.0989408817934
-25.0670161486765	74.8169690331331
-40.480273529515	-9.2491734443491
-48.1842357412339	8.99131052446471
4.14229436980684	11.1856377264526
10.8011205069644	-22.2471504756032
12.2556903249174	-8.41387139446248
-3.27960931169851	80.903657705901
-29.3557085770121	95.3744803876626
-4.41705727358772	78.8576018142937
-26.0773424036306	59.2109408325325
14.7108289149406	23.0163196007149
-39.7023579593648	16.2880865874663
-22.0438223253023	17.8532116795342
-14.5598424719643	9.78126769589295
12.6288752657479	-5.24505902670962
-48.2755767681644	-4.49053641288087
-44.3270351429143	-15.4943994952772
12.1272094131307	20.4619859097188
-42.520435664551	18.5128476703653
-36.0585558452808	93.2265582541155
-1.48224659581006	85.9392761587229
-40.8247578624164	-3.0769501840106
-5.9857356062339	52.6313251554595
14.5359347956041	-20.7836413317479
-5.60907793303119	100.265637699255
-43.7980231760358	-2.17365714344798
-24.6086556762636	87.0875999085404
-41.4750063204684	5.95577830401072
-23.4973834251557	-5.3566844561405
-5.48162765197257	95.5181381384092
-32.9347037991383	64.0245402343242
-31.2124636473346	57.2771666650355
16.3963250641349	-10.4273054462593
-11.7302785543372	-1.25728676850872
16.292345443418	3.90574965433833
-7.23204847693461	92.9714720146363
-17.2051031474833	23.3810340984238
8.20913749791884	18.1154247385568
-6.92101863985576	51.7503249480009
10.7228067025732	-15.4496480509783
-23.1296176013325	5.08983085373299
-10.9748215132255	-24.6134990050932
-12.3286511740046	25.7636017753037
-13.7178430409133	8.2614985666199
-35.674320258992	69.541104997238
-6.07576373836545	92.0914481713874
6.53858738425475	-10.649521788907
-10.0643475623507	90.2332230810072
-42.0736094258687	16.5814185086508
-39.3981288139887	-2.75752243720868
12.9851244053365	2.31110419389842
-9.8704764316989	60.9554329365374
-6.66010550722128	51.9770112499943
12.5592576977757	-3.07937087798335
-2.05491172154857	84.7857774643306
-0.433448692633576	68.3672338207603
-15.5994314146057	8.49851785341344
-38.8070578743481	-7.01387404059429
-2.77429372522284	88.1725959576532
-28.3048830005287	90.7478698111824
-37.5755636050322	91.0655677989298
-49.8051116255268	9.74702469121394
-22.6807309809543	15.4367846570272
-38.7527252534262	17.6222366405861
-51.4558791179792	-11.4107768066001
-16.8280841327031	2.96897840099826
-44.3102124803312	-12.4478483683857
-14.0426994584562	5.54388831672583
14.2471236278693	-10.0870039875198
-48.7506079547948	-16.6369920980177
-6.31519281554799	88.1653938588371
-42.7259936112597	20.2718690229852
-33.7840648088173	83.5438071813727
-31.1111615809996	80.7530384505221
-14.8340380398973	13.1538399544148
-42.8321258574809	-24.8048715982834
-10.1846150296122	83.6399157675364
2.13733034137707	77.4727004579502
7.14253427980887	-13.1086857407877
-9.83550659644615	80.8052619403486
-37.4234250262813	62.9891693760636
16.3291625341121	-12.0411185488406
-2.77623600086118	54.0555859972536
-43.615483812357	15.2261070006329
4.18729863692645	-7.44492212264953
-40.6058231637202	-18.4096681426753
0.565265682309867	99.9037553706483
-19.0054899823984	-17.1979265148858
7.7109119672196	-6.53455059622551
-1.86492835355626	72.4377408186981
-3.59642830721116	61.8772549503509
13.9970374578022	27.2172390258103
-10.0616864841889	73.6221249003108
-1.4772367081101	59.2768302319897
-40.0598214461222	7.7815143617615
13.7422821473006	11.7799504318181
-20.4330989180979	24.84793177575
-47.4768290326717	11.3999570081062
-29.5314464404903	60.2842903258908
-31.0456499824143	89.520945283126
-41.7320747157065	7.42470637875091
-48.0324300343558	-15.9524879802833
0.973017953892341	54.3778761429567
-46.1670405147656	-14.9952931084762
8.62973932985917	-8.73061395732468
3.24925767656837	-10.8702311350864
-34.0152780455163	66.9809603040668
-50.7209928223353	14.1557288085721
10.6272477009478	-13.2235213001663
-48.0038630688112	-18.8711530393697
5.90288545182281	-0.57926455719582
-16.3348054740832	9.11087120550204
-43.3139195349311	11.8968815533334
-20.5602364056367	-12.7660850419808
1.4874593550334	91.0699804104491
3.38369968866674	14.2960495251052
-49.7770358421788	20.5322835541164
-42.141769922836	27.7283443456714
-5.30492799974656	89.4599518473523
8.52389279790471	19.3428289104484
-4.19173205177796	53.0936341786278
-22.7598640674048	19.9524204877393
-20.8071766003772	13.4680299024602
-44.2034306606986	16.3576726354492
9.25227964734603	5.08004692462941
8.35347726799582	-8.89500834637024
16.0252987458503	8.63883204655209
-46.8962143552718	-14.6134786646903
-34.943586750641	57.6706110209575
-17.9493361362621	0.84053870617803
-23.2852224043068	21.2782861398079
2.07950397569262	72.7962525782314
-44.0406979612057	2.3842181776926
-12.7870312693143	-11.3311996390935
-12.5389876636119	-10.8767573893552
3.72676347099151	-21.8754127438753
-1.75021488220917	55.3541388841894
16.1785699912573	15.347717990486
8.0606551177145	-11.0948981464391
-33.0712151024397	96.3766547140085
-3.66367881284423	76.5389561323231
0.0997441247622265	100.492791197559
-0.47446656848899	63.2352960646416
-48.9864376391953	8.88539973720543
-20.475304016455	-4.37331478685124
-27.7303629444154	64.2601475636702
-28.5110897128691	74.1695071377088
-24.6998912026872	99.2050484300758
-41.9350221219033	-0.424498338415334
-47.7538907907668	-12.2368897854788
0.135554492298826	81.0282529086317
2.62046754746729	58.3636928449047
-5.57972478545466	100.91356413851
-11.9134591204088	-8.71501052238204
-18.2299388493279	26.1146845452627
-14.1422595260109	25.424376596744
-2.38872792587848	61.1394571751712
-11.3842460715767	-1.58128110312744
9.17758840954485	-4.68904018587512
-18.1008495526941	-5.61642407836168
-2.48003048206703	69.7582108815348
-9.9425196694172	80.4544706823751
0.56521842342356	63.2943943959124
-19.3244611785049	5.08460846849731
9.30736482778769	18.3307987820773
-17.8196587350526	23.3328143017479
8.49023487803846	-6.44532430830964
-37.6354381111783	56.6735305971712
-9.68799124551086	58.8051392338877
-0.405069640522986	99.3238862413276
-16.3161744623799	-11.2116061656784
-15.6590182976637	-13.3676416415
3.56099471187855	24.796018096423
2.88944940744696	71.6110000212153
-17.1359202750572	20.8621953690344
-3.93254433301813	95.6196076813054
-15.1836361481046	-17.334835340595
1.67432529291556	56.1244225430239
6.66438910134304	-1.50466792693318
-41.3671637747006	3.45638451459635
-32.6784537092545	98.8951329673942
-18.6822630230916	-17.5142437236392
15.2907894230219	14.4470805252335
-15.3110774255884	-22.9383923295248
-39.5750872917944	16.0497332465964
-37.4922821235963	62.2383826971023
14.1150599528158	-16.3667935728783
16.1094522097062	10.1495823370645
-43.3898104411626	11.4860283425397
-16.1465853384969	-8.72688600092831
-16.7710500073365	26.4524575821299
-24.9021768006131	64.794740693522
-8.57592617220201	58.8251598332433
-31.8843708954409	91.6192984979254
6.32341175289868	23.6340659092529
-40.0484965257358	19.352894663986
-33.8361787928096	80.1903298907711
-11.2511995818935	-3.18164051099046
-28.8645355394378	80.1047886060447
-2.53027113151125	52.6264775564104
-40.6388054658821	7.18291829885853
-41.3749039616672	-16.1125552079692
14.7139005261118	-13.9284503789657
10.8195563525976	16.4279683443482
-19.6283711804376	-3.96971169520343
7.94973042496626	-7.19820251052071
-43.6886089093061	-22.2225143065458
7.11982057652783	17.2798221698827
-23.5629017073187	0.95179422515253
-1.05257769644908	53.2898876218398
14.9458056122144	-13.5460099141187
13.0176013072628	3.23159698498221
-1.05727092243872	99.4382250804216
-32.4420213203209	67.8933499173828
12.6543893911359	5.25733950392013
-15.6538684070071	4.54284843949737
-16.6055095679323	-2.50619702090478
-47.9178282219391	-14.4633484964367
-1.89134900241017	51.261485561458
1.11691809698678	72.2798996692068
-2.9616906147666	97.03935172595
-2.62030806954986	52.7410154276186
-17.592878706901	9.57712879658703
14.0593506687248	-19.7790589516762
-48.3731252453086	-21.9360060698961
10.631071053275	-16.6176935738059
-32.5425403177955	58.7900213263601
-21.9363320273991	-9.09644841915231
-16.9000704397213	-4.6266128528682
0.225427138217615	53.8192457373696
-3.90659025491936	99.0761336368214
-16.6888632471627	5.04709081964714
10.9977534537615	-19.7430814665615
-3.28169770858699	79.9010059418725
-51.0801291215784	6.82041719915038
-13.4754665384671	24.3695420756095
7.50515124888768	1.05035359124636
-9.6837668574949	82.5062786494494
-19.981398355983	-24.6130167086794
15.0005869355014	-8.71870126907374
-34.920517769085	79.0717999887965
-51.2303729089845	7.85912945675653
-22.5203294431589	-15.0487293489478
-22.4163549956845	15.0874906994537
-6.37870939489606	82.9518983090437
-3.31665394096513	78.9186512769039
-26.8354100496495	57.3925131961975
-47.2701325911275	-20.5279134042451
-44.0289050682605	27.6526306224465
-5.81292979688001	75.1589978464
-12.70647390265	21.2876749039597
-22.7851653013193	16.7291907232414
15.6284284825646	-2.9014829939335
-46.7742679314966	0.810668318742801
-45.7531607935936	-10.8072080696428
-31.1252313558089	80.0249350204997
-23.1598455717445	-3.16345971210718
16.8138653588246	20.5887579309629
-13.7401508702737	27.0060049961711
-8.03203496008606	59.1587458428873
11.5245180548253	-8.59562669732447
-27.9321524587394	55.8875255975308
-20.652215586534	7.43925244384107
-35.5582762067825	96.7407771620691
-25.7691258988604	69.5233463655541
-29.0214864036236	96.4679798942259
-21.0424269471457	-22.6245028988853
-31.2629463114759	95.0683930181737
-5.64413468457366	71.8740268163974
-50.3942740355689	20.0618843866034
-0.267446894037246	57.4395893489395
-18.0904942191178	25.9217634655044
-40.6787682748023	0.675496852355561
-11.8741737717858	-6.45322287642907
-12.3775951050192	20.7653176645753
-21.9158087694692	9.55044601306246
-2.20999228186104	51.1229616660399
-2.98825372059273	101.919963466808
-12.0452868163257	-5.88760176924895
-43.5239235458122	-19.6297390331349
