-4.593160550902 4.822308481811
-4.449922122155 4.446500159494
-5.745548764008 5.859741630956
-3.915905506101 6.878041390860
-5.711854723954 5.284862000128
-5.611768938321 4.703519185934
-3.921322847106 6.959554361019
-5.578645474340 5.011605545615
-3.644992702469 6.171399089301
-4.253789548176 4.851802672447
-4.967382475041 6.336020974404
-5.371709503355 6.749261423478
-5.553183008155 5.841776354925
-3.501168310344 5.984561747310
-4.730112516277 5.092520696249
-4.517011870569 6.213524767575
-4.610315916526 5.978099588085
-5.353434584852 5.953594076942
-4.415150506088 5.515180201315
-3.965196580679 6.611291237966
-6.272153525539 5.389746300436
-4.941502294783 7.182770707745
-3.879702336019 4.828015064286
-4.143540926851 4.619263828636
-4.842059528268 6.685639259750
-5.667393478216 5.253475320918
-3.723882929399 6.656113820506
-4.462072697172 6.314908026434
-4.548594249015 7.099598639881
-3.871018688596 5.833548835733
-5.706296841516 6.554971808112
-4.229307885492 7.158973857159
-4.112362653770 5.037503236550
-4.010488097359 5.865114895025
-5.303398169080 5.436620789395
-4.284203470397 5.016801588361
-5.241632199000 6.348072670334
-5.369434264388 7.078377559716
-5.391804465437 7.141071172827
-4.540397332578 4.580873586061
-6.186071138994 5.828640620047
-4.834224660355 6.981992652214
-3.586627240329 5.459381175313
-5.792200733156 5.771007566120
-4.744487868698 4.468067654538
-5.484116480235 6.244580235100
-6.005317454642 6.160447451512
-4.489522234181 5.105897778304
-6.242575866179 5.338460925387
-5.057170542086 5.578868458806
-4.428242073215 5.708340255333
-6.016119381144 5.507227141842
-3.408925749542 5.939455292601
-5.829896110526 6.476146060922
-5.190606177219 5.744965944405
-4.039396496066 4.959610267157
-5.557796742728 7.109085795874
-4.050825629196 7.008439746723
-5.071362413282 6.139762160915
-5.735156380261 6.706680037005
-4.639487700687 6.508314949024
-5.072565392430 4.765818099553
-5.242135668856 5.195267743218
-5.369183493056 5.568610741964
-4.260500060226 5.720348367152
-4.898819910529 6.937975855664
-5.388156109064 6.893212953058
-5.048828579608 5.400359505086
-5.827835454067 4.955307109502
-4.671183340461 6.315020166288
-4.811529305086 4.941966196647
-4.218937652442 4.689558436880
-5.158999434525 5.664610453020
-4.694356472815 5.946898092820
-4.548624642487 4.386570899638
-4.263689533253 6.236278791782
-4.995749220692 4.496063410314
-5.566972129658 5.629101756513
-6.172357250722 6.197499247506
-4.516206735409 4.845366346454
-5.526411941270 4.549642966997
-5.487351085133 4.808358359871
-3.572313165732 5.830881817766
-5.511807628578 4.865743595970
-5.766581493323 5.711629309871
-5.401097545182 6.527787342544
-4.770229501824 6.541159958304
-5.494427920980 6.296349631721
-4.364223167447 6.405577656845
-4.360109973632 6.772764933321
-4.748796121551 5.457456396490
-4.320297551263 7.074785501659
-4.041446825004 6.987729894621
-4.466468059674 5.377794138207
-4.534730992175 7.037819927809
-4.819668147050 5.537750860322
-4.426253972731 5.966885105489
-3.906654615354 4.759035253288
-4.269892243717 5.101282108557
-3.666627903002 5.805211091738
-5.981917587616 4.976443244469
-5.480371600340 4.977906747949
-3.773724882496 5.829380660150
-5.115349202128 6.874809370816
-5.916386746811 6.505520925578
-4.673521365773 4.937638904321
-4.904674432760 5.881952324330
-5.213904869745 6.633140145443
-5.163245495745 6.854267141156
-4.570429036045 5.865043282593
-4.858190911980 5.756255406635
-4.300971542358 5.208870345977
-3.931594875343 4.861537606842
-5.568191810541 7.015808528676
-3.983955449275 4.768063869129
-5.172262350261 6.434468843711
-4.364894230944 6.029875580243
-5.039100400765 4.891767769281
-5.853406499453 6.115678276377
-4.806168039644 4.871277516351
-4.882177754228 5.918857159832
-5.550132711900 5.723625755400
-4.855034100409 5.347494706565
-4.502366564118 4.992057940641
-3.800175751100 4.860969377096
-4.624376235089 6.637348477712
-4.814152336918 6.768479001563
-5.751444030805 6.414951562092
-6.181129608266 6.403286678793
-5.775039004369 6.466306681174
-4.669037192352 6.310815146940
-3.744726715248 4.797468924133
-3.599813053810 6.536518501882
-5.194113543547 6.211816954086
-3.886347713657 5.654388083394
-5.495168044568 6.768778276222
-6.150127763045 6.433902700816
-5.788160389701 6.352267775409
-4.585148537216 5.132673363480
-4.864415213014 4.702087895675
-4.915300178452 5.236798011198
-5.164488448665 6.757835251302
-3.885268242126 6.232124885122
-3.573392137947 6.248572715082
-4.333639955350 4.898880289212
-4.797444445651 7.191981645185
-4.386662241960 4.552498693507
-4.889940486382 6.520582379865
-4.199067399770 6.121345105236
-4.559869757985 6.623813003099
-4.393115722020 5.678691337268
-3.839655727100 5.623792473526
-4.201902538336 6.870377008233
-5.327546179680 4.582394260848
-3.446011168735 5.575011264477
-3.831624099527 4.784642446422
-4.547141163335 5.944199650246
-5.277706961182 5.720734021844
-5.066423767473 5.308321687357
-5.555258650275 6.493478341814
-5.591338341389 4.664850922594
-4.233624154079 5.692609672401
-4.342348496186 7.159623428143
-5.899127673583 5.829145273436
-3.739179091684 6.611769210515
-4.223637765343 5.986776067322
-3.654480573934 6.686808406751
-4.666421395802 6.429096040965
-5.933816473397 5.829634904378
-3.593753219714 6.534793071785
-4.096201769373 6.017446254885
-4.433926092155 5.744438345401
-4.198166674636 4.599735066172
-5.351912763681 5.037010428855
-5.848956943766 6.742104726968
-4.147446034348 5.820112387378
-4.131376922922 6.161739042167
-6.038537835289 6.649479367711
-5.620015773555 6.007873852755
-3.970989490079 6.033023252797
-4.493682717222 6.537216128794
-5.000490868826 5.912402153403
-4.356983776057 5.483726903411
-3.702126350265 6.268647003151
-5.229628188708 6.836354890893
-4.679152076252 5.179568026714
-4.842239172774 6.470668041924
-4.389516108309 6.995789768841
-5.499246666727 6.044082678982
-5.095555290458 5.389039059253
-5.185895768115 6.385806608402
-5.314439399349 6.706687087654
-4.100423342742 6.543626997486
-4.371626645519 4.568654196204
-4.913425208971 4.859665452802
-5.674229897394 5.032632895463
-6.170471396086 6.091164857192
-4.865061051933 6.714176099549
-5.037440872262 5.089238706391
-4.343348546082 6.309352764299
-4.567572386733 7.255142282096
-4.301675592581 5.302818016397
-4.121119733090 4.714983917758
-4.275415273308 6.257033207872
-5.241189739802 5.268452478474
-3.926627445012 6.150521325375
-4.291904761891 6.282863547067
-4.789155557794 6.790063987995
-5.975417521014 6.148344930452
-3.459156748550 5.633974197452
-4.095128182699 5.292863471287
-5.648800710382 6.675088571086
-6.098388778081 6.207339111594
-5.079713735592 4.600392100944
-5.027466778656 5.253487722867
-5.649749854121 6.739300622015
-5.809324938397 5.668873791174
-5.448168364819 6.577026088616
-3.715320056026 5.982634712735
-4.938883158917 6.290651444978
-3.782914998303 6.601335883196
-5.102204926751 6.274872671398
-6.256806753339 5.595686502839
-4.564561835199 5.629127804383
-5.723420764515 6.503798147172
-3.656295184713 6.251655986389
-4.102311822965 5.001924069796
-6.033328637822 5.312265515355
-4.049152844837 4.541120720498
-6.174175306712 6.101227340211
-5.534275414702 6.326960500364
-5.072882529059 7.238205032097
-4.669236917110 6.455221969190
-5.539269475535 6.778598465445
-4.774885904809 6.491944349061
-4.555999267304 4.362813053582
-3.381698122867 5.629693621424
-4.051583586507 6.154129814045
-5.194630325110 6.908747995838
-3.986941469669 5.700950338417
-4.127915595665 4.821835708198
-4.713965208360 4.811317488095
-4.826855768572 6.877646139125
-5.263933808019 6.441484358443
-4.264977556274 4.815198661570
-3.828584046335 6.764208030766
-5.344604003906 6.212865839357
-5.490810632959 4.647817705589
-4.154505805401 6.675186683982
-4.235119132390 6.449076352060
-4.406107249920 4.967301519985
-6.211140202367 6.045774477104
-5.729037304639 4.592118876588
-4.138508522558 6.062853581676
-3.846795604416 5.007454128847
-6.051746386215 5.935987467630
-4.162193850405 5.889129273284
-4.061855093561 5.331476197582
-4.019490006998 4.881611361780
-4.088583934467 5.852293383398
-5.969218286785 5.872318457417
-5.736498424082 4.682692704287
-5.344222796808 4.479029982844
-4.938236191632 5.325966723349
-4.153495747756 6.696146676551
-5.317805936461 7.034079336212
-5.303154749711 5.293754712907
-5.882359339578 4.733158907448
-4.377545524507 7.153677411972
-4.446116241069 6.657005397619
-4.526849277361 5.572204516571
-3.630229314049 5.281642083194
-4.930749404578 7.084366653533
-4.386578740546 7.077963256811
-5.519470569721 7.023094182053
-3.402005823361 5.719153311628
-5.943963228294 6.026253999163
-3.505068793742 6.228599498637
-6.109040066949 6.566141081455
-5.215237460760 5.086785001236
-3.869284965375 5.326872722492
-4.362177018220 5.440211466059
-3.759214189792 4.926690700064
-4.084417451595 6.936409330742
-6.222583206518 6.162487457903
-5.027718453627 6.929053837773
-4.398425574104 5.738609113498
-4.752595396068 5.314006172457
-3.880332184386 5.057572422844
-4.456672853962 5.293651882176
-3.513997653709 6.122753117104
-5.994467932163 5.340194775519
-4.656854295305 6.867048347754
-5.407454481041 7.063606045012
-5.384685203672 6.512979964726
-4.098793441183 6.058760073540
-5.159650100621 5.367754911151
-4.499934747006 5.641087272227
-5.484634693905 6.660992187791
-5.473199772711 7.099662640786
-6.020011446402 5.729598109744
-4.993433787389 4.369685058740
-3.993492649957 5.939283600089
-5.763493925664 5.129295574850
-4.758520467885 5.358805634414
-5.112481986414 4.485857194568
-5.779570392910 6.733944967527
-5.128572276715 4.667792548835
-4.683827480335 4.674375204271
-4.391751700286 5.000301958670
-5.359744691104 5.604321763573
-3.889364921452 5.929499167806
-5.186751667347 5.198278793864
-4.820406576687 7.020884232225
-3.775675184075 4.759990183224
-5.521718013059 7.035991135814
-5.378819860775 4.706191880173
-3.464558390423 6.345377692127
-4.998409877957 6.644040608204
-5.701762358649 5.394950912124
-4.034797883267 4.695274997828
-4.568437951475 6.439954698024
-4.357767143921 6.386674763370
-4.857555036355 5.772774431823
-4.628941348644 7.112925374046
-5.253198434656 6.369404315986
-4.260204710190 6.528679050031
-5.080646893363 7.134656954901
-3.414772857148 5.970343447483
-4.291000680321 6.315871066546
-4.098787613154 4.718444713937
-5.270930513932 4.782377131825
-3.459017656324 5.425362883871
-4.407238710754 6.714470146689
-4.235353348103 6.395344926360
-4.515547062121 6.638439772484
-5.886779014541 5.865530463474
-4.357130461704 6.955638014117
-3.729907081380 5.090101559871
-5.895219897798 5.689292443475
-4.125358996811 6.432030990703
-3.592922873833 6.424453622237
-5.957878117150 6.277184506862
-4.460837878443 6.876848927448
-6.095846054065 6.042317993794
-4.645688656468 4.938500893214
-5.854484106323 5.992354080958
-5.314306347356 4.395555759007
-3.581757037904 6.104660481649
-5.639228477803 4.944064176479
-4.554414407322 6.524348926135
-4.878981717182 6.922364856255
-4.118755856286 5.071099003655
-5.849412214005 6.016866170016
-4.335528840025 6.918686081424
-4.091622004410 5.036980499689
-6.089234275056 6.121262250738
-4.760773494145 5.196915908532
-4.412336627258 5.257626316963
-3.430720822573 6.029789319415
-5.901450957854 5.089088871797
-3.623199683932 5.397420927502
-3.939895711554 6.206048003914
-4.060843273212 4.656284718573
-5.284852860064 5.541180650173
-5.792798545605 6.838598113283
-5.051840568205 5.660040642557
-4.218786047811 4.805413274943
-5.180994798476 5.220738083827
-4.444354194977 6.178603006390
-5.907346673277 4.998673126927
-4.120068817703 6.036039188373
-4.405893714666 6.422450619814
-4.874485140406 6.021408049573
-3.436586441499 5.583266675088
-5.273145719952 6.001336064148
-4.766315720753 4.464773394439
-3.742229611503 5.002968672762
-5.647063909464 5.384218219293
-4.143338500713 5.622978458825
-4.183575439319 4.753021131318
-4.151043656591 4.962430871761
-5.813189122657 4.743374961097
-3.604255922562 6.172120511011
-3.751556097359 5.947686673626
-3.727376950561 6.133851796138
-4.928190563540 4.740704950398
-4.777319387523 5.763383027370
-4.147229013716 5.659868825069
-4.316256186932 4.781302007208
-4.816046386804 5.514919999386
-5.858762264059 6.064512347547
-4.133015529278 6.993065809245
-4.585394920040 5.404123081685
-5.011778562005 5.870888888447
-4.455931383421 6.365175539720
-5.280106559309 6.994066854797
-4.388784094476 6.896160713118
-4.069102631252 5.617410244697
-4.272350388962 6.066743764913
-5.024974329180 6.820922103157
-4.975359770451 6.627302638152
-5.160126694784 5.680245214049
-4.208486216312 5.102962579525
-5.906830760562 4.843098050125
-5.427727866971 5.694846742105
-3.597658177086 5.318407372503
-4.036363594094 5.779967899376
-5.496301614762 5.275790035744
-5.024694315366 5.304728281578
-4.696578247374 6.703556878721
-5.433300038675 7.023127110639
-5.563394872470 6.714803622784
-5.126295143084 5.533699668446
-5.382965533483 6.872016693352
-3.563702753309 5.942010390810
-3.439376950907 6.100175851516
-5.027465260574 7.125060812909
-4.682507367985 5.368842306237
-5.696804538896 6.304196787998
-3.899315226427 6.558187359880
-4.552309052743 5.045354649065
-4.549297898846 7.181172505867
-4.833083333499 5.435852890125
-5.878730150959 6.159570298237
-3.699591606781 5.076354398921
-4.687418335917 6.417438736000
-5.656891066604 6.930386052102
-4.691096197752 6.156410586096
-5.875675992110 5.068418732579
-6.064483097304 5.036744556654
-5.153824472116 7.054567115122
-4.768527320543 4.470996766472
-4.858673054484 4.478417323719
-4.329951080108 5.333034260520
-4.877568221183 4.491736680434
-4.398780610296 5.265557142475
-5.879789737510 6.176786852465
-3.782066778501 6.129708641760
-5.699842238862 6.944539151339
-3.802857226955 5.414830285641
-4.702857888096 5.028126979972
-4.956344118015 5.184383615996
-5.215445462548 6.411490452741
-6.030352449882 5.803047475396
-4.912187710253 6.775170982859
-3.949019812918 5.706742138204
-4.479138555421 7.066772126739
-4.453875514888 6.384493688080
-3.867703355230 6.315333408499
-4.412980352100 6.137634652265
-5.201576183375 4.532063199189
-5.962867599201 4.871509869727
-3.763670604357 6.468472764410
-5.861580596366 5.916362531050
-6.253629042054 5.833987768007
-4.439350135452 4.445417378297
-4.245664128642 5.665244713397
-4.106765488033 5.016472604760
-5.271470385695 5.150954461590
-6.195611489901 5.917945154026
-3.627778590347 5.332706848360
-4.153182718418 6.623062350416
-4.494128413104 5.586756623274
-4.404884796069 5.956441856426
-6.038416316043 5.532270781138
-3.923474506203 6.498938616493
-6.054382824287 5.525035852492
-6.007695365527 5.072800371209
-4.359595920434 6.685472362283
-4.264303273917 4.882371591968
-5.610062727473 7.044087632661
-4.851714966009 5.720906506074
-5.586894357143 7.025305875442
-4.217256774659 6.484540987338
-4.441755095260 7.097515595335
-5.197889384021 6.520868762988
-4.238760876300 6.924524441786
-5.006842583736 6.631072441825
-5.859366638220 5.889708782459
-4.084233335576 5.773816022460
-4.747251745049 5.661100977863
-3.741862490227 6.497564102389
-4.478754562733 4.899173959704
-5.084637107279 6.970729480535
-4.846409829346 5.851514015488
-4.706242328592 5.746307678136
-3.830921683355 6.714540238200
-4.550529884162 5.326262599089
-4.928809810264 6.221525583991
-4.804876047802 5.601679919369
-4.715913661123 5.279036599104
-4.267907640101 5.578872421329
-5.518979405723 5.053494645637
-4.741802868876 6.095673342865
-4.328125191872 6.918054778317
-3.603314892537 6.507431845357
-4.928220812201 6.051098791719
-4.178332188888 6.719790575195
-4.255276752169 6.082842057518
-4.302317990003 5.407882811945
-4.254286529630 4.797072512696
-3.872556052571 6.476158472738
-5.883820644702 5.535197233136
-3.869209592124 4.837767622963
-5.775812468744 5.582089677649
-3.612724848475 6.423085949878
-5.986881992957 5.842428310230
-6.178548692375 5.444591116980
-4.817916787045 7.099566477740
-3.735565628761 6.451529923193
-5.436621362631 6.455309056153
-5.610694764420 5.019784626164
-6.045500219018 6.126618064170
-5.138245145663 5.896141848380
-4.427671288218 7.011687905600
-5.166102820005 5.915400771851
-3.993591161517 6.831079742018
-4.367077306023 6.372406654376
-4.024006774567 4.892290052248
-5.065553080454 4.926777155709
-4.837739238119 4.658092332632
-5.600656337362 5.205753204470
-5.039063829199 6.359477905855
-4.981619421238 5.680948954588
-5.423193447120 4.554341945734
-5.788920393562 6.906607592975
-5.488805350979 5.572862747238
-5.202286963746 4.645972072847
-4.643600765107 5.378625189534
-3.638191525886 5.723995964377
-3.720382101436 6.420891962179
-5.031415629580 5.297830175734
-6.019006850528 5.893792706428
-4.481599975077 5.133855588518
-3.862360432117 5.313715068965
-3.766038309734 6.082335298202
-3.893356800227 6.202458878127
-3.781007006012 6.732288149449
-4.108779594610 5.449861270502
-5.092420613893 6.567172383356
-5.157916585043 4.411401887704
-5.101017418048 6.752104943973
-3.597182650636 5.996418815556
-4.745433074138 5.366476562480
-4.486699683205 4.990213827397
-5.398310903377 6.056906329920
-5.741561839844 6.011794017743
-5.128612768881 5.993053552671
-4.352804717025 5.990337999403
-5.211250770364 6.622276930027
-5.602571817154 5.173496916981
-5.063110091977 4.841662587918
-5.195694013757 6.023241599620
-6.232914119188 5.396632962621
-6.132948488129 5.599825628374
-4.414014489127 5.897554588016
-5.099049772615 5.053719689617
-4.209283286891 7.151831596360
-5.304306426591 6.242239135832
-5.819674411192 5.518283101416
-5.182692874111 4.548203440214
-5.093424740311 6.957451280295
-4.033430422562 4.679637607332
-4.925577507499 6.189519231991
-3.648291783567 5.059601176403
-4.269243431784 5.803159383898
-3.845178727381 5.959424501108
-3.566062046098 5.547841768278
-4.570013338832 5.220171422465
-4.280311279005 5.472728871135
-3.672209887462 5.066096549395
-4.870472116687 5.065441538801
-4.911764183807 4.984148991591
-3.780824860576 5.480045662362
-4.150587432347 5.924921226733
-5.527166495458 5.448629506120
-5.733462625526 6.799662676170
-3.937477501241 5.411527422770
-5.258061184199 7.118083606490
-4.970890597505 4.628964188803
-4.356845280808 5.560869664731
-3.909354162876 4.929478940570
-4.535205603192 7.134367469439
-5.081997633958 6.905659414642
-4.334917712723 6.335333489695
-5.239667426001 6.559272697757
-4.805734182338 7.108464956789
-3.757736714485 5.270043826131
-5.308304394585 4.906453421479
-5.893133611864 6.327181651124
-3.716147710988 5.858959678822
-4.741147667275 7.191689888966
-3.432628195442 5.322035210198
-5.708055170500 5.814591766473
-5.761106804878 6.261829036041
-5.003625631084 4.458058472325
-4.302427041795 7.052065048591
-6.011041318470 6.513916558381
-5.938544360285 6.352963626525
-5.649587466910 5.130584582037
-5.553088879507 6.422399389340
-4.497281860814 4.508785226580
-3.723870148928 4.906628596209
-5.504541452148 5.757440677774
-3.560658684510 5.682391267948
-3.896187452723 4.753836931961
-4.570799870654 4.757799470500
-5.797110459016 5.347109853068
-4.703679324990 5.334164504934
-4.598965865350 4.692295545445
-5.722148854457 5.842043247487
-4.948210693958 6.166645233227
-5.049196593931 4.473779879000
-5.313593957019 5.691370962096
-4.502998468263 5.269125370835
-4.924305553362 5.223788360941
-3.932120146693 6.694788600799
-3.598067734520 6.597205175706
-4.927785824328 6.025713762821
-4.264279568514 7.088349434852
-4.456328133442 5.671280808079
-5.710631456102 5.709083882546
-5.447926027942 6.806507938043
-4.388954956254 5.902553765099
-3.804793069348 5.391671902204
-5.532096966628 4.552780239651
-4.703555916550 6.063313002962
-4.129386202672 5.026481200792
-4.907361639413 5.042982852782
-4.027363446409 5.507340221230
-3.904653908017 6.810784076069
-6.179867022925 6.165990452093
-4.864650318533 6.565831926566
-4.269298688879 5.296302280401
-5.778143472767 5.407956995968
-5.134052695233 5.281677179761
-5.853678978523 6.628649982761
-6.073296516609 6.145347479270
-6.275870942355 6.093562550483
-4.684183329329 6.971115597034
-3.876464935035 5.644864101350
-4.268614876672 5.967644358401
-5.498125983941 6.756395539185
-4.472032442874 5.159148572504
-4.810162996900 7.094021207973
-6.147631733806 5.429779788218
-4.049169084260 4.725626860605
-4.776754002288 7.161002735800
-4.669840348082 5.941194402973
-5.262283454805 5.766220914543
-4.598869806718 6.834293132900
-4.204636043730 6.075526086722
-4.468216823280 5.777322284122
-3.992474551525 6.255548662572
-5.853530104900 4.743072018832
-4.357630220112 5.005545347620
-4.167863665172 6.126293726426
-4.593449346276 4.550108519398
-6.241235069705 6.012526531317
-4.485820342984 6.207877512753
-4.819545683760 6.155874830703
-4.510345291500 6.469564030234
-5.122653175600 6.139638904791
-4.241265463151 4.649647941337
-4.841264425401 6.164728400975
-6.117942603513 5.138926549801
-5.788826908670 5.127160395885
-5.589728595718 5.509471735214
-5.207136777921 4.824088442715
-6.015493141285 6.061929951014
-5.704298160901 6.972747683490
-5.326998122228 7.052895695118
-3.739329310644 5.948852529262
-4.750174738465 7.022345891361
-4.432383470861 4.731305942121
-4.415453801466 5.896100978203
-4.302840959379 5.618197831780
-3.521671697137 6.188250970198
-4.245557738701 6.416159841105
-4.711116913297 5.566613197690
-4.563114143502 6.912524107851
-3.607672975842 6.603001049647
-6.140225947195 5.191484683183
-4.524903100307 5.176305803058
-4.044475411998 6.331994066734
-3.482992192138 6.038625984973
-5.522529710651 6.036714103870
-5.151104429769 6.367778901927
-4.089077690955 6.648443486087
-6.043337974196 6.357381450938
-4.483880115115 7.055945779843
-3.474467192814 6.052573790641
-4.021709622136 6.267840792885
-4.628097081925 5.033265920230
-3.593838834141 6.386636365322
-5.918097634880 5.673833391227
-4.797546076477 6.186825426443
-3.799394721736 6.274817405726
-5.926727930916 4.931003080109
-4.589445013610 4.433150850769
-5.974085542142 6.064551456630
-3.574513724115 5.227345460692
-4.747159871655 6.098136617406
-4.613391863681 5.152997502092
-4.265700264969 5.757229339803
-5.220655324983 6.529847448798
-4.045251031365 5.166332332339
-4.872585637617 7.137347857728
-5.369141036927 6.629140193752
-5.752451594415 4.678969675476
-4.221118027616 5.481076895140
-4.731374457273 4.832135910321
-5.924470109056 5.385415057955
-4.263823100537 5.558201307026
-5.917910737116 5.055303842176
-3.928668473769 4.950472274416
-4.589041107234 6.635128922576
-5.422641648615 4.426613659038
-5.684552658337 4.733487125107
-5.970591617183 5.009663575545
-5.313409062462 5.048138032458
-5.482094173115 6.080200528448
-4.155067440210 5.246790867934
-6.302374667736 5.773296262579
-4.700977024960 4.812790565775
-4.289895532876 6.212149714609
-4.119727203343 6.030145370649
-4.082652567792 5.509373077376
-5.858853877573 5.772217477809
-5.407322825450 5.621103761603
-5.703344973106 5.973730099306
-5.221625873845 4.677978193911
-5.847184405814 6.855612641388
-3.873014413180 5.267496865844
-5.194462794975 6.984699257983
-4.581150143649 6.643115020171
-6.075403222953 5.274338554930
-3.525440652355 5.098624293698
-5.403203313517 6.351042295235
-4.428048057417 6.548684472492
-4.683662602890 4.903640947291
-3.690701825035 6.548758420927
-4.773987471829 5.106825628107
-4.884889940148 5.343036457766
-4.220435725616 5.943342206185
-5.166735099262 4.877025372557
-5.988909106826 6.197535357880
-6.191028833703 5.435707297233
-5.919579437053 5.451706513945
-5.371262771569 6.935088528421
-5.024815773320 6.736917877452
-4.170036346907 5.458189355881
-4.095495765698 5.332390115170
-6.050680753661 5.764130111785
-5.152560413483 5.759342457203
-4.753444012610 5.071164935920
-4.548413735679 5.832971507436
-6.043003782993 5.137281000453
-4.193906450548 5.561197562691
-4.830728135031 5.612980260199
-5.188009104691 6.965412917026
-5.246989465816 6.835831412666
-3.615577343092 6.530059496290
-5.182892191683 5.254154985348
-5.926371043222 6.321759868328
-5.669232937600 6.354290706746
-5.168727052748 6.637098248460
-4.377808066178 4.572988913957
-5.647218501270 5.863696230576
-5.290674323547 5.723940789095
-4.918767126124 5.522731997894
-5.204320538275 5.600345611118
-5.096073145202 6.385022037000
-5.097367491344 4.399102908594
-3.494646962456 5.496971005283
-5.706663842213 4.615274254370
-4.312031368132 6.054766170980
-6.192013085398 5.346693375002
-4.199466779049 6.678085053396
-4.492090226358 6.031371039443
-5.094627790516 5.651232599274
-4.556490643258 4.877882886556
-4.991951103552 5.851642972683
-6.005926569748 5.969493994246
-4.190983934995 6.751073375581
-4.067225077066 4.886906595436
-4.645001105864 5.567821787698
-4.298925068511 6.050062958043
-6.016474683659 5.134276205404
-3.436795172473 5.703668389966
-4.017819310799 5.380365489126
-4.185761473239 6.871438318961
-4.967395656699 6.978924241085
-5.833268108939 5.759601720967
-4.738179210663 6.459609623904
-5.929699568987 6.064812935323
-3.823608418359 6.100661514652
-3.945829580115 5.254829594064
-5.696391427767 5.059989637423
-3.681663329355 5.982094049185
-4.623232617944 6.106132543120
-5.941271767250 4.973144615985
-3.942930506424 6.406080593382
-4.248507649768 6.888384854681
-4.364808233000 4.877799374375
-3.491782386482 6.346602086115
-4.592783449069 4.483614147072
-6.167118093154 5.194611974615
-4.322450636729 4.890998674976
-4.837939233190 4.550628284236
-3.777604086972 5.699882674374
-4.325793058488 5.837954738389
-6.123772940226 5.476543356542
-6.039688629855 6.363722487655
-3.718850503016 6.740272139195
-5.133967301092 5.501268690312
-3.501725060325 5.605241892427
-3.934123230147 6.447384507671
-5.155652265433 6.441072970022
-5.925093408402 6.250495207265
-6.175215775073 5.259403610132
-4.211194536054 5.256794966770
-4.298274898043 5.807749406265
-5.693111546069 6.949995693967
-4.961515058429 6.612028778401
-4.949609032772 7.011838254937
-5.327956404933 7.087438410996
-5.379151137484 7.127550242363
-5.519060852359 6.221391874997
-4.888509858106 7.259168563924
-4.571428047340 6.758452684559
-5.276578522582 4.660755486989
-6.163067388076 5.747172108954
-4.796619731373 6.453429720926
-4.355007147069 6.687200797386
-4.758003513634 5.163258962625
-4.938790388704 6.277437773501
-5.300742375827 4.862399729502
-5.878953208963 6.009789066635
-5.016896530063 5.828261807696
-4.395020577924 6.641877342552
-3.658823670272 4.953456105799
-6.139930122138 5.082362639618
-3.768932566134 5.806235798579
-5.458328547172 6.775666547183
-3.743178646993 4.801503685423
-3.414864206497 6.148422429728
-5.354294817010 6.608181345378
-4.049692254481 5.379216123610
-5.559829935981 4.538194236213
-5.440625633001 5.250951332599
-6.057015178444 5.683181553617
-4.602444468049 6.256331518520
-5.756434792615 5.908183978821
-5.196249317147 6.526825737197
-5.837587179532 5.612223957883
-4.664551623343 4.574878591844
-5.695979372100 6.265200518427
-5.263132481389 6.556225237174
-4.304754504087 6.418101221006
-5.145056222299 6.917332376776
-5.058512232583 6.105544983947
-4.585403693123 4.739341377487
-4.943374618586 5.324059806813
-4.322863885664 4.632935306007
-4.523333245332 4.765633662923
-5.493794398478 5.039024632451
-5.202519267441 5.244591775009
-4.229597712972 5.698501604028
-4.021921117134 4.907697015314
-4.623931667154 4.430729228907
-4.084514914379 5.321032416086
-3.876264466662 5.845557266654
-4.940911295642 7.144108628991
-5.473711147099 5.152275826315
-5.277951710621 6.475927279586
-3.818033939153 4.972807241137
-4.543837594345 4.907064963655
-4.538825268374 5.064503975490
-5.712910265128 5.707739987543
-3.930213777269 6.429706729845
-4.350682700488 6.370445353668
-3.566316233195 5.336916286093
-6.158203328715 6.205522586538
-4.306923686173 5.858252500198
-5.926225467612 5.113329836453
-3.727731265069 5.477228235776
-5.116431544153 5.223337489993
-5.435154727881 5.027091399058
-6.003828494471 6.127780542186
-4.247389543596 4.669026602424
-3.784434044704 5.263037751762
-5.030745281971 4.415037854111
-5.155832228781 5.533954172252
-4.277180898338 7.140527122091
-4.547786394100 6.982194914371
-5.722905009621 5.738047938864
-4.668994760585 4.527947128303
-4.150732821552 4.655532228135
-4.800393512636 4.377607164494
-3.584231141531 5.260755662355
-4.938955442270 5.434555193054
-3.632807060283 5.691575027485
-4.017774926072 6.581616696938
-3.813921217168 5.655134916787
-5.399247431894 7.143527739720
-3.417867407856 5.829925943794
-5.219753839427 5.493472153114
-5.573162470686 4.598606201660
-4.780988209680 4.632923805293
-4.769187533192 5.115691423694
-4.350241726690 6.397301377064
-4.764738742962 6.856336893184
-4.213574384946 4.692230539226
-4.312782839547 5.184112633109
-4.326168699439 5.457935142406
-4.427257474162 4.881059839559
-5.811409332882 5.436955015033
-5.830699400242 6.400630238395
-5.758536434105 4.993333583630
-5.345764514810 6.472853748681
-5.488144077692 7.079624302717
-3.962150657326 5.504591648891
-4.373375571558 5.479761130883
-3.538635295846 6.239305391589
-5.139359414827 6.915198222813
-5.698813899317 6.395613896020
-4.533160917159 4.887986423280
-4.946244355437 4.677846696191
-5.864608973614 6.885371740064
-4.874471340672 7.100709940350
-5.069004531862 5.700202753616
-5.140211089386 7.021786892877
-4.451960674197 6.038060044850
-6.199969633657 5.732408572045
-4.428173478307 4.886419108969
-5.266523601374 5.455842161554
-3.473730474726 6.081483275295
-4.221088410910 6.521307970700
-5.777757625781 4.625466220096
-4.439148235523 6.150388472761
-5.797772340853 6.805133693566
-3.784307072941 5.690887070518
-4.762207438727 7.197280501189
-4.466676049482 5.814231209249
-6.057873301764 4.946014906676
-4.264173700674 5.381584393159
-4.140711964905 6.049356143584
-5.803833534595 5.408342239420
-5.618257268379 6.005764028519
-4.613100321302 5.849531878439
-4.690497034950 6.596870028673
-4.923051453038 6.210338929006
-5.674554754896 6.332956721417
-4.728466993669 4.554389940761
-5.779573518030 5.609044189630
-5.600109266539 5.893580454972
-3.537245226338 5.258673068855
-3.981848852347 5.641570193403
-6.128058797724 5.146617143534
-5.063485598991 5.054134486359
-5.330672177117 6.266610891945
-3.774806696574 4.819093694653
-5.148918298302 7.104028570297
-5.377993166245 5.428293489352
-4.877765391090 6.710755205109
-3.863564768432 6.144227593822
-5.522090356514 6.805291867584
-5.062797781355 7.062659325647
-4.931233349153 4.350032927320
-5.385309894951 6.644332295637
-5.834538714760 5.143076543323
-5.852538325588 6.531518179726
-5.295287162598 5.635828780501
-4.563251168293 5.470498925033
-3.846365719039 6.458322494895
-4.675013244127 7.199356706273
-3.823945106314 6.623164103604
-3.454944098625 5.774340333224
-3.748695272875 5.345442943505
-5.387415941150 6.596957988438
-5.435845696873 6.708029298659
-5.764000619642 6.425986289962
-4.564595052516 5.126850172251
-5.701081980874 4.580144171521
-5.517173480308 6.575963507599
-4.080546826613 6.592012039443
-5.939394094028 6.300096199191
-4.465402975924 6.526889251164
-4.230183853479 5.093789432674
-5.459155850330 5.098035918712
-4.942800291393 5.824942967839
-3.781057519923 5.990517107558
-5.307042228565 5.476077223403
-4.170811897784 4.845633299849
-4.884817672920 6.917981804334
-4.480439817922 5.186951061352
-4.663165197678 7.235324186699
-5.919358172554 5.388663699259
-3.692574241433 6.628022479596
-3.851637735574 6.150614162679
-4.824231194712 5.787262530574
-3.608466750765 5.430281738404
-5.089229985203 5.713570565908
-3.944908765835 5.211868365646
-5.398995178085 5.784625032679
-5.356353085707 6.491304912179
-4.617014831122 7.180070427137
-5.337279889401 5.392846051779
-5.276560020520 6.914318317160
-4.666143591282 5.028910883347
-3.706167874859 5.453199264235
-5.335650027714 5.385361392950
-4.515396850043 4.582078407489
-4.945831625128 5.882669458102
-4.755546668009 5.609050677338
-5.107116999662 6.192163912512
-3.568855633377 5.220757664441
-3.982207865155 4.744343403004
-5.088686938420 4.933447392426
-4.577509448825 4.724584729529
-4.276185283976 4.628793139449
-5.294771551615 6.759469654313
-5.358787934808 4.893606686742
-5.213968688666 4.935355629333
-5.002442607398 6.326233433186
-4.144815357273 5.784831419902
-3.986681855732 6.568622683949
-5.107723803943 5.345963891633
-4.654519638436 7.201458955159
-5.608224149023 6.226819793626
-4.355720817832 5.235044996593
-5.281306137922 4.587164003484
-3.814286100095 6.385341462350
-5.566640144877 4.989098592393
-3.952324585809 5.666965589135
-5.250062926696 4.375655584313
-5.819186718134 5.577243711414
-4.439224591593 4.550267041013
-4.119370440939 5.910992913779
-4.479925688123 4.358075999412
-4.889477308883 4.634124230001
-4.468785008685 6.247828245367
-4.594887056158 4.463284162536
-4.208607545149 5.240983716061
-5.133588701427 5.818836256805
-4.325033504152 4.937778447431
-5.304735078930 6.098383929960
-5.490188024779 6.830789621942
-5.006861113388 5.814446460094
-3.883594656707 5.720139296059
-5.484721708651 6.970110590061
-4.974728025814 6.930137916756
-4.524008148516 6.184017574781
-4.808921695368 4.307273684279
-5.630576495820 5.447002450234
-3.973988721556 5.187393230481
-5.464510055125 4.574315422218
-4.766370466446 5.981695817826
-5.716581435471 5.384621513605
-5.756301573834 5.239900464251
-3.778364387029 5.287553654013
-5.511021695343 6.172042000682
-5.258703158905 5.482194969569
-4.764276132645 5.932209113022
-4.051796015315 5.802903032451
-4.284508508000 6.252332029088
-3.636036958612 6.524983786919
-3.952935059092 6.490595762038
-5.674672021716 6.502710005948
-4.485486339184 6.402527212502
-5.128552397527 4.510091292087
-4.311520459600 5.039459102500
-3.508663034901 5.214793552489
-4.954386877934 5.108308215055
-5.233125916560 6.849229724883
-5.484275496544 5.784114558702
-5.028165027019 7.123239579239
-5.207620815877 5.276962517729
-4.157920752745 6.715497256662
-5.692785025989 6.415536730125
-5.289303346386 6.928491777980
-6.058346649958 5.841409763330
-5.721526897651 5.033529631520
-3.624738480176 6.491970735518
-5.276798262902 7.023535051371
-4.204798057552 5.590441085820
-5.192358544008 5.340561039829
-6.304179931465 6.135666419159
-3.723920969322 6.021377485337
-5.726958192681 6.063453011489
-5.630131055619 4.782985372946
-6.081257676032 5.947514634946
-3.414763788317 5.870033276426
-4.962419329798 6.502435401907
-4.202089147194 5.373997336771
-3.945316914186 5.946656134697
-4.052653619847 6.288668409043
-3.957759711986 6.259733525484
-5.851645760678 4.766800548578
-6.089639056986 5.247381172743
-5.258564516745 4.373801634605
-4.111286205288 6.669865029439
-4.629438087954 7.092721067566
-5.288239404259 7.108007186039
-3.505004945296 5.885926447411
-5.455075545337 4.721283850515
-3.655874759166 6.484839050393
-4.848442218820 4.469594235864
-4.706540395043 4.815803163947
-3.630544550556 5.913295490452
-5.319098573068 6.724587714949
-5.816946320703 6.587658695426
-3.515283748743 5.671646133278
-5.132820143128 4.327983239451
-5.305117705829 4.712617325595
-4.588811993927 4.853837096138
-5.205559861070 5.189406641159
-5.311396383587 7.014949828713
-5.628273926325 6.451732355652
-3.535101139100 6.193034530399
-4.172048320495 6.563066320343
-4.463446603439 4.460877173679
-4.173002830719 5.581319937131
-5.547465734616 4.979353555805
-4.316370496332 6.070274508500
-4.940338285558 5.089338469477
-4.688301239078 7.175711110528
-4.180426450598 6.756876405436
-3.874233559948 4.933525063805
-5.258091710763 6.707498745952
-3.784740989987 5.870252009989
-4.946629533649 7.032428758586
-4.163647308573 6.876135555901
-4.567138745613 6.529372968538
-4.787839293549 4.881928309390
-3.935574925514 6.373806721245
-5.103933613827 5.617369657268
-5.318808318080 4.631160704355
-3.981201017413 5.157318633703
-5.227839588677 6.213389984300
-5.794427259063 6.259590584396
-5.251154024737 4.499942739799
-6.147513848265 6.038164103913
-4.802461522306 6.177156335690
-4.999046411543 5.477827559012
-4.002887895762 6.158916854776
-3.446613514241 5.726297180091
-4.415592430767 4.843603826231
-3.577871857880 6.458887049806
-4.961439164116 4.719065242351
-4.698315592991 5.940392155033
-4.543583842176 4.364062257580
-4.097837802165 5.794355714835
-4.497124279899 5.383759060335
-4.300799957415 6.281793694132
-4.460079307776 6.179025538159
-5.105077418103 5.120327564604
-3.770092656310 6.777697335908
-5.201438436906 5.452133632276
-4.413633990389 6.354639517312
-6.251617733797 6.221901382471
-5.306796082252 5.829980765137
-5.304335383972 5.105268266190
-5.115879113693 5.993536481868
-5.937949245631 6.074991179267
-4.118373029429 4.759094291209
-5.921583290193 6.442524586720
-3.425239329197 5.359845432263
-4.140507413729 6.855182330702
-4.063707196372 6.579296579089
-4.309023523943 4.711460977297
-3.940103180197 5.818410081289
-5.460773675806 4.529135628492
-4.323239800911 4.513390856048
-5.621626125278 7.058480928457
-5.970237358190 5.836353443660
-5.920261450946 6.010712475685
-5.276420421045 7.226562486098
-5.638147901327 6.137946108843
-5.369783474678 6.572570755993
-5.075742733117 4.688794915887
-6.050296719774 5.837318985291
-5.712069183916 6.777233974081
-4.487279155063 6.642403913246
-4.777862506895 6.596355235953
-5.746883579775 5.912318749071
-4.810850992197 5.202832571269
-6.047990682473 5.680404142561
-4.830127802395 7.181716875245
-4.421743635742 5.775820758034
-4.775635233537 4.485551261980
-4.942186197485 6.730006891189
-3.641157865067 6.116169041833
-5.298526801788 4.822409688753
-5.326749648135 4.792078774376
-4.456588886443 6.551720061328
-4.506867298916 5.435837941654
-5.880757216917 4.944674666734
-5.052602083267 5.511826412485
-5.020090233220 6.247121204173
-4.335967170081 5.445809848641
-4.804133594511 5.805049858132
-6.106736852411 5.482130552524
-3.960882218090 6.085787275542
-4.662690415690 5.673549456553
-5.038423717571 5.670672619258
-5.149060488378 5.345490222304
-5.341258890489 5.701334634425
-4.334053289698 6.618316906594
-4.769444933177 4.578646160895
-5.285053423722 5.011445165084
-5.992683686158 6.023745455696
-4.874542719317 5.828539441380
-4.976036790961 4.997554494236
-4.412563423890 5.908919063985
-4.017808699273 5.333335145759
-4.639596775280 4.380566060389
-4.371767049797 5.322752865840
-3.596998228604 5.291706176874
-5.144773612043 6.610825281746
-4.982388333682 5.393205206415
-5.751650103234 4.613227974577
-4.863364967309 4.544633093387
-5.854772507070 5.900393530267
-3.930550221181 6.212638462685
-5.544895863855 6.708697086437
-4.756917319293 5.912686280201
-6.042615684738 6.664246852424
-4.486151018305 4.932866288722
-4.519623512281 6.918261760952
-5.653956212163 4.907486387969
-4.644528193413 4.455904622971
-4.408502731417 5.081778188937
-3.812349837367 6.116038583139
-5.013014755164 5.960947622060
-4.312841168623 5.398854931629
-5.063645927168 6.610759796144
-3.546590828642 6.322494495272
-5.238566147146 6.719546261965
-5.995334425683 6.762064794440
-4.801842618823 5.124701852619
-6.081066906516 6.512711010359
-4.267253695135 5.032861862190
-4.988621459938 5.356781612733
-4.035472258597 6.673949186313
-3.537482376066 5.377856511207
-4.742724228632 6.396794116796
-6.198294944140 6.351035717556
-5.475515125013 5.337160996764
-5.645015203521 4.977438100142
-5.634316499358 5.853909974726
-5.164018750245 6.607478904634
-5.711152367282 5.494735874356
-3.922903796887 5.923028612850
-5.140128635070 7.211207338201
-4.361005726130 5.511839507303
-4.165226112833 4.553761152093
-5.757012678813 6.680608238357
-4.688831022358 4.693471485896
-4.821311584247 5.039144307233
-4.475514621827 5.726451216916
-3.467973712363 5.601797218855
-5.017588004641 5.468254618936
-4.210238154522 5.210057957884
-4.270222493460 4.454027813086
-5.758388495695 4.788964407760
-4.953066798081 5.553770717343
-6.062261126949 5.168581302181
-5.218538791345 6.960912543574
-5.807806937258 4.784294990641
-3.830188692176 6.411723423282
-5.078794146029 6.608349603644
-4.915323233967 5.179708595249
-4.206097993917 6.369635253711
-5.696703366248 5.099165581604
-3.723060844186 4.938013653300
-5.988873104750 5.495002846898
-5.288821607398 4.651105485258
-3.874638376965 5.671187871098
-4.146409206026 5.592280866048
-3.668851958376 6.463913365254
-4.252218614220 5.979653084270
-3.844314629199 6.465592722647
-5.556384171824 4.602188794758
-4.295496585897 5.877853199074
-4.594826007733 6.388296387664
-3.867882526292 5.876623916859
-4.018151034329 5.665531966904
-5.778056164648 6.485152015199
-5.877300825680 5.950255905697
-5.767913224948 5.074864716419
-3.601750278914 5.339694788729
-5.065428659180 5.251334877672
-4.243068640013 5.771440852424
-5.111117436384 5.158103456355
-4.635951667437 5.862211625216
-4.634254478245 5.602683401021
-4.662213078186 7.023529596324
-4.483233019450 4.703416131723
-3.504362708677 5.559024127325
-5.401663937562 5.182335235837
-6.164154539707 5.608676837576
-5.807782632126 6.840243893740
-5.023255361662 5.559427917378
-4.976645831804 4.792742745617
-3.447714252519 5.533550104971
-4.764396771475 6.925926049181
-4.618444055642 5.279674841549
-4.360524734852 5.646421159085
-3.582517745187 5.672818542245
-4.275991819482 5.733272459719
-4.448579386645 4.523279146675
-4.313516430652 4.460719214116
-5.251089431637 6.470561849559
-4.647814615244 4.620163081264
-4.108467871267 5.197951794512
-3.517198565737 6.327897007813
-5.104557238852 6.906458406921
-5.390124618226 6.196334502111
-4.640249233219 4.869604324317
-5.636552545376 6.254879521586
-3.763059081044 6.241504538382
-5.514754809245 4.770855569010
-4.133415417894 5.637173067856
-4.650859861451 7.009235833524
-6.154538775575 5.899637413865
-4.421642945429 7.085816203782
-5.558416928605 6.522966513818
-5.008412671618 7.232653010099
-5.944029536394 6.475068376304
-5.576389715124 5.693495377946
-6.008963235349 5.087207315281
-3.987092899665 6.971048410892
-4.142635822033 5.248452223863
-4.110695542506 6.589223311284
-4.565235451865 6.549456838337
-4.364018987239 6.675073682832
-5.746515586543 5.594343573297
-4.895295450580 4.899696523140
-5.666770880733 6.041231853923
-5.327687115920 7.153840389263
-6.243455556417 6.100448973426
-3.707594771244 6.106608938771
-4.701616566280 5.149519184937
-5.397982976008 4.544105533462
-4.133488383480 6.440316079238
-4.396153363738 6.302568511990
-5.021034041848 7.280047672293
-3.766192527072 4.979566842896
-5.114117926095 4.554168027077
-3.680330321486 6.429252134877
-5.771623686046 6.498768752234
-4.769954694866 7.044833943975
-4.403664908300 5.182846648576
-5.400892413381 6.310581590949
-4.780191168864 7.183975738705
-4.768872690993 4.389592995444
-6.088665997936 6.415365376310
-4.642433473676 4.932467387241
-5.363439646763 4.996499387017
-5.853379795853 6.464677947816
-4.337109684339 4.648507178850
-5.172404114482 5.465330633727
-5.786654911804 5.017948317918
-5.460107826216 5.396721657506
-5.813942414997 4.693621372310
-5.067135752329 6.104842166898
-4.921614621073 4.643624187335
-4.158379060991 4.549190969833
-4.623249967987 6.630365999302
-5.439825765591 6.171759762030
-4.483138609652 4.521297104815
-4.909138320166 6.735416735536
-5.434789030787 4.781395962148
-3.981500658261 6.643265879718
-5.285670594842 5.761108831263
-5.057329975846 5.502734726243
-5.454948573471 4.694451375428
-4.912568223863 5.858807593626
-4.873695431453 4.921072945040
-5.003262057525 7.280366456743
-5.770337568221 5.138722984953
-6.035789520174 5.629070524227
-5.586957952576 7.012387976440
-3.997088193060 5.731337231352
-5.822601972170 5.136916252850
-5.065665920903 5.215218641909
-5.813341223104 5.670013286295
-5.625740322581 6.361641202006
-4.108608314382 4.575328839819
-6.066018038154 5.719262818427
-5.435903251624 6.319943425042
-4.207783917823 4.878448515626
-4.674274435227 6.042403670997
-4.514496893730 4.498138707116
-3.764293483830 6.251814520243
-6.123508482611 6.482677503236
-4.766978949701 6.332878240633
-5.836795941897 4.984185299658
-5.752394001051 6.358062929743
-5.172468022978 6.476290667845
-5.741238080146 6.708578081267
-4.958020376591 4.374276193227
-5.892320923818 6.461552099414
-5.145443264930 5.166098377207
-6.042250970109 5.580557822988
-4.979321651396 6.075661201992
-5.205016797930 5.929805666179
-5.092938298033 6.345520416591
-4.123291423211 7.111007134624
-5.205735568473 6.794734694231
-5.069741437631 6.110829415662
-3.500386227199 5.711586588458
-5.797488506357 5.145816574687
-5.943411840453 6.429391990037
-4.588767162334 5.532289235297
-4.304875503730 5.511439861724
-5.347510245179 4.569901969567
-5.163061943471 6.521543475412
-5.317691019547 5.851045595525
-4.970778358010 5.827864084112
-3.561998326767 5.407997371047
-3.527893771948 6.054425022441
-5.597535069037 4.804356698635
-5.052328020236 7.245820627376
-3.881500027515 6.596013392678
-5.692729914345 5.972301991971
-5.160070206569 5.796647608005
-5.038820746603 7.104959468370
-4.345888786765 5.284025219360
-4.578482412145 4.485324582002
-5.454210843577 6.499303135115
-3.827785772388 5.407990344539
-4.608497323502 4.350313255143
-6.016511393735 5.826162941667
-5.106895813714 5.355305840268
-4.357744248058 6.923431154014
-5.106608485194 5.604660832615
-6.046763470192 6.071791423206
-3.579256624937 5.766675657751
-4.507782891384 5.243908504403
-5.736792568988 6.814831665741
-6.072119022588 6.358880969342
-4.166502222192 5.652262349845
-4.822454281229 4.745575753165
-4.316626642301 6.798722501830
-3.522723245283 5.616142421292
-6.026769221849 5.667452711562
-4.040584756762 6.606768350335
-3.829523070944 6.619555535118
-5.448686623635 4.984475143602
-5.334664021097 6.443417542342
-4.764685105985 6.345172353591
-3.480982972324 6.036816737943
-5.329411781322 5.435843468865
-4.146980199231 5.556363083063
-4.353182427610 4.910571839723
-4.931010140516 4.411305514390
-5.574891810994 4.549565673666
-5.351083102155 6.231939768639
-4.673893117187 5.450119923092
-5.160231167234 5.312271535458
-5.430864390302 5.681681768926
-5.670706264706 6.584649853154
-4.859086810658 6.194767316012
-4.890121209694 5.413593862150
-4.663728416782 6.566809598555
-6.004502367041 5.759691112879
-4.546773495353 4.826608988045
-5.230887281736 5.436965298947
-4.213674294212 6.060378282673
-6.021900463924 5.129747514496
-4.321189809156 5.205553644971
-4.889426895351 6.035067274072
-5.384735138211 6.599639586968
-3.889520904321 5.175004587155
-5.515999796133 6.102919527515
-3.451590958929 6.025119205728
-5.482616821178 7.030116815668
-4.054255562808 4.657001785642
-3.667926409144 5.089623105405
-5.194156869344 4.841229931753
-5.174356180843 6.850428705375
-4.867952984562 5.760293886348
-5.485536366962 6.670295192669
-5.944223246749 5.786223072811
-5.702162447525 5.762088972919
-5.119552754666 5.836103706857
-6.007164177581 5.015280065295
-4.486218754055 4.533678671802
-5.596283708782 5.667371226539
-5.417787104373 5.967820361116
-4.769322520677 4.712626792632
-5.363042163293 4.956436520766
-5.327741314387 6.410008293102
-4.291578681045 5.946267206361
-5.790517774123 5.144572023630
-5.995634060398 5.061689907489
5.795116703508 6.445202927669
4.461831391197 6.192675267761
5.794079759819 5.454723576122
4.497013154821 4.430414300133
3.502601990089 6.104777354762
4.649614111966 5.657003971465
3.529966755896 6.095305693075
6.245417889531 6.246672876033
4.445383241122 5.571479057850
5.031465401521 6.790163299017
5.968836752701 6.019746636138
5.695988057133 4.761722414833
4.288621196870 5.708355229521
5.163953020350 6.405372267872
4.498414003794 6.885039742384
4.596842584834 5.148872977629
5.185807386184 4.492655539274
6.263472283173 5.782503027247
4.342011448992 6.364730425629
6.028181283376 5.326384932712
5.819462620090 5.752875326234
4.407837330205 6.208839916006
6.007347779749 6.199928974501
4.636511196570 4.784587061437
4.122549809439 6.313479247245
4.950250458353 5.181068277198
3.554691791065 6.227194594796
5.644506892952 6.183176876292
6.035061073065 6.214345195429
5.247842297018 5.770867914007
5.456851931916 5.577525195208
3.732769522061 5.488541718609
4.204760571287 6.576518873988
4.984978371551 6.369636453730
6.092247318952 5.512014308718
5.749206039354 6.322363703136
5.987115034043 5.572304633816
5.268534589169 5.207157500681
4.519483869933 5.050588793290
3.912270483454 4.860597117308
3.892874195605 5.147040735223
5.511591925701 6.966909397971
4.564649261154 5.183240908562
5.141847540281 4.807711066409
5.027194227878 6.578262060498
5.177217537752 5.669000354246
4.452591305931 7.025221394184
4.681068221264 6.371104422514
6.120048392139 4.980324630143
4.395016588438 4.953567203609
5.392151709749 6.057932740779
6.300938745782 5.390450335036
5.588765029333 6.887554466229
4.772140197747 5.614290182418
4.268273673482 4.798559388286
4.683103497556 5.824472551250
4.188444011875 6.276534280017
5.805094236154 5.269983910246
4.850684321180 5.186000093989
5.670571840953 6.006432752383
5.124708914199 6.968052001334
5.966763442968 6.129808426103
6.183056110126 5.548172628918
5.663968236258 5.713721016277
4.311429447236 5.710847031784
4.940891889117 6.426141577611
5.306648756333 4.890849190963
4.263869727170 5.919813599785
4.138723005169 4.832272050379
5.964586154121 6.173716676876
3.642870094312 5.246995389143
5.876522603052 6.597371274616
4.205548199730 5.253612637100
3.503318082891 6.067648140022
3.811244151386 5.172154354585
4.952285471234 6.964645997515
4.695135728816 6.062994339602
4.599085969159 5.663402223659
5.362963131180 6.019987073996
5.547864769257 6.478711279222
5.040531024446 4.289037481653
5.024779994365 6.294139080060
4.852754045690 6.874058860240
3.850665307710 5.338397294039
5.042274880419 5.668513552217
5.845207569667 5.709133106075
3.765678362195 5.092937720446
4.139255781717 5.533888124592
3.996410448071 5.941064495754
5.123839702648 4.520170753892
4.677771704065 6.360164638309
5.089647435756 5.944597724643
5.625211703065 6.532844188464
4.476530204031 5.098941079296
5.201411069881 5.219523918017
5.554607946395 4.413389230594
5.357023702752 5.755420440925
4.735423633881 5.806322716055
5.115707791834 4.573875650463
5.234715194176 6.111764043047
6.201519615761 5.070534385514
6.049339602297 5.939821609483
3.976694019770 4.724699739172
5.391868177221 6.176268815369
4.849295544476 4.787806387783
4.498063709020 7.097203741360
5.203817393461 6.258032209582
4.381480922364 4.958173175476
4.879421010242 4.454823666130
4.230383133941 6.895103170921
5.513883092227 4.814598116475
5.037756400433 6.701338410674
4.880660452141 6.634737036561
5.706262247877 6.585110804882
5.743770963950 5.699320028793
5.206619271503 6.198928621018
4.047109267304 4.714818642443
5.589854468843 6.197037206174
3.793154796452 5.959653333946
4.272071419612 6.076479940663
6.304672940911 5.468604341912
3.560835716634 6.064982924949
5.049050805007 6.715207379136
4.975630836463 5.227572525584
5.059957592811 4.645331080410
5.204338822068 6.442923350272
4.634092056755 5.268582744741
5.783313696070 5.799108526266
4.033612919557 5.565822532457
4.687004165729 7.143549345174
5.802542941569 6.131699286120
4.484973047016 4.904220437324
5.909784760999 6.288249858985
5.474376366192 5.864500650854
4.979729218332 4.917636545767
5.885538450488 5.838455615571
4.876726436671 5.092280116674
5.656072283511 5.530890189253
5.173216930965 7.086429031468
5.910433764021 5.274658760518
4.287427856937 4.544354716319
5.479675468320 5.540642083343
3.977928135047 5.987913460776
5.592113332815 6.910810807876
6.374541379990 5.826250128876
5.721314786494 5.112309430447
3.704591101593 5.978368639517
4.703323183024 7.218832725987
5.691058687629 6.825046828783
5.648258220275 5.059676737368
4.711701899949 5.034591032958
3.740426695555 5.059697386256
3.666341284423 6.409324722256
4.774851243519 6.994042725914
4.623469972165 5.231185326253
3.593977427284 5.900378099474
4.160902416089 5.933041943284
5.230541837695 6.256482731993
5.704306856556 5.861312850665
4.260438917954 6.574854719947
4.233631787908 4.514306929382
4.037706885961 6.397907749795
3.990691776887 5.727029246672
4.661255354981 6.292517560270
5.894012488718 5.504777799999
5.537352782660 4.888746728775
6.015925732690 6.304488483949
3.853344732137 4.828933710456
6.378181550774 5.698443566665
5.183364757297 6.426668083405
4.494714222162 4.751273631833
5.058532282613 4.463166080537
4.592697000382 5.075859652717
4.288905881991 5.267792321947
4.941016030937 4.537041695516
5.967881784424 6.223555075832
4.176605532814 6.330511534445
5.354066637440 6.917934701639
4.837919250697 6.567917324079
4.556768910348 4.890129186263
3.505474815493 5.530040585677
4.881822786444 4.581442379233
5.931878747006 6.478110542396
5.645266521349 6.552508857449
4.517827111300 5.889032487855
6.079318292121 5.936690883112
4.729012627628 4.672114499803
4.681804163100 7.063947030949
6.143825938360 6.210610628178
4.583848943713 4.852758501458
5.154205919753 5.423821629076
5.748778489694 6.236116308266
4.951159256430 7.105664642009
4.831018260365 4.866532207480
5.525087984674 5.897548514101
4.427294884894 6.334108225544
4.858535580328 6.359757543381
5.980466834981 5.218681144636
4.841619154935 4.646794559017
4.682649369536 4.689620307030
5.312101192128 6.401432493041
4.047495812426 6.613499025513
6.022301827998 5.435784031592
4.438378531220 5.207613054343
5.313099129163 6.614050727600
5.984525818242 5.649877031251
4.901696672049 4.794820243010
5.599025197481 6.809445766986
4.314297815370 4.778285698745
4.557838001280 5.759766444535
3.700892244368 5.072292483497
3.906069639468 6.739434900646
3.868814545953 6.436555906125
3.881382796260 5.613814452145
5.495545666792 4.564627007373
4.762287780062 5.242650046102
3.808536050768 5.272076607507
4.425792616612 5.679428258041
4.451394592129 7.084871168714
4.523888776170 5.335902308995
3.804179972032 5.649682092465
4.430726445177 4.866693734342
4.510306799636 6.201594027167
5.498134478734 5.591973920660
4.017630059381 4.641853267182
5.561396246692 4.860284131740
5.307759302680 5.920722540519
5.920716671761 6.401273374936
4.093909678704 4.926301754874
5.696195418886 4.722848622602
4.814028722415 6.559074027628
6.170134859353 4.919129442637
4.602344987064 6.484533945320
5.435707966302 6.174919912343
4.875067978577 4.896215815107
4.805188307673 5.196288479434
5.593186636286 4.502109269949
6.236151029682 5.938352909553
5.318222565337 6.942391453839
4.832728673922 4.917757969726
4.923250520723 6.467918807678
5.374228760714 7.005720777643
4.811518218701 5.606304731946
3.986540938127 5.058437942675
6.237147422338 5.168550872256
4.518947576283 6.260421481714
3.858486051262 6.104598223884
4.458276265848 4.874484128167
5.936247139794 6.771056944939
4.147221055254 6.991041294023
4.937339718693 7.105026079608
5.968848897591 5.541813597739
5.093995983952 7.183187032110
4.855133458167 4.890126892216
5.293403122823 5.153065304934
3.961472105137 6.855623141404
5.597753200180 5.464445060544
4.949434779673 5.036265172037
4.913703142578 6.927986679013
3.622075223683 5.813019230556
5.517444571271 4.803728258335
4.974356777219 6.879298819932
5.574831488864 7.130370803620
5.411034027994 5.094902454306
4.531748104841 4.907064169466
4.531053528306 6.191050896878
5.519948526970 4.502631021702
3.961066677338 5.851134380636
4.896912730172 4.315329952854
5.892846678511 6.096757845098
3.836147153261 6.595236830973
4.064394561228 6.366421634444
4.757529377357 5.625498837703
3.996048232795 5.400046907091
5.733793080996 7.031273657012
5.038043762672 6.494712007971
4.803991528220 6.617916502004
4.598064799743 6.959201837666
5.843410047817 5.044049797464
3.628809365367 5.404614760720
5.506764292438 5.455765902569
5.384517022869 6.941583845147
5.194535215298 4.907522766320
6.056628947828 5.112459439063
5.417933351857 5.950543545568
4.512092594726 5.345207955127
5.095308299221 4.540431792718
4.583191539088 6.356782523630
4.089890697527 6.447795374066
5.566850204095 4.949047229372
4.726519765704 4.968213183996
3.854589805040 5.432494728623
6.217868690891 6.237428744924
5.641801922447 5.425022807021
5.390552927320 5.641711664946
5.534904034775 5.432603405016
3.620904649465 6.172167707735
4.131911570467 6.260865673695
5.774075403834 5.341370329529
5.363586415903 4.406569700705
4.832835527906 4.971479296793
4.960502567924 6.008279679890
5.934036112163 6.875251929746
4.252580785877 6.946902932916
5.109994370857 5.437572531141
4.187033339283 6.935211359839
5.409706934663 5.052799715651
3.770708372600 6.143375375141
5.861287060395 6.781445706374
5.337046910678 6.451029982546
4.513161475970 4.720713002904
4.194716823449 7.015182862753
5.024544588475 5.342316615479
4.991101263518 5.251754357249
5.067399510368 6.211810536135
5.766004678954 5.823141920321
4.212262938347 5.900785659157
3.887475445852 6.402052421189
4.487235075704 6.687616095140
4.356364928805 5.968666437316
5.775551918925 6.802194822892
4.401911281321 6.847150514090
5.117809704618 6.121694942718
4.278567073878 5.377190032429
5.525739907276 4.464420993933
5.978381643621 6.521371332032
5.546582660774 4.915597442744
5.722162035255 5.061457940235
5.416244132769 5.756983800880
5.884918713002 5.355640510133
4.262471086975 4.522138797326
4.769918846977 6.695193115346
3.922165762642 5.602225505277
4.016985381625 6.530846899705
4.804879941672 4.553161182354
3.985097239428 6.084099954046
5.514816804278 6.186275167305
5.798916089922 5.808200260900
3.765640499709 5.726981463796
6.104452690842 6.248548555403
4.099296621278 5.223178464612
5.758148221411 5.432459112018
4.061396879661 5.261649964934
5.096664569692 6.467494080245
4.328606973241 6.254558695107
4.990678191646 7.178976875137
6.300108620552 5.883930071544
6.010828726269 6.097889730444
4.653938302433 5.536101030521
5.784682828100 6.675661791770
3.725135262954 6.442417250819
3.577198660072 6.199984300958
5.712808659803 5.004562822451
5.731723903973 4.903960597728
4.986210492609 5.882005884763
4.426739627315 6.996169312681
6.141420714175 5.470559738848
4.503535091807 4.818943510282
5.149009019024 4.749770468505
4.623434788312 7.137734297014
5.388141256756 6.050090899150
4.950491320797 5.824196957741
4.806336830984 6.836137167192
4.633784780449 4.832404202511
5.573975212630 6.013011354397
4.513887336679 4.514022821420
5.382195298031 4.837160638711
5.516446214891 4.995831263364
6.063610024869 6.209429682084
5.069752890107 6.701290224218
6.301653717259 6.017379935691
5.833555732201 6.044470521415
5.789666612379 5.568008672683
5.796758064107 6.079654950929
5.340825061071 4.620941222468
4.380065622379 5.846805981280
3.735157719281 6.275786454009
4.992800236143 5.109702128158
4.445361914367 5.999524263159
5.439433881453 4.811407116001
4.416941801437 5.849633366736
4.069620951508 5.904725239045
5.022405169667 5.093748971127
4.330461172973 5.537064103960
4.901344533306 6.597258641390
6.210052574106 6.001058731833
5.481641820141 6.237265310762
4.667119592638 4.968520961263
6.124500254697 5.067953747271
6.299126382787 6.098212987557
5.198957713643 5.321350920493
3.673068042198 6.135371669452
4.266069326864 6.935967051518
4.409665228512 6.676986958420
3.956576321058 5.432763163740
4.682821372741 6.208411132661
4.335869632372 5.398726002147
5.437416565387 6.925346475904
5.201040406553 6.497516215686
3.600272224909 5.476216329383
4.516635546785 4.577948710374
4.475503021303 5.653269137081
3.672808119844 6.213044084702
6.308539775484 5.476749265541
6.063642552888 5.735837604767
5.011993566541 4.301030833613
4.953792101471 6.932994088993
4.345436232219 6.770379754597
4.883524115531 4.643157846676
4.561447623333 4.810705708834
4.540440262234 6.488839189038
3.908948400664 5.342039499219
5.869474451599 6.214200814710
5.051802173041 6.594811394512
4.840260635516 6.571727453895
3.876911271176 5.647002503224
5.022406723847 6.228768333330
4.763443541789 6.511875755715
5.383925419417 6.088837584188
4.545971580761 4.527180413983
5.968345210651 5.664385425689
4.611010915338 5.312080595990
5.712056534933 5.038412326341
5.440324396326 4.965186759000
3.871030026749 5.825421416706
3.734279486424 6.011747174207
5.422157605289 5.400190174739
5.372696895161 6.425224454114
4.923434099017 6.550138189639
4.375174725577 4.798131113361
5.329914342160 5.145122212477
3.777986072370 6.268060265148
5.646474157822 5.086046683987
6.298936619657 5.834000079053
4.512784537559 6.822197709681
6.301858334216 5.375897653894
4.090774264314 5.519539755126
6.411537279302 5.567622144785
5.007471763979 4.309528865829
4.076009163237 5.358014506734
4.509475112601 6.611672453383
4.318735661741 6.546072234034
4.910589381539 4.721373388073
4.083147442779 5.602012525584
5.750612932645 5.466489139955
4.192624699779 5.320057747238
4.905269474137 5.171434124233
4.021251964571 5.648808462538
4.872961207229 4.961073567192
4.303720038905 6.515425699053
4.319403056575 6.947858071908
4.857280044871 4.571361859032
5.203070773723 4.643021519061
4.419954534925 5.452422864839
4.932094309052 4.457888253042
3.981410245474 5.913906342276
6.028844814247 6.509823481127
4.985759117066 6.591902976139
4.786740537363 5.805616858968
5.032951934537 5.894067892172
5.653913173886 5.956429760193
3.936612205327 6.245904876258
6.035864417596 6.009030021790
6.303842837035 5.752853635671
5.705168473137 5.563687705049
4.502623058179 6.617111379048
4.065324559680 6.875494830061
5.717435342011 5.463681448296
4.250232038401 5.804519436751
4.462897139854 6.243987411708
4.161816497540 5.518353719243
5.533856326082 7.133677060358
3.479998947796 5.526103806020
5.484594715565 4.948499962042
5.294518549738 6.500322377213
3.948446893903 6.385946681815
4.303985193542 5.562519981611
5.356707035140 6.756554407396
5.033731024111 6.534801349005
4.282289565185 7.114783293954
4.470907115219 5.834789551990
4.703858528125 6.499811804737
5.622640041898 5.385753892967
3.809605833715 6.199021734727
4.753483154650 4.444894991618
4.487498334655 4.993455544493
5.724702192847 6.400203015094
5.546852004925 6.896859483221
6.416444223199 5.830679975296
3.529260858073 5.744713870817
4.898014683555 4.417193511991
5.219562221633 6.409511622747
3.789853828648 6.356046160706
5.340793612369 7.096070663240
5.676159451541 4.770963816038
6.048001239963 6.065580782792
5.605381377549 7.067156314985
4.447501557806 5.556246870595
6.300991379842 6.057259427350
5.995798887027 6.409868540126
5.193109225628 5.008726093215
5.330585429137 6.448608088691
5.340039795431 5.826011432141
4.881461456250 5.577921487967
5.461593293401 5.131368989032
6.202147838392 5.313432760134
3.643084408606 5.622056001959
4.476762485480 5.087819844355
6.078154738427 5.169872095997
4.635951141888 4.859340104210
3.885914485563 5.430759167721
5.560090451488 5.030468646718
4.133970290084 5.394689663267
4.394569349067 6.741797554932
4.720899495622 6.089079875759
5.361474282848 5.577134466944
5.018320265162 6.052701456279
5.439788517028 6.310565860789
4.801191843121 5.151277013553
4.487151370743 5.582844918674
6.105795731521 6.683745529253
3.624669000572 6.268398583072
5.921871270115 6.682552719381
6.033686515394 6.046212464468
4.761232013233 6.769066265679
4.110143280634 5.461575036923
3.916052282430 4.787399176770
5.978229549813 6.105942412811
5.363010525474 5.342934580622
3.596767489829 6.378978423158
3.773027471174 5.102409366379
4.354303124035 6.306765302905
4.651573139125 4.411547168973
4.725112460099 5.192072199170
5.038551797496 6.996217660263
4.752274584541 6.645859147303
5.807818446382 5.500830237610
5.539742964208 6.144083341778
4.190825981940 5.305747580396
4.914284633065 4.671955862080
3.859117237461 6.259458908685
5.312516994935 5.641696520135
3.638945036967 5.692554780051
5.103126123761 5.686455949056
4.183663040673 5.276133284265
4.678482457318 5.564061436304
4.659740840854 6.302320027181
3.916236954677 6.783630406843
5.533733736605 4.801177630493
5.539143751202 4.880781218047
5.125900165027 6.763553975479
5.062896350435 5.091917124557
4.389778910726 6.733102993709
6.276750196699 6.372347987548
5.952194202606 5.796831051923
4.138380146227 4.560742433396
6.130018651055 5.580112564910
5.223589925654 5.897625257058
4.463060701873 6.819221325740
5.156112229999 4.470183857728
5.882817480138 4.906711135119
6.205611786073 5.677481324870
4.121377787524 5.012855005969
5.026914835875 4.394732883964
6.286758522686 6.059472458214
6.090300345954 6.248390924473
6.123758480649 6.192491537278
5.066545462272 6.978668708284
4.879472800228 5.383722505190
4.157771720105 5.630761803661
6.263782454370 5.719264499548
4.303650402989 6.897616169899
6.283686163354 5.108316621794
5.072132503240 6.840227613057
4.417773013066 6.678283327190
6.379228327398 6.134332646086
4.169039736828 6.728638331384
4.412027080895 6.508511123529
3.716387532077 6.367000264623
5.452519538514 7.177674720991
5.787567128290 4.728427243034
3.650024599155 5.037586477170
5.306394552848 5.365075915940
4.422406541182 6.062087231551
5.741973653750 4.811426680523
5.465668552653 4.944013402873
4.187634592924 6.960875587912
4.074384979780 6.050741288504
5.377139383134 4.461202166339
5.088672588500 5.305066228032
4.345927426373 5.962834243888
4.080537459424 4.824049339971
3.877264816791 5.511912402255
4.699564283168 4.777343424970
4.731919744311 6.808662950323
5.294021598822 6.206420709386
5.503366509576 6.626093404319
5.276454809565 7.185850405232
5.272051687499 5.802456529143
3.673927411887 5.197843472861
5.092674462427 4.357085651893
3.873809101663 5.810521575786
4.398457046553 6.397011251508
4.865547614858 5.811524893380
4.734031843341 6.635594416363
4.794564618433 7.105969650424
4.862781510298 5.014443412267
4.946289455766 5.243215968783
6.002900642212 5.636081670644
4.465622080881 4.786784963211
4.061720509973 6.432980575232
5.122024628729 6.146402395259
5.265407589882 6.285357680776
4.605951022674 5.048233253798
3.501268324733 6.018578471611
5.344857948186 6.473934835443
3.506001149725 5.970025669107
4.885072800780 4.616528773074
5.646772695130 5.965704896593
5.911926586119 4.686188939543
5.631409836502 6.158059100476
5.258869871170 4.606947274486
4.275125210517 5.441045577303
5.401081196762 6.332412831540
4.642445916285 6.289119366153
4.271144767060 6.884807567476
4.832550158978 6.948461220306
4.598993244248 4.700677086171
5.827719180230 5.417173654725
5.969002155366 6.840647056938
5.946238164243 5.704783826882
3.846196785021 5.073676782354
5.192479709324 5.824799731047
4.066997578364 5.382306801181
3.908304576030 6.852756483979
4.812959563736 7.141276019726
4.560763290815 4.753644672942
5.949722672818 5.723709465448
4.756945508380 6.689082281942
4.661677328709 5.843857418397
5.291473935177 4.986047696633
3.881187329226 5.002676989840
5.820055695030 6.218400739199
5.498699342270 5.523176306550
5.258003776899 6.673171819380
5.940742891654 6.380628482436
5.752381335282 5.202492200084
4.635698330849 7.194888739072
5.180763596901 5.977916895184
5.862128407850 5.147290302534
5.116123927519 6.467380289752
5.352364416382 6.237014265280
4.572946013889 5.491899403956
6.228817284498 5.666888151707
5.388136396113 4.648872115233
4.692054773937 5.429612815999
5.761323713215 6.117415444148
3.847394860852 6.512877973520
5.155720365772 6.634379320608
4.871838021049 6.133120871831
4.737164214114 5.101894684390
4.374795535592 6.238529740869
3.804525969397 5.753413463334
5.402143802758 5.602422261230
3.958057792173 5.522698634694
5.985858638924 6.798338823570
5.718372280547 6.530079729078
3.755609129141 6.024510287566
5.747853135192 5.188499575228
5.533111220426 4.555825858815
4.946149528462 4.890264632463
5.026332307837 6.507216292415
4.018495535730 5.106533284922
5.969960706402 5.012756324881
5.049063932695 6.909337648776
5.201290233291 5.918372144033
4.336976327079 5.139040144955
4.178998830859 5.319616309963
6.056124202070 5.493658651836
5.363154165406 5.992548892892
5.900997230615 6.217931649606
3.930532701720 5.416052747153
4.217714206058 6.803005102975
3.663472045856 6.161876910378
5.980486171157 6.811314815273
5.120152720287 5.510919460974
5.446570805357 4.400414960048
5.235438388865 5.036015192906
4.951254147817 6.336902618912
5.922671193953 6.893432901342
4.623483805057 4.640140255363
4.981476914317 4.434160373996
6.279892241225 5.807478081578
4.810716693712 6.625319798691
5.556615974924 4.515459578264
5.999822433901 4.909283626160
5.739159905830 6.369183598133
5.203720645896 5.957007633563
5.611498747690 4.518355812956
3.809524634460 5.575223687071
5.153662784967 6.443176029208
4.919928693796 6.355527050460
4.781718318676 6.779815619952
5.834378822859 5.704625464707
4.790633824077 4.825699784243
3.683718241029 5.404693556799
4.015262010739 5.235122350626
6.042160763165 5.925525339199
6.135892356414 6.420793552891
5.395088822522 5.685955613929
4.160349339109 6.628939349814
4.277453592319 5.988612320157
5.669736334860 6.093332840240
5.233331971835 6.663409603763
5.596753925516 5.273940612937
3.744271426009 5.723851962231
4.968124102676 6.751344881765
4.980164136685 5.029679468866
4.043298278445 5.355512281244
5.537585287940 5.957229621691
4.149394940723 7.011651318096
4.501065034076 6.172867289986
4.841495017237 6.542711212750
4.297055648740 5.290565797971
4.808701195402 4.838357201221
4.597211641549 6.562421315601
5.413827530282 6.284056793422
5.572356844879 4.602072296976
5.217247079701 6.072378229356
3.957628777688 5.939697145638
5.319196803204 4.920511762404
4.792552651949 4.766035731966
4.942944127532 4.473951963420
4.873638841011 4.615056783807
5.782185643502 4.689798406335
5.820834702698 6.079062967743
5.967163965896 6.493406424103
3.795535118228 4.972617996156
5.358228504163 7.208164619238
3.665860603162 6.376638726707
4.856864492185 7.087496612052
5.958364622331 5.729577227898
6.329619232602 6.177641337062
4.342601172496 5.812261011969
6.327276982167 5.457120621513
5.520048488908 4.896089074259
5.125578975064 4.758607708114
4.845540861802 6.728236470049
3.714014782730 5.747594610391
3.988204887804 5.803905017366
6.196185619896 5.367574123912
5.523390773986 4.588337356763
5.802103353457 5.926331229309
5.561171612013 5.252634758765
6.007247216752 6.581165070396
3.897545195989 6.646507641234
3.946115447546 5.042307504590
5.609194745170 5.499144145345
5.803523813875 4.565649338004
6.201250540703 6.122545416020
5.429131889818 5.240125504996
5.387607782615 5.467742887200
3.909953235548 5.261344540364
4.223531406038 5.665645897888
5.908895235445 5.409306589871
4.040327490123 6.576900199442
6.067596279249 6.109226884518
3.889936392151 6.073866911215
4.451907033149 6.487343216839
3.775603717746 6.565660987511
4.552731253437 6.099288279472
4.544876681172 6.128113324584
4.166514743891 4.993611502041
3.551652030053 6.049343441793
4.302101478419 5.221590028539
5.420477108177 6.439495650850
5.746436708534 4.766600846115
5.531691869956 5.379503768273
3.860551357894 5.289797216479
5.975729299881 6.725072556906
5.917314994004 5.776323308020
3.780706216998 5.116362327179
3.831971922049 4.975862410335
3.460866785714 5.706099898995
5.270421936270 6.989711183423
5.545009377170 4.655446695339
5.434288809939 6.332336914947
5.664916772713 5.649026637180
3.701965223859 6.077121713019
4.493559898885 6.088816723421
4.836246910543 4.353103775958
5.993047771077 6.677634574131
4.539191418592 6.571817415900
5.505291610946 4.728341635213
6.405607466725 5.482121315294
5.411934564386 6.567607815360
4.900626862715 4.934075907598
3.569710291976 5.454176831907
5.176914511044 7.124480124363
5.218332477529 5.956528260692
5.661375479390 5.924825608169
3.606648832227 5.646429951883
5.700662597232 5.132998705470
5.843095696207 4.853267761894
5.705843897858 5.069378022133
4.824366637682 6.787072277024
5.545645359266 4.401882191040
4.883005745422 5.610289139985
5.956180691101 6.348086853182
4.739400343368 4.577877179632
3.680593881882 5.694939805193
6.315457362440 6.286484405050
6.148546289293 6.342923790485
5.274350703069 4.707582661101
5.016624101433 6.382143974143
5.051239612677 5.410442022619
5.152031654942 4.376573097311
5.662516805873 6.523639726744
5.379610314311 4.873941414593
5.860639584201 4.979289643551
4.324149512375 5.661262121112
4.311779839357 4.547510727561
5.296837204131 7.200494677783
5.322201369782 4.909859987164
5.745341133853 6.530462647859
4.465288560985 5.543821915639
5.535138420410 4.453258601041
4.096759459584 4.975586819777
5.437932383872 5.569332501485
4.373398521253 4.476337935314
4.121546995931 6.810010743500
5.742561998950 6.020678012529
5.634829738856 5.127498248571
5.191989050858 7.221417066413
5.420984155116 7.134860845976
4.394037923207 6.390312913055
5.411468612073 6.353272038139
3.955255268756 5.329202694825
5.073819732560 5.966893999427
4.766826258062 6.615371223605
5.905590838350 4.956418642392
3.790148314845 5.822392310366
3.895065489540 5.047398257750
4.985863660191 6.924488561179
5.684110689746 5.713112193939
4.034752920442 5.797578024143
6.043112793473 6.564105062584
4.058848971325 6.168537615292
4.209645585366 5.315853872596
5.199444543173 4.790099087397
4.856936149971 6.988576801991
4.318245944557 6.153747490203
6.181050295485 5.176146136307
5.653526118031 5.683936155457
5.000856661321 7.234138132345
3.932230922253 6.770110050083
5.582936724602 4.875467718443
4.396066723731 6.400449183220
3.484962064399 6.048834995978
6.055000276031 5.201184835586
5.647594160234 6.976001628430
4.067071162466 4.910675975676
4.176332617346 4.952625508243
5.466484538120 6.270461245858
4.240052291975 6.407124158126
6.134870348395 5.178737782604
5.703881729213 6.399454100239
5.266764623914 4.443318197268
4.384699793566 7.086506626657
4.631761000433 6.432270355570
4.285871081039 4.812740251785
3.829060610932 6.550492426314
5.503227992548 4.683784936050
5.474746771008 5.629543837036
4.974822478181 7.083272504281
4.064232295688 5.000631714161
5.426696831758 4.619860247459
3.673236784880 6.133895307229
6.064772495664 5.319711745830
4.885729420698 5.956008508235
6.291720422861 5.334203991304
5.229268986834 6.996426186935
5.218896527311 6.875593663280
4.700672058322 5.439048751303
4.896821384529 7.063736005404
4.519144808223 7.139073978201
4.569326951884 4.500386041114
6.279655999396 6.075072584203
3.689085502140 6.079621386037
6.246700870336 5.712529419421
5.182858040364 6.524168222407
4.579541569215 5.421057930720
3.922168028293 6.595052724575
5.440566299540 6.035951150694
4.580648377406 6.100450430502
4.082453200876 6.580874670947
5.647119629849 6.768109210175
4.735635818326 6.288884544465
4.066139874835 5.899546451564
6.055820720941 6.403147722938
3.845419203375 5.195678483323
4.903766066952 6.820138189693
4.726566864371 6.588175315075
4.539661583520 6.522197817348
5.373758344560 5.586086637178
3.989288177452 6.504576399375
5.278029790841 4.491296223177
4.499658759479 5.023702426446
5.383528171486 4.831525937913
3.830014513737 5.839894822922
5.971356714230 5.093164789790
3.728809084092 5.294214194824
5.210151597832 6.082412083849
5.595497756263 5.971545555580
5.472694892098 5.293226828782
5.559370691111 6.312262155554
4.781780253825 6.890293292403
4.232020023092 4.641718375576
5.546322424060 5.641482818002
6.200958220851 6.519334836261
3.955387351323 5.743866774403
6.032666784475 6.758731340210
5.837266643075 6.011393706074
3.654400210427 5.843182011257
3.962111846278 6.094989656923
4.001371656930 5.714795270088
4.284767814888 6.097508259447
3.625721100673 5.764368120373
5.074351143541 5.595515835113
5.527914025311 4.733408776119
5.284012603019 5.312097283288
5.517804218384 4.638765834090
3.752740296222 5.208416038429
5.411323199801 6.134190920748
4.373439577424 5.062118344514
5.905681914343 4.768648370210
4.892041270072 4.817012090385
6.011490101883 5.501610227545
4.155494555838 5.359765727328
4.286144610020 6.525289843799
4.521425831272 6.443685586409
3.680244961664 5.228405856209
5.585037306218 7.036978971304
5.134522028923 4.538217254042
5.366928091376 5.596756315912
4.132801376798 5.765875583981
3.891938640877 5.688129761099
3.916563890211 5.347057190708
5.553674066543 4.700177253182
5.793847029823 5.754718620807
5.238418699110 5.100428826422
4.771072095726 7.216205520892
5.256737762832 7.151494806441
5.799546924801 5.926215416342
5.182011071139 4.870562488934
5.379654125249 6.359337970965
5.429697974372 4.585989242458
5.173982020601 5.530966883201
4.035003309826 6.871969103700
3.578970876051 5.295590572268
5.394064123018 6.742516706440
4.428094861858 4.985447802400
5.057387303244 6.157242190342
5.373793338416 4.438678741008
6.188856888723 6.361419707085
4.226823379563 4.476081332947
5.598137588358 6.243217934308
6.113425340377 5.690698864134
6.349075278564 5.401248342390
5.678676404841 6.229834491821
5.189900019357 5.522621999812
5.128219157860 4.931530829401
5.999632696600 6.002739501707
5.418625622266 5.448668167636
3.897703582093 5.819018947294
5.062868127985 6.767604723613
5.331381667407 4.952869030014
4.445512838316 5.159189490324
5.219985133787 5.167725922792
3.787020516223 5.374130159743
4.648363895593 6.792213619741
6.414552717360 5.899417005334
5.110844452703 4.397096385809
4.398601058710 5.857297186040
4.897735565695 6.672112284769
4.249027249867 6.288539267446
5.626002852271 6.415554545859
3.941068310272 4.859915747589
3.592932767842 6.147010216320
5.753416942083 4.854898171191
4.612304149049 6.505849235815
4.634066438379 6.208276870965
5.140152474896 7.031272963914
5.108914822381 5.997208689829
5.317278169400 6.612308176327
5.674340308172 4.552994226258
4.115456260035 4.988267612826
4.843513501829 4.566983374290
5.931749367838 6.815245796896
5.604597778291 5.235559081129
5.923045993574 5.396297462945
4.357855431576 6.787824011663
4.213602181166 5.135389383670
4.762191451555 5.598357832240
4.440062034651 5.395642843445
5.678652591510 6.393051509837
3.665426232413 5.974018547766
4.860877459496 6.446805009579
6.267643493502 5.835471894864
4.896627480655 5.918732880808
3.837422175315 5.648730995903
5.688992165139 4.881336388440
6.141383188851 5.798616182459
5.175760719838 5.098553781450
6.361644638086 5.575634037989
4.664144339697 6.303291362573
4.596409080394 5.172526363467
6.235004981992 5.353724901563
4.742452394491 5.523077163740
4.745656441459 5.063890369751
4.057951975306 6.752505226545
5.421785294684 6.352490405008
4.941317239379 5.189981999003
4.311934455712 6.097040764804
5.976876407784 5.235963389411
5.858577206283 6.116835176483
6.277588273254 5.977284797490
5.314034458221 6.567591455226
3.932805242883 6.672264375999
4.264891763757 5.441472712909
3.970082344214 5.896404338088
6.154283336554 6.371604925224
3.777083939857 6.064136037782
4.250223128581 5.635043421660
4.816322537075 7.116269277373
4.125254298100 6.651445544072
5.436248975843 6.293992844267
4.555802170829 5.282407964057
5.976569091950 6.715463018709
5.768565906000 6.670351030677
4.346546210359 6.848099111488
3.719201038145 6.216815421754
4.897675987277 7.231515681307
4.600806736163 4.745628394063
5.581116700491 4.551464852714
6.034224348595 5.463489221084
4.474714683411 5.482470331562
4.605677456214 5.112874181902
4.830535531967 4.856868083121
4.785724092849 6.079485295095
5.959548763074 5.062726336363
5.916512974542 5.502588640260
5.918104071752 5.595397945617
5.889105210599 5.739209430570
5.595164804711 6.290380446942
4.401151787059 5.605149312997
4.509207160489 6.735507384509
4.283906759756 5.787975572355
4.445063881010 4.972722466766
4.937660609009 6.392797260290
4.555965924520 5.972343804121
6.189457800837 5.861128594514
4.088835685964 6.954008344144
4.938356286453 4.804499209733
4.773305289541 4.873384885164
5.933133783868 6.256035021931
4.516442052153 5.596003605743
4.381637837785 6.261712555166
6.329002361344 6.345752653535
4.697187687304 4.717698089961
5.912988801630 6.623081416403
4.730617985959 4.490868129513
4.562311894010 5.279583284829
3.949445971730 6.079439331927
5.216505431150 7.125359195426
3.512176487571 5.895484100261
4.924937679676 5.179852829128
6.039079905317 5.096640568740
4.131092130833 6.353349545514
3.595439792121 5.209757154783
4.124615450493 5.349171977811
4.795179359590 5.506299605586
5.702608508118 4.736567685110
5.830452766487 5.558811763119
5.552012354756 6.405348480305
5.394794487582 6.250835602967
5.548248976630 5.692901559859
5.238116473364 4.538188325208
6.154003430630 6.539756677297
5.782861751484 5.223761990498
5.194901894960 5.272963261156
6.335951864109 5.893165429747
3.721269570216 5.321278521581
4.776807411672 4.839027077230
5.024150483502 4.618321731717
4.015731263729 6.071510577757
5.284980480285 5.645477034664
4.563969871321 6.251579061501
4.379114743501 6.601911836425
5.711897139500 6.136980049878
4.467765067831 4.496524378428
3.546535672648 5.684549186380
4.241605851375 6.990208711086
4.562155843329 5.505378424434
4.019251308132 6.750555992406
5.080696577658 5.854961439467
4.719456655383 5.198690386957
4.341457899780 6.075133893200
5.568149312920 5.846290000680
5.721815716372 5.090571588626
3.929664392677 5.063935594014
4.325167013188 4.428269208602
5.696779546318 4.803564266897
5.865170612271 6.099573951326
5.205517347560 7.108871527908
4.462015506346 5.489441999072
5.497178988071 6.061646901978
4.522936095549 6.212534853642
5.962271340602 6.373836061141
4.208084687730 4.594725297216
4.577647984095 6.797889185827
4.121005678766 4.554999254072
6.004316659597 5.548741153210
5.685265204948 6.218151190274
5.955091128067 5.772775153751
4.109060434307 5.436588290965
3.933724008688 6.221713015579
5.110469393500 4.425888603955
5.105321070714 5.799291488296
3.897906790127 6.749122991920
5.589982508717 5.434060023585
4.412193066904 7.163363578390
4.621024795890 6.868950742140
6.146148821548 6.630838884370
6.235540177528 5.045477894408
4.398002908496 6.719447309416
4.734865116236 5.253342107854
6.174150440286 6.040415634756
4.828083187658 5.134196314563
5.725378776486 5.612374573356
5.814120620793 6.207381053046
4.901931126728 6.291317311515
4.028158358998 5.399154638147
5.607065748055 4.596329987023
4.224896695368 4.682768056554
5.966051136180 5.975065817596
4.553772801242 4.890864714356
3.503213684084 5.621275769841
3.939934260339 5.848102936805
4.158613730792 4.796309654768
4.562284353267 6.733836967443
5.622855983494 4.810256679731
4.131141796617 6.058203064528
4.495033914979 5.513821198007
5.738090598111 4.901722479690
5.168163531802 5.249485628537
4.636452709061 5.949293164430
3.830513685014 6.245181510254
4.273231323462 5.293064211716
3.671069224874 6.413796320903
4.627883503868 4.956094569315
5.016327646528 4.521334049839
3.603129952831 5.368502407586
5.756082649146 6.772923758700
5.415146431566 7.119462163992
6.043467023871 5.265602030404
4.533008279891 4.566722206962
3.836413415777 4.778824676124
3.538837639969 6.146617309648
4.773253817093 6.619232117798
4.689502000612 6.832420646944
5.401182728255 5.917667729210
4.052466314597 6.884640550778
4.735086248598 7.071170858681
5.749881777586 5.278659122336
4.759589937577 4.592779856859
4.600960912049 6.280002256953
5.196016683911 6.730385000343
3.480493085610 5.674526130226
5.202559518039 6.714834186846
3.882429649696 6.772481750274
5.696806180192 5.412705628172
5.954690912273 6.686464018129
5.411872137604 6.738181815404
5.306273372282 6.701867122026
5.215677776505 5.018592886334
4.198184231079 6.002804582335
5.283512150942 4.395715939805
5.942366131564 4.703460395510
5.719335932867 6.470148886287
5.482917834068 6.319355814147
4.747668352244 6.126836479999
5.580690947981 6.433154057461
5.155084386004 4.473630330591
4.672510527668 4.657029298885
3.845627204295 4.778415301437
3.801273622085 6.613726912434
6.306671495407 6.150267704765
5.281147043813 4.926975489312
3.796702585255 5.377109374362
4.516999005626 6.196066943964
3.728262641552 6.244650779706
6.030783097148 4.932123730448
4.949910083103 6.784642839833
3.852587166882 6.351801947844
5.003222499520 5.876579807880
5.791916620794 5.113213624547
4.766267310767 4.351123163422
4.543142181252 5.124377248651
4.610338872680 5.812679553519
5.799618658346 5.964965702972
4.926643785815 6.082749143386
3.866386545220 6.528292659496
5.807755088298 6.870631781566
4.261035906218 6.551707936482
4.948205293049 6.925524695584
3.881610507251 5.503034068049
5.821258851920 5.907697884970
5.148194283355 6.212168906169
5.091160365192 7.059499744307
3.837246644115 6.562920947050
5.399915291743 5.457295334653
5.447358869992 4.601354688209
5.061915703643 6.100710447880
5.821076157254 5.599046398381
4.668306252080 5.422973642544
4.630373872105 5.140403312123
6.074863274317 6.662487515328
5.730910274544 6.057332034733
5.772506991761 4.990301178835
4.750314428844 6.356347286328
5.438425051173 6.041281298174
4.354304566984 5.476173293725
4.159083490601 5.986225301098
4.370498594735 6.104176883211
6.095217611538 5.619527245366
4.523432249663 6.058554810624
5.183336704827 4.373871799614
4.034375810823 6.011359954467
4.938025796388 7.235205699209
6.062377560888 6.246979508355
3.831254351263 5.872511334701
4.440362830015 4.761905183396
4.010689658626 5.290281574087
4.458993675054 6.061874437942
5.990281093558 5.919570880940
4.252407536200 5.987916891476
4.362825323795 4.415284938734
3.915139735852 4.821162703461
5.272168415837 5.279981343577
4.903019827525 5.932510730787
6.368911599014 5.740317976428
5.956836013042 6.140171394447
4.843342040106 6.681529138692
5.611248020468 5.794477048480
5.078671152927 7.150862712873
3.894431669794 4.739680090212
3.658145772452 5.976211307506
5.141030677039 4.959029910229
5.039167600098 5.234002122719
5.703314087922 5.992473461758
5.882803974616 6.116967931692
4.665816706202 7.042126321141
4.154077128109 5.560968155903
5.947235939958 6.339722467946
4.590053246196 5.824160131221
4.735352026729 6.711320000301
5.357580555105 6.156075727408
5.887722044703 5.090820587934
4.186858777698 5.042035042944
5.262378515767 5.961074432248
5.848269680341 6.503192108168
5.869448023604 6.421120542506
4.389957240946 6.764796180050
5.409274170583 5.681635384574
4.012849983883 4.798372480823
4.846231289067 5.537922770814
4.678844276757 4.662449072344
4.838392769932 4.904755972426
4.712348931898 4.854922837040
5.078275534436 7.168150517637
4.415274360311 7.034967442038
4.673803188794 4.416137924506
5.785118856606 5.527761929155
5.965624513718 6.527149939119
4.687684663623 6.134681265401
4.202529369479 6.561353316500
4.079237389741 6.686734392841
6.043233704929 6.671440822754
4.024182424033 6.652427831884
3.625000125385 6.177483223905
4.913560621433 5.270116127882
6.162266794906 6.230101468009
5.166146291222 5.800107636208
5.561545896977 6.137510537619
5.402306970975 5.186250213567
5.111809925213 6.537073089293
5.822458695480 5.617668817862
5.198981917173 4.894234387611
4.400774842832 6.441030322861
4.272357862499 6.189270418212
3.853797561576 5.296327498565
5.730270054517 4.689981202959
4.991895101853 5.577511190787
3.660509660330 6.322778398468
5.323768943573 4.668949875174
4.714399607438 6.234088450448
4.702449626500 6.378638367511
4.193569625235 5.750429519026
4.050987202673 4.893292532051
5.461623616738 6.564295758217
5.506371893113 6.217051006803
4.765729095960 6.077801534795
4.091935993947 5.396606596656
3.686569927406 5.792294575219
4.040732709898 5.177698130749
4.967786027649 6.577200295028
6.019435101335 6.801373313285
5.025978295923 5.427964724845
5.784174848998 5.832435249899
3.683579452582 5.140424254459
4.737801218714 4.587915726997
4.022075375514 6.681869304997
6.377985224776 5.364488904551
5.503149332711 6.998877765273
4.085546721066 5.698700053317
4.754888791017 6.401885876479
5.068824106669 4.764052158265
6.097564479756 6.646822185323
5.817901885903 4.743148981532
3.827407010168 6.403755373760
5.284699176195 6.302956129372
4.799231678627 6.796930315964
4.457931318102 7.120637386144
4.892043918773 6.599126911141
4.576105352392 6.459464236345
5.419903317502 6.081731244521
5.453364413552 5.384243088664
5.394034236827 4.945357557098
4.422605391043 5.392610537936
3.684904839420 5.803882804978
4.730556627388 4.611812948873
6.298163806294 5.298650598283
5.949535876001 6.480419844117
5.965344684297 5.158777159926
3.691032625348 5.595178478269
4.764320372362 6.222418073096
5.739979682028 4.811452330148
4.241380178271 6.390591634583
5.572017124404 4.608462134198
6.135361120973 6.225898821726
5.214084173148 4.713980466550
4.571149725924 5.677482990074
4.964504099032 4.511780480894
5.886932889792 6.648158144154
4.336522938909 7.075149738725
5.778660483318 5.366000867907
4.051703724509 4.747252694720
3.859106587983 5.054152390869
4.446614151934 5.298603830053
5.267968761618 5.471146736456
3.858399384321 5.418886540214
3.951685720309 5.539725218518
3.976982466592 6.818965197998
4.421769335908 4.420072709667
5.222920120344 6.806916484107
5.600982461377 4.742688893939
4.936343918352 6.538157831796
5.562305707972 4.902395315189
5.220507360823 5.504345040994
5.613438103544 6.071483106697
4.893771214179 4.780414684063
6.209566673129 5.355978036197
5.148764224115 6.963299117418
4.611529129462 5.443684488049
5.329061252129 7.132151320274
6.241260242972 5.206292336572
4.039899738551 6.810113139870
5.589852935473 5.281589896997
4.879238000152 4.967426433439
4.726362882925 4.858929296606
5.686176466134 4.578083864837
4.308217042607 6.116180505515
4.038334510853 4.982864091424
3.959821901981 6.614733720110
3.784596636352 5.868582143733
5.012156367654 5.883974739516
4.630601860148 4.588955220474
4.295783503879 6.216031547903
5.165679326144 4.907643313698
5.399207583791 4.578536856040
4.778371460998 5.397082588970
4.938583178279 6.499255922576
4.690577874637 5.284474261054
4.521877753018 5.011526336154
4.216894615797 4.768886693645
4.847122634712 4.790543111846
4.262993523402 5.926450711216
4.382997675531 5.703295218753
5.326975286712 5.998481960380
4.826524914408 6.096798721073
3.921475982207 5.825384373928
5.585717115071 6.754036276972
4.017845187025 6.055575134462
4.939539053926 6.964477542287
4.928290308588 5.471748678861
3.914479923914 4.894427984444
4.914269724013 7.045342037548
5.468469196637 6.436585726555
4.958914319686 5.357147972371
3.879482202436 6.101135447417
4.739966215976 5.147408517078
5.345671717338 4.765979542924
5.663004193631 4.685601755766
4.017862060008 6.155748481986
4.240134250072 5.460875738095
5.632464752558 6.736947851040
3.992362059160 5.564190299772
4.625724319549 6.666972620730
5.369502744539 7.008753977308
4.804677977385 4.555726814218
4.378256882771 5.601768704236
3.802515925995 4.886736777858
3.846257118109 6.770736044211
4.913368486063 6.291474687681
6.018754899401 4.847194998430
5.087971826626 4.795883997634
4.759411570167 4.898713944729
6.010301691001 5.449554907422
5.041421608580 6.511562651784
3.956215183619 5.668885460710
4.903383984248 4.879735444803
5.477720923300 6.613923050705
3.652003196807 5.903780720849
5.522786498993 6.813183756055
5.505599686052 6.568711602023
4.051151146246 6.212900820766
4.729167818034 4.939721062647
4.943363924472 4.503704753787
4.329875592177 4.662074116452
6.196779170319 5.331675809634
4.278987429568 5.572343769312
5.258822013671 6.157598828488
4.127663286656 6.334057023405
5.315279192974 7.188302751914
5.504218171600 7.130334061428
4.224255157553 5.140396725306
5.409262764234 4.358717015350
5.553937978257 5.445940836068
4.484928792075 5.239002267845
5.184260265322 7.043211839166
4.577578277642 5.139642465724
4.853921395199 5.628510887490
5.056095731989 6.282721227168
3.594989495704 5.569205092036
5.601985346022 5.869007306004
4.570764478908 4.599282368413
5.738187446241 6.911508344269
5.614432423787 6.760254066456
4.341446508095 4.904509404601
5.066014172503 6.067163157243
3.572547230817 6.058840333008
3.490114658161 5.622488391224
5.922767779137 6.758767651971
4.263520351130 4.826268866504
6.025596057444 5.779069311867
5.465781593888 5.659759711833
4.306569347515 6.446776482671
5.436838664964 6.108566123123
5.310112488139 4.765250452661
4.336415258981 4.516398281515
6.227324931544 5.750355363200
4.985040264225 5.348329209972
4.260630743388 5.440352190950
4.328371793687 6.080351086515
6.093322438409 6.719411647780
5.820547418289 5.923611385553
3.616617911442 6.289062762352
3.995357207378 5.809437196143
4.322138645282 5.820410032446
5.907883507311 5.348540836773
3.653785041318 6.441245503652
4.050495569424 5.927387841630
5.636980864260 6.622276867743
3.728939640834 4.976629397683
4.794855945512 4.919606751497
3.991567040586 6.507432761586
4.150972704230 6.341482368891
5.448238018749 5.292132597250
4.896040784378 6.674079136513
4.378584798036 6.326660501463
4.515624138356 5.916611763486
4.972813096841 5.243906627942
5.659560377048 5.006259552334
6.035848412411 6.539485656482
4.025495480511 5.809096574344
5.572649250584 6.575465976775
4.446074028343 4.507735064753
4.354417826937 5.052575753678
-0.317865030805 -0.456619374282
0.676751671448 0.377823308300
-0.038215738030 0.143076289131
0.714236117857 0.127018670873
-0.341789424571 0.725737076006
0.739707893518 -0.075251044781
0.290022071796 0.151822543767
1.182829723478 -0.249246881367
0.809159349718 -0.273608436737
1.410878678289 -0.448118300050
-1.049476248411 -0.359879560841
0.421259547918 0.142107081197
-0.472192555295 0.634612725241
0.479090565890 0.615787171885
0.661509478872 -0.433128744436
0.618579003151 -0.063399589155
-0.238329979650 0.131218988177
0.551162399684 -0.156119956088
0.518310257313 -0.337623024937
1.196123354266 -0.568668718864
0.973197698631 -0.371608547240
0.564887820232 0.697134229704
-0.374134263269 0.060185767189
1.168552798588 -0.190613407199
0.881531500719 -0.181655987251
0.820420502204 -0.476574573831
-0.173640802607 -0.062905885108
-0.253981256766 0.031771943914
1.143487489386 0.055163538935
0.728955438889 -0.377590969922
1.142547897834 -0.574837717088
0.838011286238 -0.317136486998
0.369268676784 0.648600416157
-0.195917869120 0.025062652852
0.828044466900 -0.323464330375
0.567142716109 0.533393639977
0.824662978686 -0.132372603513
-0.567919736173 -0.119260870547
0.296171925281 0.342634381087
-0.704589386698 0.203998527969
0.824696150263 0.236820362968
0.603327003798 0.302019556720
1.435285145314 -0.388334997508
0.567382258785 0.046200638942
-1.314729164996 -0.590905990735
1.291436530471 -0.524409537150
0.095313832653 0.226667293364
0.811770234407 -0.281111282023
-0.111774333208 1.058544815773
1.208883659510 -0.306494248804
0.561336871002 -0.363412230440
-0.785940985908 -0.030605513105
-0.527903475383 -0.339651219092
-0.364816352657 -0.518589481597
0.062090787018 0.735531701919
0.497851742400 0.608048847767
0.788232123870 -0.033597264066
0.208205174862 0.719734984654
0.410540440527 0.258570267613
0.069703394379 0.088136181262
0.005748578132 -0.246851540623
0.817363712108 -0.045094620031
0.406034059875 0.753974546137
-0.412662440566 0.095370685795
0.573945748124 0.294375057881
-0.030440886668 -0.415301419760
0.084650954248 -0.006389459813
0.890934476352 0.200097391551
1.236919480094 -0.406168494364
-0.420007031879 0.234396177963
0.006582502597 1.209150948605
-0.358918080987 0.342352334076
0.287193284431 0.759711204638
0.151482449549 1.025448201992
0.601837412028 0.403467382539
0.000844268980 0.502967690637
-0.579143639548 -0.369316156566
0.166861932765 0.477883887455
-0.774136133547 -0.316501202285
0.009526345494 -0.084918751466
-1.226746114604 -0.521654708818
0.496914391452 0.287407679492
0.692495009503 -0.506296697392
-0.826743799493 0.064290670603
0.057437135982 0.641928193157
-1.041743626461 -0.292506384106
0.311786004283 -0.547721930925
0.394925292423 -0.255617769231
-1.185368703069 -0.607927001288
-0.953049848098 -0.110995930029
0.114048139241 0.110381888172
-0.135605525409 0.934094758462
0.590855438574 0.553454943897
0.734914343593 -0.005805638877
-0.084353969364 -0.017977479473
-0.783742463962 -0.090801633129
-0.898338249993 -0.522821775227
0.353885962061 -0.443589584567
0.818666623576 -0.278277404239
0.196640183815 0.132279521083
0.558524573733 0.367489679320
-0.879722487465 0.070965583115
0.501858938195 0.252532781646
-0.942495062890 -0.029290659443
0.752202504386 0.183425363802
-0.086816475629 -0.595410532695
0.355073365068 -0.507940582387
0.214823069018 -0.550572614210
-0.553466368606 0.049275660879
0.566605566138 -0.211609113152
-1.008218784811 -0.257846085697
0.446282467591 0.403026575711
-0.789990633158 0.086408310497
-0.472497520012 -0.047451492681
0.498784277215 -0.460531459369
-0.197764877364 -0.421407389698
0.414155022229 0.377192856703
-0.270981742633 -0.522098582240
0.162788021672 -0.023954750151
-0.447512455050 -0.321108222385
0.174283522388 0.541365966487
0.989299626569 -0.595955096153
-0.065179897295 0.762566727943
0.141211472012 -0.366634137326
0.695342832183 0.548939071551
-0.346578248115 -0.460121598588
0.068327427514 0.845464071092
-0.155913124726 -0.473104222597
-0.121127625903 0.523190686645
0.041812430118 0.847804151302
-0.690932778948 0.166335053052
-0.049319865863 -0.223663868366
0.600571824189 0.466627059983
0.061902861175 0.010326220306
0.068769213456 -0.488231580772
-0.092871108439 0.557680833931
-0.668300392388 0.030127320563
-0.528278392399 -0.489455654018
-0.124152133803 -0.205639381742
-0.155682287749 -0.116416296733
0.084909225842 1.066086673709
-0.696844625624 0.218908563116
0.590191332377 0.440491343026
0.293011821930 0.810524184722
-0.051743726478 -0.231458365989
0.336456716731 0.784024372204
-0.615093988997 -0.186496659067
-1.058663870324 -0.570395967434
-0.699038729649 -0.234714659511
1.037473907381 -0.124244372467
-0.033092564763 0.672431935948
0.432397405305 -0.207284298216
0.118507981121 1.049777263712
-0.816068781084 0.074363910345
0.365089530239 0.680021635384
-0.855626126707 -0.595030079846
0.116555840786 -0.110648008235
-0.831701434231 -0.005326482094
0.533173012482 0.452554606387
1.169891314119 -0.538781246628
0.999126276358 0.030857472195
-0.060224943762 0.515203852220
-0.065173633613 1.173828552014
0.545772080224 0.170323199642
-0.154916998390 -0.207219078535
0.279369159992 0.284806731230
1.597909882174 -0.478670609473
-0.010738986431 1.041001658460
0.304077461923 0.159272679317
0.176655064874 0.003719426660
-0.239604026288 -0.428612232686
-0.482824309582 -0.087120007737
0.847395777757 -0.409589201802
-0.095168034640 0.266940557172
0.295755245692 -0.327672328958
0.240449943530 0.016240098315
-0.812297938227 -0.433442381879
0.259931363075 0.035779791071
-0.038343079868 0.089326833230
0.165414436449 0.324164474800
0.923857374325 0.059646130555
0.993825653164 -0.165159373990
-0.503236913026 -0.156678625181
-0.083765566753 -0.525056570811
0.293387526250 -0.119935718099
-0.593120852151 -0.522171726621
0.012450846408 -0.609103802373
-0.392040838664 0.695539157000
0.442821858664 0.026177385187
0.810780300492 0.111445354165
-0.547041667862 0.394381779031
0.907077329769 -0.546366711844
0.835241854772 -0.034152554190
0.953215020978 0.053070624833
-0.095689515068 -0.458831226352
0.420945262288 -0.475270393322
0.040728095923 1.086724920320
-0.700641276093 -0.590003106023
1.355024048687 -0.247366874245
-0.484155435462 -0.424255861447
-0.407028444468 0.097248302902
0.152875951940 0.433722026025
-0.605227651943 0.229397278213
-0.086549618502 -0.296136295643
0.033230270568 -0.376649696638
-0.052007717386 0.302296316268
-0.397119493230 -0.081445274808
0.414120894831 0.652688041596
-0.016572719546 0.678092591278
-0.150937033285 -0.581662030720
-0.559900016790 -0.194449157829
-0.001952906391 0.412514195098
-0.738611284077 -0.184283650523
0.125732322609 -0.431480422715
0.974115271897 0.255775371468
-0.206677679971 0.910212300845
0.870314919886 -0.066611537551
-0.423694044688 0.370056390343
1.131423602138 -0.218388330326
0.689720742891 0.522029970861
0.424597527966 0.376164609653
-0.329574026074 -0.133852157940
-0.385724297073 -0.216927070682
0.990778073631 -0.577198844197
1.046929116284 -0.079181116666
-0.756831326000 -0.280121694769
-0.213729296079 -0.377706086029
0.237032055898 0.903397944977
-0.483206491965 -0.060426231849
0.734642260877 -0.295756020689
0.305361905715 -0.008760641719
-0.411320462728 0.172624648506
-0.722338024836 -0.322913353960
-0.991244165235 -0.564944749296
1.368012491456 -0.357334738384
1.422291888083 -0.399910068516
1.373987645251 -0.365587175566
0.339298856797 0.272028532588
0.991156312142 -0.064496434764
0.397562616916 -0.420439073974
0.501301771006 -0.094405801602
0.501764431494 -0.533002355383
0.322791015472 0.252754391964
0.352312378844 0.059000900183
0.973857475164 0.010178527964
0.313233412087 0.411040435069
-0.773883610632 0.082086486079
-0.524691263357 0.384881296237
0.513259836948 0.759941183818
-0.814158022817 -0.017976267124
0.856730107112 -0.504102050674
1.561641034001 -0.552129726995
-0.619441838098 -0.389902067103
0.535722904129 -0.337520426789
-0.236738712821 0.639673253652
-0.681711651563 -0.378957893335
0.236792531459 0.769336923896
-0.745425881515 -0.179162980753
0.059846570627 0.755995869693
-0.254942007640 0.317972452448
0.456278653545 0.596355944485
1.003826787849 -0.461644066958
-0.050994254545 0.945717969027
-0.468883477930 0.614458153024
0.321934783316 -0.129458417212
0.317220570133 -0.313717392424
-0.139685807259 0.945074128979
-0.752422956964 0.252938298149
0.151750237435 -0.440155717362
0.353618612200 -0.064426578913
1.189324486196 -0.345283975332
-0.422218212868 -0.084155402726
-0.949072479952 -0.025795906718
0.685552915255 -0.284922727728
-0.752614257716 -0.348534426758
0.952372994030 0.123373358757
0.327142916535 0.743895866363
0.724454632043 -0.435730741821
1.104959520309 -0.081385477059
-0.085069837199 1.105446070932
-0.539720961243 0.159492413737
-0.162712276463 -0.540542987796
0.041792319189 1.287028935891
-0.245176430745 -0.348473387722
-0.477076073335 -0.568752969443
-0.524937335711 -0.030839184637
-0.201306722912 0.227731037951
0.431427814526 -0.077905137442
1.049256818641 -0.462552289011
0.216779954177 0.093841983734
0.660174575509 0.610237678854
0.549956719864 -0.489729725329
1.640519714631 -0.455972404797
0.724904365784 0.387532252492
-0.217181183994 0.475241445328
1.696177061134 -0.531531274831
-0.463199972809 -0.185797599424
0.131797629655 0.194738454435
-0.238967803321 0.513028204691
1.057220239925 -0.069649260301
0.234568328755 0.840173134037
0.362641249789 0.838214491646
-0.104754894877 0.283362519962
-0.028078082009 0.663385524737
1.226425305353 0.009250975499
0.150328896010 -0.598924060008
-0.512623219624 0.091523791442
0.190725613160 0.164539034469
0.435826441827 -0.535409118876
0.775354906999 -0.365538426982
-0.634472043589 0.377140718752
-1.252286337964 -0.454824879427
0.791364056640 -0.282831874791
-0.132194224869 0.975738716536
0.141645789196 0.209488899974
0.524923613705 0.552237785473
-0.483304435044 0.042520705069
0.716238649556 0.067387229016
0.472719664583 -0.286054481903
0.214154621192 -0.067852771233
-0.650171128058 -0.452003906681
0.338918161358 0.738087171673
0.024857799960 0.270684104730
0.294482081229 -0.417880051144
-0.882280108258 -0.243920811764
0.731292233975 0.159819107692
0.431734176689 0.258461860950
-0.095822366937 0.453964178791
-0.125324196772 0.590119137373
0.413156544292 -0.530044144387
0.550641366618 -0.108008213969
0.123490648430 1.156803609500
-0.507854818964 0.411491820868
0.695340286693 -0.057592134628
0.387936482342 0.492339230633
-0.237087258980 -0.422519456998
1.163254924497 -0.288970574722
-0.210578948849 -0.080427376616
0.235638451109 0.669608684549
0.805535929197 -0.290992684023
0.273743746125 0.420265447593
0.157808076172 0.278963243120
-0.132169199240 0.100652992512
-0.786031444350 -0.399719477201
-0.192738212867 -0.245352431722
0.759269503840 0.253896935987
-1.071762277501 -0.397296585110
1.130036166309 -0.372915245025
1.080725666035 0.120202046492
0.163351282457 1.015401323651
-0.665344063702 -0.097896400610
1.651030892446 -0.550208572288
-0.980852335320 -0.577756846231
-1.279460078398 -0.527353033538
-0.527512927239 0.464989541460
0.000262617741 1.138094269470
1.004095405394 -0.099089365375
0.575481240134 0.636227622721
-0.458789754119 -0.323086448420
0.224214718797 1.107413741697
0.261454186053 1.034031025516
1.132084966973 0.045087633510
-0.590438775366 -0.187811004505
-0.520394134358 -0.266177935384
0.223568561137 1.047332849364
0.486155027488 0.680617508456
-0.307135144101 0.663798710936
0.850487778499 0.223204487904
-0.431378725234 0.693125454740
-0.531913900525 0.390695276047
-0.694693566954 -0.506984686325
0.281823896960 -0.054034395443
0.312038491722 -0.029391232772
-0.311593577757 0.459258074489
1.171808486825 -0.285096271379
0.146719772888 0.670432786823
-0.776208518630 -0.009430032335
-0.188476087260 0.401954028065
0.446309809967 -0.126125499010
1.294295744048 -0.592420420031
0.944768304555 -0.316780740684
-0.925977934062 -0.045022922187
-0.722817124231 -0.172380141607
0.419340161118 0.642368649396
0.185649541414 -0.417575482298
0.418962647000 -0.533118801797
-0.373340636081 -0.577961780164
0.062266066176 0.086592272465
0.525848263943 0.569607346732
0.521804094537 -0.247328774268
-0.525951372962 -0.390434914814
1.293727802977 -0.583499670059
1.310211304398 -0.215271187706
0.024606551070 0.913022053286
0.716077211699 0.504176563020
0.043829389590 -0.611288110491
1.111047406107 -0.408562199811
0.339347301966 0.904369098295
-0.217291093848 0.926335122769
0.219144568135 0.491771877132
0.245696581745 0.929895431834
-0.375081187474 -0.193705494928
-0.519496582491 0.383381361994
-0.535294366752 0.020211666953
0.611288745926 -0.205262274526
-0.284788837618 0.475820420689
0.695767963339 -0.092655506833
1.062726585601 -0.183878823873
0.750246001979 -0.600648811101
0.053426869786 0.823025373974
0.013063757508 -0.220569210601
1.373717808080 -0.601058020573
0.808685263481 0.015732606709
-0.366642900403 -0.074887789860
-0.324135808971 0.696205077902
-0.033059682232 0.639821456764
1.503215236893 -0.372073507750
-0.131359303910 -0.234303992957
0.760110373792 0.076679445584
-0.092022382950 0.471858599731
-0.259247685523 0.564173639111
-0.852008850728 -0.065939980239
-0.112465044269 0.857990233670
-0.012834242867 0.595556364324
-0.116543700082 -0.118545594537
0.638556423653 0.662166943096
0.018287399545 -0.594217920886
0.102598126557 1.146244216521
-0.519695688942 0.088588767932
0.261720395999 0.334507367586
0.532072610760 0.774682618828
0.007324470240 0.865316144008
0.703675176872 0.292169822865
-1.279571421023 -0.502439425372
0.415507557303 0.861729564141
-0.560630168709 -0.019958365555
-1.147567305800 -0.443923102776
-0.664674908448 -0.203290066871
0.773769029942 -0.368393977307
-0.230383735824 -0.327603223279
0.295977451185 0.344840311016
1.151466423112 -0.432726197949
1.074947826651 0.026456089260
-0.247905241055 -0.454794569793
-0.589496643509 -0.456986136145
-0.234107575849 -0.378769432241
1.445536386207 -0.327684161983
-0.827437204446 -0.458250490249
0.030510645778 0.245711817216
-0.550247344454 -0.374671612675
0.343413034310 0.560313569755
-0.674290021795 0.224376606324
0.496179316108 0.555081299579
0.243911056405 0.003973987600
-0.570984959272 0.146344966932
-0.177473465623 1.030370314625
-0.293484177477 -0.086076356933
-0.285614938191 0.216009038418
-1.247734768784 -0.604247705010
0.582077905210 0.679362312377
0.267818492045 0.027202775451
-0.553139339896 -0.446135891731
0.598883250102 -0.421747962363
-0.328092327488 0.591154714967
0.946159430124 -0.117226352093
-0.047269720962 0.757312205996
0.681133586130 0.177601554712
-1.328896074181 -0.589340426653
-0.989305548533 -0.442813193529
-0.386328942517 0.103976996965
-0.006372275720 1.011394317388
0.636199639624 0.331461029422
0.692373744709 -0.392589462882
-0.340879673314 0.702016290014
1.481111054590 -0.590773186950
0.654088929154 -0.178653627824
0.986476899934 0.205723640130
0.907762082884 -0.064429807337
0.735111579556 -0.479900560150
0.100882833297 -0.136825736160
0.513622716729 0.227704823000
-0.475420391168 0.352559371256
0.724690376854 -0.400329680923
-0.551920396137 0.220500938816
0.551958821977 -0.475119257145
0.449848953397 -0.604254895413
0.319784841922 -0.099906627144
-0.008524455132 0.407750746668
-0.437105345276 0.641826852064
0.058803457827 -0.423765080990
1.315934511130 -0.185533562113
1.266742193686 -0.184379911224
-0.310632971512 0.416842962195
0.855727004624 0.190041482438
-0.424551861064 -0.467787394366
-0.028149496834 -0.125318821110
0.851858692805 -0.188215138932
0.497258851247 0.002423813413
0.512896667323 -0.047690527332
0.529543012833 0.087305427436
0.003559794175 -0.134204190270
-0.241946800067 -0.572047357708
-0.057364470436 1.161320186159
0.469107056483 0.515876452380
0.770033802461 -0.598007190534
0.723660257223 -0.377497037819
-0.424062519779 0.405144424856
0.356136263569 0.007918883030
0.653118414421 0.299618999700
1.155602180502 -0.553123034895
-0.936537126074 -0.140543804664
0.967375766175 -0.114340122898
-0.385046870863 0.740150218758
0.123405760279 0.604896554744
0.975631614403 -0.544223339010
0.068299444687 0.029441838442
-0.223735657597 -0.149441557503
0.516189226445 -0.440176419575
1.362315944588 -0.293586954570
-0.411356356336 0.622198926317
-1.093134926698 -0.596879798227
0.528710725512 -0.089087846290
0.099887398167 -0.060415818645
-0.698519588071 -0.011556508034
1.152407789696 -0.104654389633
0.562734689337 0.020410794576
-0.042986603687 0.504457929391
0.165019793030 -0.602816692695
0.890885117623 -0.246262966773
0.999509505813 0.208704268375
-0.257292822697 -0.572467709802
-0.125155298335 -0.503871727030
-1.135312701426 -0.534278651107
-0.213624257583 0.227076467046
1.209077633384 -0.508817990171
0.648486017491 0.048238258516
-0.665873447377 -0.168771787251
0.243010493423 0.714972967065
0.855178484297 -0.140923389286
0.880651806605 0.197714959469
-0.384040765016 -0.393924651892
1.188660590356 -0.577576724657
-1.094814191668 -0.367082663487
-0.230423945581 -0.438217462130
-0.129141024562 1.049846864562
-0.569724981327 -0.476389706295
0.877503144814 -0.323980062166
0.425871744654 0.252672152473
0.163698434068 0.464266823710
-0.164604624209 0.795583515559
0.415897519867 -0.532339429646
-0.199529653392 -0.566080664961
0.043686619053 0.245657161865
-0.872086084097 -0.318297038562
-0.507783961568 0.112171189274
0.650899868453 0.355576113351
0.442793120768 0.311480955932
-0.297684640731 0.745443860425
1.417070439898 -0.563524054065
0.316517393095 -0.216858458807
0.990486631433 -0.203964919054
0.133565080862 0.621261222539
-0.230556721764 0.873588204386
1.275694100596 -0.454723430256
-0.329883024177 0.266673377502
0.535542903233 0.428325502914
0.209790754181 0.509972196541
0.914585807694 -0.339372036562
-0.256797743851 0.721252222199
-0.521028147030 -0.002866090822
-0.166834914609 0.638189474497
-0.585696850337 0.102834714641
-0.605896220995 -0.087386664098
0.027935017851 0.981972368787
-0.952351937372 -0.281751779303
-0.166778644971 0.655419001803
0.676380013536 0.005940497873
0.259048166359 0.882466791813
0.858077969829 -0.475617588044
0.591957961027 -0.383743540866
0.976437995822 -0.328471691704
0.050143385758 1.220194473821
-0.009357566170 -0.227812098189
0.624403120685 0.099507848414
0.800702304850 -0.406507583799
0.264124279126 -0.131014131324
0.160881266006 0.225707920776
0.160760771034 0.550723417806
0.276487344334 0.316482097229
0.043368786012 0.551773824803
1.184691324518 -0.592084023233
-0.606894865241 -0.509864167580
1.625055797809 -0.589634184036
-0.198622200566 -0.309544451686
-0.064612374073 1.187063318428
0.229302579407 0.228675039673
-0.098292613690 -0.452633385484
-0.334908968920 0.651189189379
0.148476640310 1.046879147475
-0.377926945016 0.647224549096
-0.414304693823 0.559802446241
-0.248899706212 0.605964492996
-0.334029907848 0.367685880120
-0.438928141413 0.130661950342
-0.894568268239 -0.092488876231
-0.992566890643 -0.514849435288
-0.426982381427 0.622439240582
0.438677012671 -0.379623191625
-1.255836345146 -0.532371455629
1.182448615074 -0.427541972666
-1.035722275820 -0.549697196220
0.390941661348 0.828419747189
-0.177472072965 0.526209510263
1.298975065262 -0.441444318115
0.566017602007 0.615551868412
0.775952813191 0.077601242805
0.160870881820 0.642276623171
0.131098598458 0.577139850718
0.084396587481 1.064014525095
0.079647102136 0.736596976405
0.623382349386 -0.143231533367
1.011067952848 -0.486852094319
-0.632050967893 -0.193808386034
-0.249759360214 0.581433149348
0.181658079636 -0.007964782335
-0.284883070235 0.533441601864
0.404920078102 0.533435902071
0.150662801616 -0.388486248305
0.431346030097 0.280744678939
-0.585475605507 -0.122528590116
1.340755720015 -0.493475117642
1.106573408464 -0.397766468106
-0.259049306492 -0.002683831566
0.212133489193 -0.024959267851
-0.248689766894 -0.021930294132
0.362242412759 0.953386539442
0.860946032459 -0.411680530533
-0.428641149453 -0.152472155595
-0.059032712717 0.274476015048
0.381148022723 -0.268349440909
-0.026089390649 0.133464249626
0.403001949802 0.535072753875
0.275268122205 0.310063868961
-0.086621456612 -0.089378563459
-0.158776151372 0.324094615314
-0.629970348601 0.167291058779
-0.039113372903 0.749551176883
0.960252749387 -0.467130076153
-0.073878530535 1.142902430277
0.197294690819 -0.419198241613
1.059942054783 -0.599660550148
0.229039240558 -0.549479967724
0.750746490446 0.431360227903
-0.152798255863 0.098945845486
1.215891326274 -0.485852903450
1.697127739385 -0.559430574283
0.368448276931 0.546162623475
-0.155049642495 0.966310258656
0.500174715864 -0.458589925972
-0.048698210754 0.850525874673
-0.475957824642 -0.026919766009
0.449048112708 0.698670146640
-0.512591949596 0.381274388689
-0.498362376448 -0.433990770464
-0.428722528266 -0.177760348219
0.150830781252 -0.500402479877
-1.121399470489 -0.471483005982
-0.314978626797 0.198235131091
-0.777849932771 -0.277418058697
-0.437581579893 -0.395644356038
0.473424344079 -0.266534255001
0.086601646099 0.535910683006
-0.293516256660 0.212148506604
-0.015974253882 0.863456453900
-0.057222178615 -0.196095498825
-1.161222382709 -0.504388142674
-0.277524760126 -0.579170569200
1.257465335147 -0.568574580383
0.267574593511 -0.086785959798
0.941148221645 -0.155841125269
0.089966283915 0.589940853446
-0.474398882346 0.439941244184
-0.302968463303 0.730146829333
0.518970687957 0.149344513544
-0.293465716066 -0.315332655017
-0.799457372979 -0.372971547340
-0.423666420467 0.070010148992
0.936725978922 0.273428134595
0.097905892039 0.769909828936
0.319331307218 0.224729762787
1.289216167211 -0.306437662426
-0.578527506080 0.002768546306
-0.197162100527 0.629044464726
-0.129019521959 0.770186103280
-0.765239431551 0.070100643179
1.433199807734 -0.579855071345
0.209489850408 -0.590795214033
0.176704186686 0.155391485011
-0.797675298119 -0.231498330351
-0.637111182114 0.193606649054
1.486132871899 -0.317135705969
-0.366927711816 -0.368444712750
-0.403582815682 0.174326111765
-0.388697858652 0.652558602391
1.291797945453 -0.145694619585
0.198390276720 -0.533629729962
0.189134225939 0.999848966140
0.837807232439 0.108753443685
0.448623427494 0.073846867166
0.842509336871 -0.307552122481
0.545697751552 -0.554857329288
-0.067592233718 0.171991934460
-0.307273476329 0.546887343491
-0.818409058518 -0.220398406579
-0.140333883049 0.301198712451
0.514682339244 0.498748656322
-0.247141804045 0.345345470430
-0.601077084086 0.007815582716
-0.032424704980 0.463640252255
0.235688014478 -0.263739486694
-0.357972029575 0.793686666620
0.450179633274 0.764818686584
-0.731787745074 0.116714112958
0.499185121000 -0.368987721526
-0.446857535773 0.354683322084
-0.744972110096 -0.429800365324
0.243694942240 -0.505817503677
0.445061878081 0.451422180752
0.410358019929 0.060355534903
0.573516782516 -0.310362409726
0.973137545842 -0.347523286527
-0.802771606030 0.036132919911
1.175105834730 -0.527065303151
-0.147424718266 0.980559363100
-0.149287168251 -0.121413334914
-0.171132881568 0.158480057579
0.725898175527 -0.179870984745
0.508405268257 -0.128894504868
0.517590013977 0.051477747494
0.927557433371 0.124907404077
-0.219884932334 -0.210107093894
0.530880541684 0.762791196438
0.948956932104 -0.106269885334
0.191015627706 -0.383862549659
1.147415503402 -0.068740582151
-1.039532490575 -0.429219814604
0.755708972809 0.411210807512
0.596174237398 0.571590271608
-0.557226054085 0.332829457313
-0.258530368517 0.920557935501
-0.455036439009 0.557639636187
0.178901737031 -0.511883827891
-0.016430095769 -0.249598366316
-0.284963946937 0.291354862610
-0.571182529662 0.208158551394
0.703257135162 0.238706236352
0.642986652159 -0.147081491262
0.210219491430 0.632375216726
-0.453253176015 -0.273042433805
0.686440875029 0.354505933748
0.604871079650 0.695938900466
-0.773419860375 -0.322611197463
-0.313793674305 0.639917486741
1.080876903298 -0.340489687102
0.678032608100 0.121352361966
0.405486236246 -0.052520503515
0.406566958228 -0.049670738243
1.245963745196 -0.589245440318
-0.228909145953 -0.265456561909
0.064244406476 -0.500167092839
1.214592996094 0.000392342053
-0.539438271040 0.485602826521
-0.016688192947 1.125319428889
0.514598930805 0.705136884132
0.219528528425 -0.607440155121
0.346879990256 0.855597324259
-1.061612769822 -0.298524488175
0.426265986029 -0.079913873091
-0.100187230296 0.123104665565
0.252113715064 0.214863592490
0.638113232095 -0.000326773083
1.181482775278 -0.203041547051
0.958912915486 0.058356200859
-0.036866165332 -0.474674298019
1.528340732709 -0.578138090977
0.869681994595 0.147241689244
0.172936428686 0.240809227933
-0.489075693782 -0.210241580043
-0.150312772518 -0.443021030007
-0.151628500805 0.524666207139
0.557664004584 0.078158540141
-1.006336437621 -0.340987608824
1.212998149511 -0.150911742189
0.233959137600 0.211458483810
0.341562923474 0.305215033369
-0.652160293350 -0.059985205286
0.444566264903 -0.585005697723
0.298135605910 0.720703879550
-0.107263177122 0.565421752331
0.990346541978 -0.125290406030
-1.154088011171 -4.501167190592
-0.997240343357 -4.439937801317
-1.641538157131 -4.543918401789
0.677685555297 -4.163784153625
-0.946115070655 -4.236759231993
-2.031148441822 -4.375805141749
-0.672922901250 -4.793304160720
0.994209129213 -4.587779340728
-0.757145935690 -4.566604545048
1.199897671667 -4.680204549953
1.299550256238 -4.631553023757
-1.497571760260 -4.372641928584
-1.590627733311 -4.274440199463
0.866128116327 -4.874976597554
-1.638433721985 -4.566486330824
-1.249461068738 -4.318804671905
1.981501396927 -4.307488789100
-0.025521880772 -4.454783215362
1.787469851477 -4.617456343570
-1.865586555930 -4.267299560682
1.635320046861 -4.294675634200
-1.267326318746 -4.399960694439
0.504202304649 -4.721821194817
-1.648418751950 -4.583401191870
0.057437886202 -4.868573304918
-1.111070354132 -4.197090815495
0.369336204666 -4.327836796948
1.502843111005 -4.331941678744
-0.062196290440 -4.451637974981
1.320493459165 -4.583880186164
0.472360175675 -4.323450838919
-0.080858840926 -4.363150513007
-0.444432887649 -4.269042183344
-0.344389499902 -4.463004506807
-0.586808791579 -4.564501516920
0.693635403169 -4.166906103165
1.360281106007 -4.583625046132
1.659380507717 -4.184117233962
-0.892880270873 -4.893742943208
1.281848047965 -4.494438387499
-0.589279555088 -4.865452948444
0.953052733291 -4.967732417373
0.406921729795 -4.505213197029
1.355163517185 -4.711077029381
-0.057437857880 -4.733483939106
1.840451530643 -4.549784347008
0.184968024610 -4.699308992497
1.393480980442 -4.327928457175
0.377322097280 -4.435742620434
-0.025396849798 -4.711222893557
-1.338886378226 -4.600030018845
1.298235884128 -4.390689976435
1.567164994734 -4.251600558672
1.855162483011 -4.290148506950
1.850760872402 -4.280477713444
-0.937990790968 -4.805943372213
-0.535210069706 -4.684986089738
-1.223280651846 -4.337599569299
0.811424386645 -4.953892690053
0.181754443411 -4.889797429407
-0.208476735226 -4.579695205913
-1.417413941521 -4.738649447560
-1.072205193950 -4.306534366515
-0.704735028879 -4.458803493443
1.719265449050 -4.196133711977
1.052864137612 -4.930231417756
-1.209688205975 -4.791663431901
-1.709064691198 -4.427237498091
-0.049448882000 -5.005461145392
-0.527567421344 -4.943821975999
-1.758336551980 -4.530846440252
-0.334770092315 -4.821541020543
1.508303602297 -4.630964676270
-0.435147786738 -4.539013473524
1.247349845870 -4.289434043152
-0.093847916587 -4.762643447163
1.192933360201 -4.450202827391
-0.021925588238 -4.447228328026
-1.541974856821 -4.426927516539
-0.790091916877 -4.593755879982
1.178011120031 -4.905146106681
-0.362199991637 -4.875382443758
1.339283467729 -4.775996508827
-0.565066209940 -4.392411153885
1.674054000850 -4.486031877594
0.942793245513 -4.986876609639
1.026293782189 -4.870993058024
0.134386891189 -4.928608321786
-0.767604834190 -4.312371408884
1.727787861512 -4.638435278461
-1.435710798830 -4.545068296905
-0.078579938411 -4.428045993895
-0.035795664446 -4.799528427003
2.106876448830 -4.190975561385
0.648471320134 -4.562749805474
-0.905584550794 -4.278143152767
-0.687939717708 -4.811490933296
-0.190991823565 -4.270973275420
0.284346060103 -5.058980234774
1.236290899900 -4.186629227211
1.091769884735 -4.582847991432
0.933377239960 -4.281493663781
-1.646323733137 -4.523200160342
-0.048540173771 -4.998377271616
1.041039401732 -4.771714653152
0.871428890307 -4.395322622237
-1.897704362901 -4.414946373173
0.379686235754 -4.960284127720
0.036433191516 -4.342245878914
0.216833159038 -4.362918073346
0.300594902756 -4.964489870129
0.382683712214 -4.313117794558
0.331777444750 -4.475533250285
-0.454936128668 -4.302676399377
1.041428810067 -4.350545782969
0.044050240617 -4.470308328298
1.242974037548 -4.701117264262
1.620524361007 -4.610327104795
0.028999434474 -4.248599817647
-0.970660259676 -4.194830856440
-0.104039058718 -4.685823653536
2.001094124949 -4.361802081372
1.292645853195 -4.624984674003
-0.106794304531 -5.026382236723
1.732537959440 -4.371282670134
0.791870417809 -4.993333112769
0.632310736223 -4.618432547779
-0.339925101741 -4.924542779184
0.508241584390 -4.727930761885
1.340686981282 -4.714790074183
0.086201100628 -4.255833970838
-1.508389124018 -4.259797705366
1.683116220444 -4.554021051568
-0.162201965034 -4.706402096790
0.695187243710 -4.342780233664
-1.221814452781 -4.780698740508
1.655789296004 -4.452327437357
0.212293322460 -4.230376567922
1.229728379139 -4.646073326205
0.181729922179 -4.310167940035
-1.371354132339 -4.581831918063
2.049360920660 -4.374827221091
1.967667207194 -4.363429231200
1.943405617841 -4.335250008201
1.373477641560 -4.724053732279
-1.499966987609 -4.503124068992
-1.074078503585 -4.795439443936
-1.194773032174 -4.203312844763
1.781256178989 -4.227556761129
-0.833341801488 -4.419274713979
0.989143963555 -4.986239260326
-0.975553876853 -4.250198253118
1.331316044767 -4.435513709710
0.942117805148 -4.953310428958
1.375383738751 -4.284803560501
-0.171674705109 -4.333407379470
-0.489404124989 -4.207614279109
-0.211760209399 -4.308237216063
1.921682961018 -4.453403034719
-1.175467950052 -4.291490729524
1.599489300585 -4.338063631798
-1.149187113620 -4.632517030461
-1.486611942566 -4.595245309599
1.720965223619 -4.617733391894
-0.056238633105 -4.960403434125
-0.058358754444 -4.861227285181
-1.690970928055 -4.179739639732
-1.494715427363 -4.244641030915
1.524428454150 -4.453057549765
-1.444725469932 -4.620142440168
-0.348677778401 -4.394810944923
-1.715554450250 -4.238200451823
-0.769547778564 -4.339643097065
-0.758305674178 -4.545160471633
0.381231855026 -4.477459333746
-0.741928185495 -4.210010819791
0.841730210885 -5.018733869036
0.270249047339 -4.934261827701
-0.073216516960 -4.427256059847
1.202661623623 -4.768256030673
1.178245879965 -4.205591007270
0.840011073610 -4.977701657850
1.550786863553 -4.439316091677
0.751555804181 -4.823827244787
0.807172679841 -4.388209841249
-0.358809427898 -4.299743444826
-1.670588813709 -4.277147335535
-2.007709829484 -4.318377105653
-0.845635139608 -4.687426865408
0.466050510228 -4.186079551366
-1.147553023455 -4.863240979425
0.314580808612 -4.337445582327
-0.520657912369 -4.459472347618
0.413933853110 -4.525879819595
0.415255753846 -4.725708582717
-0.069642113647 -4.561567180991
1.714308965799 -4.516991808425
0.402590708664 -4.248699645421
0.222704011019 -4.319944327346
-0.073835349255 -4.225616207054
0.248274950123 -4.772188918123
-0.946848397570 -4.716285590948
0.666328885276 -4.258322988068
-1.757795071646 -4.588867474203
0.764824097512 -4.805843827545
-0.986403472156 -4.478642500328
0.717574327250 -4.381748589229
0.999631750790 -4.739056731188
0.260704378098 -4.791795538252
-1.271153528667 -4.245055795333
0.773132103326 -4.642068383071
0.479653559387 -4.809190985050
0.532626530041 -4.275622554622
0.373741740981 -4.872399283845
1.105659650391 -4.266870319665
0.078079051252 -4.688480680617
0.452078638036 -4.727678420360
0.523674765556 -4.645531315818
1.488166476454 -4.190444493924
0.756420353098 -4.264639316710
0.636062741542 -4.206377637638
0.362452017960 -4.404113315751
-0.002240055801 -4.276623551985
-0.694376151940 -4.389975749911
-1.038839971994 -4.734072957997
0.575694391253 -4.327635284393
0.335774477671 -5.017926935399
0.998093147150 -4.419730653752
1.510545709911 -4.705944428770
-1.344542545384 -4.620443949853
-0.295308532291 -4.431882208658
0.408318425109 -4.547452447245
0.746959283500 -5.017853819621
-1.112949802299 -4.722696663991
-0.493233357229 -4.902344047518
1.374353397198 -4.355248134585
-1.178730870162 -4.755344233309
1.251500598273 -4.331842363083
-0.403774225790 -4.592679914892
1.808923358077 -4.532676416170
-0.332176739303 -4.798691019332
-1.360184118772 -4.410502336223
0.323085272285 -4.851430779802
0.215915580069 -4.903352935942
-1.298180609636 -4.476907195506
-1.001053814289 -4.490143175663
0.068754630030 -4.323842432650
1.498618614321 -4.221711038316
0.995291744270 -4.299758243042
-0.996724132671 -4.326835034419
1.015940466729 -4.357330504770
0.706660804499 -4.689330190721
0.785125782783 -4.297965219529
-0.476601026339 -4.937149796152
-1.229337890084 -4.398949019740
-1.829793959373 -4.486045028997
1.256042802302 -4.470519097891
0.711226829193 -4.844767343110
-1.565625473180 -4.528923326328
-2.009365108474 -4.348804624100
-0.773492674601 -4.929700175907
-1.916466862125 -4.307324141143
-0.629200236068 -4.990048247626
0.074814279573 -4.266486114988
0.950332778467 -4.889394899682
0.248430791117 -4.433941430853
0.989805941221 -4.334536715300
-1.235811843015 -4.731332426457
-0.060251868472 -4.610585324421
0.491237658594 -4.891149231986
-0.773245357897 -4.257136476761
1.500473808370 -4.732238657085
1.194742984932 -4.494061914578
0.851704587351 -4.539091683910
0.665583834885 -4.364880844753
-0.671548449699 -4.315105181258
1.389979571206 -4.510240482475
0.320989397223 -4.652736958557
0.156944914579 -4.175887138326
0.832386949194 -4.449556755800
1.066869180880 -4.225612887540
1.083262610040 -4.495294757838
0.075569535741 -4.257003223334
0.707090395470 -4.216205829621
0.608675662527 -5.058976347329
-0.895574224810 -4.299368420939
1.278716440931 -4.558027253454
2.088733038968 -4.346982587474
0.859584464181 -4.752268246698
0.289307979832 -4.510273737864
0.310114063195 -4.333392637093
1.298635443548 -4.554563560074
-1.904032161540 -4.375538938369
0.605023264933 -4.531602661559
1.564594332830 -4.366212882512
-1.211353166468 -4.216078184198
-0.060485951124 -4.555356296622
0.012097550893 -4.183843624684
0.726345378706 -4.578222061266
0.204795044040 -4.292318264123
-0.147417496773 -4.894123716064
-0.745538565032 -4.275337201663
0.429798919579 -4.937748862519
-0.597180272424 -4.739423117772
-0.135633640978 -4.839266628793
-0.702273044356 -4.817976686532
-0.554461099321 -4.918059950305
0.213782651283 -4.873997513970
1.208139431194 -4.917538237943
0.470285008195 -4.808529583409
-1.935749531839 -4.373226410121
-0.915028104560 -4.609994579059
0.334254386311 -4.233958576150
-0.901608842291 -4.578396753081
-0.259266127124 -4.209437310023
0.011296008836 -4.558328543758
0.562139429047 -4.378201773835
1.004453820025 -4.467823635488
-1.171885438424 -4.286210289857
-1.319909545474 -4.426955021965
-1.801383639342 -4.422643947311
-1.432506364928 -4.372483402779
-1.219016130912 -4.378981275235
1.550220704501 -4.486456279039
0.633658171777 -4.912653934821
-1.142121350757 -4.333628520717
1.659857928231 -4.335073771639
0.441799141011 -4.389729166599
-0.313230785301 -4.195385149582
0.517919421568 -4.645382403331
-0.458347939959 -4.756555122675
-1.454038529485 -4.285144497769
1.114731603288 -4.499315816959
0.179865026366 -5.010401682971
1.724502254985 -4.298475242260
1.836950319070 -4.320067780584
1.041181331760 -4.372303902285
0.081863069551 -4.743806306267
1.077992476864 -4.585968248380
-1.034745477012 -4.418200987846
0.820529845270 -4.877002018322
-0.389142627579 -4.862295721899
0.059010069098 -4.162247472678
-1.056603194734 -4.641864389411
0.374515601772 -4.500127925587
0.571836070798 -4.925163051381
-0.682349151960 -4.594737056893
0.733073965770 -4.894829456692
-1.240662483696 -4.723799027492
0.076532317617 -4.458881798051
-1.268827228016 -4.671875705111
0.691945030778 -4.812992934465
-1.871943083274 -4.263234996916
0.198597923395 -4.208107595141
0.759114194432 -5.043784724306
-0.567530329130 -4.439907102303
1.234609372081 -4.465194358847
-0.935803546130 -4.591229855323
1.587278917696 -4.758013150045
2.006627441999 -4.333782678188
0.736557974501 -4.505716455073
-0.181601769972 -4.395839829180
1.578413703365 -4.541919911667
1.518075231491 -4.571054596819
0.492813697510 -4.396311714222
-0.572940373240 -4.314011969019
-0.182280108680 -4.601627382375
0.787333292767 -4.310519547201
1.023565545695 -4.543847941010
-0.658868651268 -4.779769612632
-0.494305360689 -4.403461113189
-1.749674007043 -4.311870758698
-1.029787314215 -4.282932618767
-0.553882949499 -4.770971861653
-0.714626837830 -4.321309249233
-0.331509402028 -5.018496327069
0.904523571932 -4.190350749055
1.026025269038 -4.949771005734
-0.087241215419 -4.394022287153
-1.644443880544 -4.446064558288
1.691738133086 -4.318692963162
0.896022839852 -4.755873006015
1.771328339825 -4.201309997932
0.883142044819 -4.389674267688
-1.843582071877 -4.244401224179
-1.157992808457 -4.833479191914
-0.896503682256 -4.362009867013
0.317226598295 -5.063162018308
-0.000554045416 -4.451649464672
1.059670031419 -4.732174160685
-1.144584294572 -4.219192082603
-0.787062121807 -4.857159005092
-0.168990004086 -4.798777214156
-0.283405378752 -4.303261265809
0.039144761745 -4.533367489293
1.553906912996 -4.322508061900
0.141677365442 -4.955757793306
1.035364123782 -4.624097724967
-0.789740897637 -4.507887874577
-1.418202678861 -4.334997603352
0.372671796942 -4.888560394545
1.054232802820 -4.666699789156
0.242018827270 -4.898021546449
-0.957922674077 -4.518050463573
1.142243085330 -4.395487662121
-0.410046730657 -4.804284769706
-1.644641268667 -4.478668740070
-0.580531991315 -4.628826635793
-0.974844481146 -4.645939740046
1.780604145249 -4.541609191396
0.908365336980 -5.014746102537
0.866678921812 -4.779628529266
-1.458440068322 -4.693477287939
-1.222190400990 -4.190531656127
0.079564480897 -4.309072147625
-0.451412893564 -4.984568571764
-0.204716997879 -4.435534008767
0.300572038005 -4.379147584538
-0.362668451353 -4.479815760783
1.131808524751 -4.585602549669
-0.493300184427 -4.862683254984
1.509732140259 -4.282569992789
-0.124836727711 -4.921531813040
1.023233974366 -4.950656707946
1.139160753998 -4.161124884658
-0.345887790784 -4.430175361782
0.856932422846 -4.788666855302
0.496977642574 -4.923929383880
1.258014050742 -4.437169487949
-0.359764323823 -4.218938054124
-0.571691110176 -4.795363493674
1.873375080293 -4.496088590403
-0.155046690187 -4.510293674994
-0.035804439801 -4.697952312307
-0.442176899795 -4.955701259338
-0.562473765053 -4.321594574722
1.874929184719 -4.544609037456
0.773940452111 -4.905760426817
-1.596367495592 -4.510945299531
-0.548892508291 -4.591782131608
-0.443309176738 -5.005366689343
1.877221586052 -4.477207685520
-1.045300412504 -4.440573737297
-1.809024635798 -4.407930511386
1.073905234751 -4.430866161541
-0.074748756619 -4.454354262271
-0.002548667686 -4.686230363359
-0.656108840751 -4.259977660885
-0.881315192524 -4.317699910887
1.244335030189 -4.441773389694
-0.372126791133 -4.374554905340
-0.324375206881 -4.629801430145
-1.615151358420 -4.620064912844
1.313526412858 -4.318422719576
-1.608876261432 -4.310109255028
0.528880191538 -4.252602933256
0.502403393884 -4.437713332715
-0.505240255320 -4.335577853527
-1.121504983244 -4.580857995630
0.665341231887 -4.638818259151
-1.123326840916 -4.620884327166
-0.922266429290 -4.771783506023
1.679673241544 -4.607777138370
-0.703311510144 -4.880859048056
1.687579753918 -4.222090474486
1.848651676249 -4.469146112716
-0.610462471227 -4.967694066955
1.260579881544 -4.423220127191
-0.219402373689 -4.392457899013
-0.323145397444 -4.609900996810
0.249966107523 -4.424384510008
0.181738713741 -5.001145110947
0.862729140470 -4.707298847924
1.082980593729 -4.476032985009
1.469908324403 -4.598402628328
1.972130248345 -4.498047066245
-0.976206549807 -4.571567726628
0.600186544480 -4.236514982694
-0.806353056881 -4.678852000866
0.348876462551 -4.844653868389
-0.514926967470 -4.627464590052
1.791155950148 -4.516266029639
0.844419956901 -4.648036110092
-1.585033701060 -4.462337452535
0.596747354761 -4.424975289138
0.096363350318 -4.408607518503
-0.557480170846 -4.393080402884
1.670337965679 -4.558146333181
-0.770502322738 -4.654218761084
0.271010529492 -4.814777210079
-0.519167368957 -4.396683045371
0.345925399204 -5.004570268261
0.397917375631 -4.387542415710
-0.161836644988 -4.484754564941
-0.319839092319 -4.587328119676
0.719916754266 -4.467896863369
-1.795229316668 -4.254865589187
-1.033888943478 -4.391109869314
0.957586584487 -4.999870193027
-1.329482392100 -4.466004760830
0.044337621099 -4.897869097808
-0.089041542384 -5.005988776332
-0.305787012632 -4.847166764088
-0.181068413847 -4.688264817001
-0.806365121955 -4.777730936262
-2.002356076588 -4.277781652101
1.318608006454 -4.307867910458
1.595451992183 -4.442038231651
1.206259075451 -4.631185782988
1.653501935585 -4.644274860064
-1.702983743516 -4.287557559951
0.679543612545 -4.663009458308
-0.106579324193 -4.695355532611
0.379495919328 -4.865358442560
-1.661498991252 -4.196104040849
0.888105864398 -4.480198311130
1.310708126481 -4.601566205313
0.366614991039 -4.230430963414
0.972409259812 -4.563721248569
-0.890315192523 -4.601232825795
-1.283251556060 -4.339647741961
-0.855171246483 -4.581088235181
1.285749562815 -4.310475037984
-0.875914605031 -4.847178212374
-0.561322616990 -4.811547146214
-0.541785217152 -4.980646288537
1.268811144889 -4.614192312138
-0.821575667695 -4.448470610256
0.503816725451 -4.293880323010
-1.311348698924 -4.447236692363
-1.059104444159 -4.685058550273
-0.009997610350 -4.938143853378
0.052829514515 -4.975729242892
-0.034667808358 -4.227689019443
1.457697446331 -4.771840409117
0.360557786752 -4.205794449352
-1.550373046827 -4.468552101460
1.578552800617 -4.724979839677
-0.057059263524 -4.393758872089
-1.063516373361 -4.660881783989
-0.290634575773 -4.597718486869
0.617245662806 -4.765432635969
0.459645285110 -4.607178075942
1.384281043989 -4.473915455725
0.925499733264 -4.354237431765
0.940980417250 -4.213120116771
0.262726789681 -4.881655675351
-1.088573251527 -4.752667985048
1.564348362001 -4.702424763031
1.726171688560 -4.196865911422
0.300841891213 -4.256116896889
-0.689268723605 -4.822156251835
0.574865830587 -4.949286759675
2.007785087283 -4.435238721879
-0.347502510209 -4.450201130021
0.858231777228 -4.562822568672
0.518312550503 -5.026737805653
0.638567216685 -4.738035673986
1.462380237207 -4.485101502778
-0.612395283798 -4.470734285408
1.434124110727 -4.532749682021
-0.585471847505 -4.822548190805
-0.654670802147 -4.830779756141
0.326617173486 -4.163281226416
-0.844114774933 -4.400694904111
-1.018477098086 -4.823029287428
1.906446458208 -4.464998926977
0.865460203933 -4.214831952855
0.522823855241 -4.582017438404
1.651776559651 -4.523383872004
0.382470316519 -4.584800716305
-0.981153970609 -4.347813714016
1.365333268893 -4.192269651144
1.651209693151 -4.251594985608
-0.431940878793 -4.287827077260
1.153182092234 -4.212854309310
-0.317452658167 -4.843969210314
1.054108340671 -4.588561588032
-1.374502840140 -4.368903389640
0.949342565303 -4.581433383085
0.831764511561 -4.320921635737
2.066061807477 -4.207299164558
-1.032852343746 -4.439856650609
-1.006177732988 -4.713635618813
0.615850800659 -4.263751000263
-0.048031645092 -4.273212346384
-0.737937817860 -4.801034296309
-0.801851470424 -4.290977718854
1.353824425282 -4.839422827756
0.341406923755 -4.307800864293
-0.118655218587 -5.010488318189
1.540204989194 -4.256217958045
1.287667993476 -4.719067820278
-0.411840594700 -5.003401135173
-0.670001070797 -4.562735524591
-1.675118444335 -4.475636112043
1.701513613907 -4.308036113171
0.202205018609 -4.866880680305
0.652047963155 -4.977353422391
-0.142225947466 -4.389268431765
-0.435244612450 -4.247953278191
1.749866498076 -4.521118622555
-0.111782524296 -4.355045868800
-0.021993203404 -4.463498780519
-1.176893992085 -4.306730708862
1.944002252558 -4.330275259497
-0.612263633791 -4.426685017339
1.738788877440 -4.521218679546
0.891572791280 -4.763434746317
0.507430543586 -4.575407252382
-2.133978110398 -4.203863392969
-1.073768412400 -4.696112048077
0.632143426464 -4.505698907269
-0.091366943371 -4.471455373018
0.305877976373 -4.989974609723
-1.420331108994 -4.713404122595
1.423257981349 -4.744689411743
0.204106402801 -4.684783383357
-1.440018552429 -4.418724616813
1.821233602954 -4.183715832692
-0.435186839938 -4.802010299018
-1.352745075193 -4.455641585978
1.179157333350 -4.703922038693
-1.722707974955 -4.584265545671
-1.309650740668 -4.732118227721
0.519400984259 -4.223585043330
0.452171213561 -4.436260771728
-0.744180057087 -4.651735129393
0.084546006121 -4.218046407161
-0.788774466723 -4.216563072272
1.265009563036 -4.232779131111
1.171118860332 -4.391122460809
-0.602478064722 -4.917791081375
-2.044450595410 -4.283845889359
0.162033188463 -4.353931605715
-0.742826450653 -4.437198451869
1.056500305249 -4.687937703595
0.051586179844 -4.924209304429
-0.153767447845 -4.702287519532
0.674582487056 -4.561848572747
-0.819903142228 -4.436590081593
-1.058688890728 -4.178300727677
-2.085372432399 -4.303827369832
-0.615617352386 -4.416450996935
0.051237824337 -4.614920183247
-0.125443734932 -4.383052423639
-1.458248134848 -4.192515122427
-1.721785573836 -4.589795532381
1.184841866985 -4.352462851846
-0.584094957904 -4.785422260019
-0.079363457254 -4.667502326376
-1.082305591133 -4.320243818503
1.162827451901 -4.474196188958
-0.943498496203 -4.764100460798
-1.492845865155 -4.552332185466
0.798673119420 -4.971624956442
-0.924295439521 -4.419740118952
0.092457132266 -4.258981641570
0.488384641072 -4.693340901157
1.504267050334 -4.410432648076
1.005668695453 -4.830742242320
0.153827644010 -4.633623184685
-0.289330618101 -5.031404664015
0.327457705922 -4.393289357503
1.359348804600 -4.215138828371
1.789748012651 -4.421035002770
0.209086978344 -4.667756018579
1.697586586936 -4.587479186489
0.728327960337 -4.279178078464
-1.307761958517 -4.357789860016
1.292251540207 -4.488598338841
0.499416333927 -4.288958677815
1.214894056554 -4.681544848617
-0.421329795401 -4.751485060013
0.773669038034 -4.594320476051
-0.533265882274 -4.455485591212
0.442358509981 -4.419192922632
0.360071325811 -5.062376530934
-0.786139903556 -4.198631671013
0.113055056031 -4.937620371952
-1.664941455730 -4.625554200177
0.341816294619 -4.150039386618
1.725983658150 -4.429404607110
1.535805910047 -4.467025372043
0.345491250689 -4.214937660470
-1.455332756419 -4.728379084333
1.702010281486 -4.579025570045
1.649745012128 -4.398782892163
0.068351497738 -4.249774566674
-0.538542723722 -4.623079587864
-0.983187962231 -4.405063011170
-0.519872630027 -5.019972774180
1.225828946742 -4.208296683415
1.825519285227 -4.472108282929
0.888452645545 -4.288353351049
-0.800663905390 -4.832600901496
1.612319795209 -4.206507280514
0.550370789511 -4.532049303312
0.904507354206 -4.772112244828
0.129766690338 -4.760637148141
-1.191267896066 -4.387540875838
-0.544795603361 -4.978714351728
0.926249039860 -4.321224581402
-0.962818945256 -4.901240708079
0.723471834033 -4.633432716459
1.155467078471 -4.573172109399
0.113574956190 -5.046131535187
0.696766554062 -4.333110273756
1.415797706063 -4.364036189469
-1.183184815593 -4.588390484575
0.349455441154 -4.300370919413
0.037676417749 -4.814555515013
-0.356471741588 -4.996787337771
0.707302836658 -4.747377110129
-0.251289208532 -4.659358183304
0.032556094006 -4.723898072277
-0.007049962184 -4.882992133447
-0.582360585265 -4.378015006322
-1.774342773606 -4.539501474369
1.141499126711 -4.209172643548
-0.302673767624 -4.997469535049
0.448006445594 -4.248918545632
0.476877367119 -4.756906337155
-0.660295992718 -4.612619379862
-0.274987642444 -4.326345348988
-0.302329402201 -4.513076169412
0.219902386645 -4.720990236998
0.306751898017 -4.558583542495
-0.456165436362 -4.473047704867
0.959064011714 -4.291686253005
0.037952841306 -5.041896668065
0.142058505577 -4.968154671283
-1.526908761731 -4.467763114259
-0.607665133243 -4.913852552051
-0.994113255562 -4.421677961567
0.386755284535 -4.685414818653
1.464323271239 -4.567465483097
0.798570739421 -4.859519531778
0.681441811526 -4.716733894140
1.181302872113 -4.640367627794
2.069505656248 -4.269032479987
-0.160342834199 -4.570800460032
0.352129546938 -4.567159521281
-0.235671607302 -4.789507837627
-2.053276553518 -4.353213805177
-0.062088225320 -4.810548247351
-0.288575862112 -4.953391220123
1.453293452723 -4.743162454160
0.487157583780 -4.327097020150
0.101476433022 -5.043297578544
1.237134205579 -4.539538912704
1.274590283625 -4.570102050126
0.878835931776 -4.648502412569
-1.332442559308 -4.506131290896
-0.606670743055 -4.739937208582
-0.937599858977 -4.578860666129
-1.570621565007 -4.404304508855
0.415855840200 -5.061597976557
0.999825968882 -4.960114455314
-0.768234187064 -4.596669251152
-0.650390108952 -4.455880265301
0.651818920850 -4.920394447394
-1.041197748446 -4.599351932701
-1.107279763529 -4.668044582415
-0.084318931862 -4.713461426179
-2.102647142591 -4.320267920383
1.403662697521 -4.503422755583
-1.608053845595 -4.332585249911
-1.442486245208 -4.531860885856
-0.194394467668 -4.606541115902
0.648122318784 -4.762345974026
-1.341449447107 -4.521718501087
-1.075729649739 -4.664482084807
0.918330759878 -4.218899730187
1.348620143100 -4.843658094939
-0.392980972418 -4.274298647851
1.123913397598 -4.657360893389
-0.776322605658 -4.896275571137
-1.726192147190 -4.336534650390
1.753264848367 -4.202375530050
-0.354035286559 -4.660685159438
0.821995895310 -4.674518233689
-0.201388110494 -4.355794646912
1.072328355775 -4.248468640831
-1.251807671210 -4.300141008043
0.125206836880 -4.549784536477
-2.001224983033 -4.228825705730
-0.557880467344 -4.184489157166
-1.173315902695 -4.807905194091
1.719272244996 -4.481121694647
0.789860001336 -4.373421376926
-1.322476474951 -4.220289091442
1.257900294301 -4.795577374825
-1.059996837943 -4.370904385737
1.111385840731 -4.211594851995
0.007717398363 -5.014813505086
-0.511970072617 -4.446344913511
-1.467280620122 -4.622687897186
0.124391308032 -4.682898784941
0.654911770653 -4.898796363765
0.644058795097 -4.506156153413
-0.841915675533 -4.483818014569
-1.082148088869 -4.637162679522
0.632347222060 -4.934539386036
0.457409290542 -4.711623855152
-0.243090973441 -4.775016188162
-1.480037154801 -4.522003660821
-0.947492857855 -4.509731182244
-0.367204685735 -4.543520807993
-0.017166240108 -4.701545416794
2.077260180869 -4.189926910405
-1.118315805821 -4.422703527872
1.292578862714 -4.545756620800
0.128694441099 -4.898249409330
-0.882552176423 -4.875578947943
-1.534130698779 -4.477110596339
-1.864044471395 -4.351365529049
-1.861655803890 -4.251773183137
-0.298722777683 -4.898020857866
-0.686372574194 -4.912830543806
-0.115371284828 -4.186729356545
1.326879282220 -4.851820792591
-1.638755659584 -4.335597645161
-1.551481253275 -4.619473705787
-0.597780559660 -4.904358343388
-0.040429025320 -5.012524786095
-1.086503883758 -4.603996111944
-0.451852336569 -4.259131585147
1.441181341553 -4.419811090785
-0.603454445442 -4.183387477306
0.250973244909 -4.746004795680
-0.488377108822 -4.305182125151
-1.441138633213 -4.580051294883
-0.508151073330 -4.621930948279
-0.373901470689 -4.709154874057
1.463085582985 -4.687923184786
0.204076648335 -4.360654987533
-1.340040638370 -4.422785721422
-0.568379808146 -4.363706932032
-0.561745989424 -4.391216773559
-0.193439110262 -4.566506605895
0.174317018805 -4.305812441669
0.424914164707 -4.434547187454
0.047335977929 -4.732434971176
-0.373780533537 -4.555382760364
-1.313408979577 -4.603001405915
-0.836950516576 -4.604805433676
-0.501381615937 -4.492862296899
0.869332313622 -4.485201264415
0.100899605082 -4.613888329953
1.326306087554 -4.272304206627
0.401813387883 -4.912227137009
-0.698553420230 -4.672699356730
0.758658046886 -4.797117952015
-1.302110962162 -4.250158114406
-0.193851853051 -4.709555512280
1.123263421123 -4.512296873885
-1.438804071147 -4.523198205573
-1.339286353224 -4.654370591019
-1.495329141167 -4.389231099037
-0.162839076418 -4.306960421816
0.516630062575 -4.827224775763
1.287411362514 -4.856064337177
-1.124325256219 -4.375863707467
1.301584576873 -4.875955416357
-0.025210540769 -4.621737916476
-0.285597114186 -4.892544945115
1.094703400707 -4.940477238825
-0.372529382325 -4.227801444426
-0.527465556258 -4.552161279315
0.097284493119 -4.821984394076
-0.889016669395 -4.392277925589
-0.607035682495 -4.616322907798
0.208563575185 -4.446481259219
-0.578412880261 -4.943162612073
1.485686901903 -4.322421650981
1.603469363872 -4.348372730128
1.199347218537 -4.241805400067
-1.178306547539 -4.651843776685
-0.968275716805 -4.735763897168
-1.100330827503 -4.391701232398
-0.610431407211 -4.789498694972
-1.081478573675 -4.777177711790
-0.089985953819 -4.508186905865
-0.815697215847 -4.622833865676
1.000036473390 -4.639662083817
-1.244710616470 -4.811003346566
-0.534529320608 -4.288598971767
0.418734621460 -4.473384155658
1.361302940509 -4.253684374077
0.962436267202 -4.433869159468
1.248389322666 -4.734784523201
1.956527013682 -4.196675773934
-1.762372213982 -4.425666221353
-1.637275106678 -4.326359026190
0.797276252055 -4.522014231787
-1.999051156654 -4.329554323627
-0.452919442755 -4.680797559953
0.522013437583 -4.336277865017
-0.170918376418 -4.877573908463
1.401119899586 -4.809057589794
-0.596315835281 -4.490418045097
-0.967066316594 -4.414813627165
-1.457729460144 -4.521932294572
-1.367444849372 -4.710326933217
1.305322086815 -4.427128218064
-1.716473608078 -4.350993210012
-1.641436410591 -4.268717251634
-1.004746425461 -4.224784420680
0.694290690696 -4.898993845136
1.464505537948 -4.564488615884
0.464278203326 -4.993788733825
-0.378559289084 -4.853788166412
0.351536704101 -4.546970442193
-0.539837724360 -4.794085990727
-1.228790872712 -4.463306711921
1.073290741617 -4.771410026796
-1.673610400725 -4.367193407533
1.522434380897 -4.693133435734
-1.284441220307 -4.659417402997
1.268347547664 -4.405419390828
1.751601885733 -4.447897349459
-0.438489937997 -4.369844761838
1.878989690969 -4.478979220930
1.267736982000 -4.417028935517
0.700056901172 -4.347354228972
-0.590937973493 -4.959414337504
-0.636325563620 -4.680703032986
-0.618951205170 -4.481847692478
1.779865103963 -4.528523160675
0.833633643719 -4.328269802852
-0.024758908326 -4.341986906462
0.638057379137 -4.859180071024
1.285744013942 -4.633494560941
0.987906359609 -4.598243214785
-0.448189210121 -4.409129978785
-1.105071469796 -4.365216926945
-0.492517841148 -4.654435319431
0.525538773017 -4.827450396373
1.328081446246 -4.302803508590
1.354795068741 -4.668458701151
1.386992650630 -4.626685418416
-0.425058960765 -4.739983805740
0.297403093767 -4.478077635709
-1.192244318738 -4.448913128700
-0.067351063377 -4.219991509521
-0.633507371914 -4.611940761385
0.574832818211 -4.978763483314
-1.102327329177 -4.295999631369
0.691233492614 -4.846426194328
-0.210328769934 -4.423857697727
1.791471437758 -4.483700205025
0.518242834055 -4.403139441631
0.585317278149 -4.241377126666
-1.641430891591 -4.507511486908
1.943275759970 -4.313634202518
-0.802262515357 -4.926569306875
0.934094773069 -4.245628269134
0.908266161524 -4.401197683731
0.517263627710 -5.030410229761
-1.290135956871 -4.549386007186
-1.712530204487 -4.292597506579
-1.154483466801 -4.769514859218
-1.032571280635 -4.801411063062
0.628648623126 -4.955105557159
0.547106916153 -4.255192522183
1.063954745335 -4.212444176691
-1.233201609993 -4.421909545768
0.422014662484 -4.978820498949
0.465093391011 -4.176524214355
-0.467713794451 -4.797942805425
1.106835347271 -4.883480281820
1.472688503437 -4.571154313402
-0.759172028135 -4.932401581829
-0.621472365832 -4.638077007698
0.941008930699 -4.786778584285
-0.266584048057 -5.047504222269
-0.209638365870 -4.428188177414
1.954639418632 -4.391523050411
-0.038173898822 -4.334070809656
-1.102018778105 -4.246248779336
1.703113514652 -4.650079133061
-1.853123651658 -4.497684499393
1.456404550400 -4.392052932442
0.420442511628 -5.005495033670
1.147808902505 -4.357079695724
0.565446833084 -4.816124459591
1.202150826312 -4.210877550626
0.785636858932 -4.310701903057
0.671184625299 -5.009541438449
-0.238379641030 -5.048905059006
1.349423742693 -4.670783986140
0.899587765417 -4.939756930275
1.507267698934 -4.516511736390
2.006057461356 -4.266234856703
0.267770908593 -5.000350583086
1.568535891738 -4.583356240394
0.990816552466 -4.592095506661
-0.546933944153 -4.938156640660
-0.470582394811 -4.204960784985
-0.249837764963 -4.728734013511
0.519462452760 -4.261866138768
-0.262501769697 -4.548753844595
0.336516613753 -4.733264073579
0.555708255565 -4.359037461459
-0.836085995353 -4.816089970844
-1.312565031830 -4.401101449921
-0.654552966623 -4.432967419368
-0.064594101559 -4.420492585241
-0.469838378693 -4.561394330984
1.264428989320 -4.374615898275
0.738286960977 -4.749637678483
-1.232381386333 -4.532101925082
-1.471777391925 -4.652200176416
1.021348332312 -4.670261676243
-0.003249010350 -4.967934111371
-1.253473696671 -4.602858927189
-1.036471041419 -4.778205631244
-1.169489004666 -4.643309827775
-1.123098625378 -4.598176906795
0.950580185851 -4.700137479846
0.068776404345 -4.645197267793
-0.982586924635 -4.821412044345
-0.575708285544 -4.425563181329
0.026938100345 -4.626326345941
1.041219818796 -4.482570951005
-0.199562381266 -4.695097943756
0.375673896259 -4.586487138304
0.038081556882 -5.036537648683
-1.342241421488 -4.796438282732
-0.492764462842 -4.781928069661
1.249708116267 -4.718151507814
-0.286473638493 -4.245143680939
1.482390486897 -4.455470406330
1.213515412588 -4.441713483877
1.312883846106 -4.872608991482
-1.040276080465 -4.524588357828
-1.173786621400 -4.642387105915
0.152184469300 -4.708358536367
-0.493737872241 -4.585208721636
-0.576419606205 -4.741837121721
0.457753370512 -4.479694930330
-0.626897361557 -4.593770896374
-1.211843167118 -4.269877170595
-0.809764228644 -4.898153947060
1.026574998754 -4.293536866532
-0.321025753212 -4.483894614541
-0.250198867121 -4.537279796868
1.683690359994 -4.233753704993
-0.328808389787 -4.500910303837
0.813439927616 -4.937080511522
-0.140628936894 -4.491997475065
-0.487265501379 -4.978320510747
1.476026486313 -4.321513264740
0.853421847351 -4.750208186827
-1.262278919128 -4.789882930837
-1.365355890422 -4.546912408678
-1.389946317802 -4.587167682481
-0.972577932462 -4.559458962820
1.809636239302 -4.212041641425
1.214171749487 -4.547865000095
-0.746360666096 -4.181993947491
-0.394970106756 -4.801183408348
-0.540916840317 -4.601575008346
1.358988386003 -4.464216074147
-0.007521211113 -4.211222563252
-0.599111135503 -4.401549749917
0.353761567640 -4.891567302561
-0.209197321985 -4.596365651748
-0.394022630387 -4.218055901905
-0.513072928665 -4.965187569303
-1.229360404899 -4.343925537919
1.719405163344 -4.410094323420
-0.196953365931 -4.880877584166
1.456421418139 -4.456775606628
0.577499908185 -4.561016683344
-1.070164912066 -4.511409397257
0.419697324814 -4.937682797911
-0.497726304574 -4.960670923309
0.385108534795 -4.541850691539
-1.760891160487 -4.288847075799
-0.743338741696 -4.766227275037
0.920258281736 -4.320253650044
0.788868900666 -4.775859199595
1.717911211331 -4.309057109990
-1.083612695979 -4.356328580273
0.152841469614 -4.282366784609
-0.255692263915 -4.945301704275
1.051282183296 -4.726000512201
-1.581588338937 -4.463732485968
-1.660319002014 -4.356614958646
0.768926068249 -4.705311869669
-0.979626453351 -4.745823288493
-0.193605402345 -4.793510317226
0.960340692236 -4.382659066182
0.706858103387 -4.356500522438
0.126955049577 -4.564564866061
1.996867089593 -4.255727319957
0.025175360397 -4.832019959719
0.276667970724 -4.506958422378
0.539311714514 -4.505580463289
-0.173159449329 -4.618769404797
1.543209620184 -4.537258952361
-0.920377480720 -4.394300409062
-1.131800694880 -4.364704891267
1.215909405082 -4.516690557362
0.355918154026 -4.181525552829
-0.109210845921 -4.528825289637
-1.270668563768 -4.374785765166
-1.743241071181 -4.547333157674
1.444059475431 -4.330802005835
