-461	-205	12	399	656	-387
-79	-423	476	-461	112	310
248	-449	-203	-354	172	400
-153	559	271	-559	-542	-648
-459	-647	-522	307	314	336
139	-18	367	-588	481	-15
-445	501	432	458	206	-648
-168	-253	-306	130	-255	238
551	157	-371	-465	41	-622
336	349	-456	29	584	378
-460	120	145	37	-536	-151
-171	505	473	-415	313	-115
630	-587	313	519	285	217
558	587	-234	149	-98	-642
-625	643	548	-566	-334	612
-625	-50	612	217	348	278
40	-526	91	-312	350	498
-376	-649	164	82	240	-260
-531	-144	74	-427	467	-263
319	-218	170	-246	658	-437
4	41	-609	-628	-258	428
-103	-484	-397	-491	317	-314
290	-147	-565	-266	159	599
-342	472	333	-105	-150	-101
518	70	69	-267	-56	-556
-297	-78	286	-564	-159	309
217	264	572	-403	387	-189
-173	-636	370	243	363	-616
15	-587	-413	16	306	139
351	-454	613	264	-70	357
321	234	136	-134	-25	531
-255	662	149	-578	105	-424
-434	250	574	-508	211	-539
106	168	3	-303	665	171
-308	-608	-2	170	95	-70
591	-184	-496	-606	-479	531
72	-275	601	-577	-147	-440
-95	-623	-550	-455	414	-609
383	488	319	-475	247	228
367	-493	-614	444	440	-343
108	409	-388	-453	292	130
167	-280	497	-566	-245	604
105	-524	-404	273	-192	495
-62	573	-77	312	-311	315
521	453	490	121	-247	618
-570	425	-14	15	523	-557
317	-47	-328	210	604	23
209	-489	261	50	369	-329
321	-562	-14	404	168	585
391	-23	145	470	9	194
-356	128	185	-328	-515	-438
-93	657	283	628	85	-472
-228	176	-617	-468	353	-548
567	419	-402	518	538	-518
77	-51	-646	-546	-569	14
-606	224	645	-196	-447	231
315	-101	217	-475	-344	-26
562	189	301	-405	-144	-508
559	456	18	43	295	312
-114	-133	266	503	-540	-330
95	339	109	-547	2	-327
468	614	272	604	398	219
487	357	-291	322	-485	408
462	168	-211	-362	-617	-162
-180	435	-172	-368	-294	-282
-434	158	-58	-337	-412	-440
348	133	-660	-13	-516	-545
41	-305	-431	121	-71	158
394	-16	329	-250	-374	-443
-532	-330	152	-299	74	-663
-14	-40	36	-642	241	190
392	-359	39	-6	52	666
-663	435	160	-205	439	205
525	-635	460	111	-484	-263
407	-328	662	456	446	-72
173	-427	603	-643	-588	346
-69	-657	397	-349	619	637
-314	-102	-222	174	446	612
-285	419	664	-49	-647	-194
-14	-390	616	-313	-227	301
347	-432	63	-647	-188	273
636	372	-453	-399	191	521
563	-467	615	505	-514	-256
275	438	-143	260	111	17
-109	578	459	-95	-573	-127
313	-653	240	-454	212	-33
281	-52	450	-173	-150	360
-381	-235	-142	-19	-173	-651
307	-160	-542	429	-299	341
341	-101	185	-576	-121	343
71	-335	-570	-249	-313	-121
-21	274	-595	-649	-291	655
545	-408	-212	251	-196	-538
294	-357	381	-219	-617	-545
-228	411	-652	-141	533	-654
-76	-461	-604	-489	552	-578
-160	39	514	-143	561	-563
-476	542	634	-383	-434	483
473	-372	627	582	-613	203
-211	181	409	-281	426	403
-262	649	314	636	-465	359
-532	78	318	280	24	-338
403	257	41	616	-284	-645
416	-592	232	550	64	-103
346	-312	-43	90	-274	-597
532	524	-87	-308	-432	-401
82	-415	-293	-38	535	544
226	456	521	245	548	-71
185	288	-142	181	-523	-345
-597	-603	393	195	-212	-361
367	117	-499	-266	-119	312
352	-44	-342	619	-359	-2
-320	566	373	445	-558	188
-106	170	-436	236	-275	-496
222	234	-114	424	663	-224
-74	563	53	-480	-364	172
-631	197	-134	146	89	438
-453	-225	321	-626	-486	-228
-23	631	487	623	655	-273
-2	212	491	-181	-556	155
-39	-494	-536	-124	551	-282
-499	-331	-220	-340	-625	196
-632	-634	70	664	-16	37
600	369	-108	528	450	332
486	-440	64	286	656	111
-615	262	249	452	462	199
-446	75	-557	-447	-311	-607
26	-310	-43	455	-313	528
605	-6	-104	-624	663	135
-465	287	-196	-135	462	-484
11	252	144	-543	-200	-139
599	-27	361	-432	-77	-11
-293	44	-44	103	497	80
603	-177	-9	-334	2	-147
648	105	239	25	83	-401
285	214	133	51	422	347
523	-7	-645	404	477	432
-599	30	622	-114	-274	-584
-288	-109	-617	45	354	600
100	-664	53	281	-120	395
-651	222	236	-394	285	570
-409	-20	169	-85	-315	-94
37	-237	-258	-574	573	622
170	-530	540	-175	-49	-485
-288	189	619	631	-206	-642
-557	-237	280	494	-331	38
409	-301	-624	-520	-194	193
626	-174	572	95	393	507
-378	608	-463	-414	116	-55
-69	62	-508	-44	272	513
-79	357	-372	621	-214	373
597	145	-257	-630	-609	540
-520	-479	-646	258	93	-327
-375	-639	235	190	634	233
551	618	291	-91	-350	-621
-397	193	456	-370	-650	476
-404	-111	662	-101	468	189
460	-326	414	329	-162	-392
116	-72	303	-664	26	189
-361	349	265	30	-275	-601
-509	227	-163	521	469	-658
-481	-557	-613	422	-412	216
274	-90	391	-516	-457	49
-555	643	-488	-331	286	-516
-469	635	-354	206	-184	-75
154	523	384	188	515	-498
-537	-505	-636	-283	194	-182
405	-590	167	126	330	-217
-661	640	-394	-51	-334	443
-401	579	-570	624	510	-195
-651	-83	371	174	-106	458
-262	-87	-598	-403	201	-131
70	-63	-127	622	-312	-394
117	-434	20	-540	-347	-187
276	330	-321	27	182	342
490	579	323	0	-498	189
-505	-302	281	-72	347	-629
-382	139	-498	110	189	590
48	-497	-635	568	196	-445
-288	-553	-88	-518	-2	552
-619	-523	-533	129	-474	-169
150	502	531	232	-438	143
254	-394	-589	-594	519	440
220	63	-611	374	-404	335
586	-404	-384	85	150	301
95	-153	-350	295	-290	-656
-319	80	436	389	512	-75
-74	-362	450	610	-409	436
-358	-216	-113	532	316	34
495	495	165	181	298	656
530	305	-430	27	412	-640
157	-665	602	67	270	121
-50	-235	-396	-297	-516	-155
-493	-654	-68	111	-240	227
-64	0	-274	612	433	27
472	328	-84	469	558	369
258	259	73	194	515	-50
-561	13	-610	152	-373	-121
-559	286	161	350	540	643
450	82	453	485	-380	182
645	326	-390	396	-127	-1
184	548	-208	282	-38	596
584	547	330	-471	-377	-376
560	485	96	-430	-642	-522
-14	564	-665	-662	-510	393
310	-583	593	632	-354	-355
-240	114	170	-10	-247	238
-19	52	-282	204	-545	615
-107	-52	-102	-573	-359	71
-295	189	-155	184	424	403
251	278	-132	98	136	444
-362	-460	-631	-607	-398	146
437	-392	408	311	-367	-133
645	-559	-348	321	-566	501
-530	414	622	360	-421	-249
-526	314	-171	-473	38	514
-589	-496	143	290	552	93
372	-219	-540	-365	504	-215
33	-424	489	161	135	351
617	358	413	464	635	336
-102	-458	-503	132	149	-14
-213	-473	-637	-200	-301	448
-555	-349	-648	-582	616	68
331	-350	-166	360	-403	47
506	15	-608	-419	-401	-11
-426	29	124	-268	-364	-195
408	-603	485	-179	281	-228
246	-273	-439	334	553	115
-274	497	-470	203	332	128
-141	201	-595	271	393	105
-575	38	318	-210	515	-458
-218	-162	-98	-313	-653	-206
-118	494	-537	-461	-91	5
-543	115	181	-145	357	44
-334	139	148	-70	-390	356
364	-502	-14	615	-110	423
-630	44	-230	-296	-30	-450
-54	40	656	319	342	-434
98	405	523	-38	25	-413
245	553	-395	583	-181	467
-501	-230	-237	425	263	-335
106	647	192	-203	-326	-311
-259	1	-580	149	7	37
375	550	-610	-142	-443	-269
-341	-263	-572	-373	570	243
-302	448	263	-133	-536	-533
-555	4	-644	-413	-341	279
-384	350	-313	395	530	413
202	515	-542	404	665	604
606	649	538	228	-586	-139
586	-546	315	473	213	83
-118	406	-521	63	176	169
-359	11	-43	168	195	-465
480	-463	-411	207	-662	-160
627	325	504	-295	182	137
355	-254	-231	-311	50	350
359	568	-529	583	59	-563
20	482	474	-523	630	177
462	-598	362	-195	414	-106
478	-433	-52	-51	-523	-558
160	515	-48	-219	300	-353
594	129	-429	652	-529	480
666	-249	-323	202	-418	663
-263	-266	-475	634	-43	-441
139	-57	46	-61	-524	-323
526	510	258	117	573	-269
65	-610	186	-510	-91	-183
431	-235	335	369	60	-346
386	135	-498	-549	556	126
362	208	232	-258	-634	234
-38	-427	-54	583	362	-127
-462	296	549	573	161	-190
-6	-297	-323	-273	-204	-60
-647	-64	-242	522	-452	-106
-287	-190	-415	-167	666	-615
-479	607	-469	-125	45	55
-98	611	364	-270	-329	-203
9	-546	-94	-454	-289	62
-57	4	-8	186	438	393
47	89	46	-436	-468	624
579	-191	302	-637	-312	-553
-119	-335	335	-144	-77	-62
-339	-2	34	-47	-515	-323
-523	69	-275	487	353	151
13	-483	-517	-424	-377	-576
242	-375	380	-212	-3	289
-638	-66	-666	-304	528	51
563	218	508	-309	-591	278
-368	633	91	-293	72	249
186	570	-299	587	558	-115
425	337	-44	225	-63	-531
-462	-91	270	-43	240	306
636	-291	317	431	-314	-502
157	565	415	533	285	-239
280	238	-159	402	108	174
279	-159	-175	-609	-134	60
602	-582	600	128	-71	-536
647	647	-447	-564	-32	-175
192	173	209	-554	-43	-535
38	-457	-593	406	372	-18
311	-121	92	-338	301	-218
550	-508	-290	-119	631	613
195	150	651	367	-485	-210
505	-403	-326	-234	-111	-634
-237	-137	-540	-210	-449	640
-65	-462	256	-380	257	466
88	579	13	-469	424	-59
3	510	577	323	602	214
-556	498	235	-101	659	95
-582	453	87	-623	-299	-436
582	-33	213	389	149	-164
-425	-300	665	25	-624	308
-294	64	-524	-489	160	-180
211	447	-440	-602	-627	8
-478	-159	52	-294	-315	428
540	-285	106	142	643	97
-84	28	-452	377	186	-66
103	-168	200	404	74	189
224	-528	-329	558	-500	304
547	609	-244	-583	-15	-514
519	433	-444	-315	-504	-197
614	149	423	148	-115	666
-211	379	-115	-537	430	369
338	-28	-486	-514	292	581
623	563	593	-666	-158	-428
541	-462	281	664	-468	-223
-597	-477	-337	316	448	-393
-467	162	237	-170	153	-266
275	-249	493	-233	524	32
385	-316	282	319	483	-243
198	480	-540	136	-222	22
496	259	-618	-185	112	-339
210	246	282	-291	-143	239
311	-666	231	577	-286	-325
-592	380	248	-334	240	-316
-308	-188	34	648	474	90
528	546	553	-249	-628	328
-335	658	171	-69	210	-228
-285	-291	-660	-43	349	-561
645	-278	228	-282	44	525
26	331	635	349	-39	-249
259	-562	427	283	79	213
-424	-13	361	553	-167	188
333	579	-246	-39	-629	-462
290	-624	527	626	-164	563
508	150	-124	-446	445	69
204	534	-149	-74	-413	471
237	-627	200	-453	429	463
229	-334	358	-524	-3	441
-303	420	522	-272	-471	240
620	-346	-323	-299	128	316
408	-658	-100	595	166	516
-330	425	-580	-654	644	176
-627	-523	207	541	259	270
172	388	70	347	33	-663
-577	-136	176	407	179	-184
-389	-445	502	348	347	594
219	-80	-402	460	-173	-159
-78	579	-341	257	590	116
-259	277	560	-477	-363	247
-22	11	67	96	331	-638
-451	193	-272	205	548	-342
560	121	525	127	84	-501
375	-274	-408	-515	502	-50
522	367	477	21	40	-154
-300	-505	-207	-426	-461	-338
487	-120	79	279	653	-468
-473	492	-155	469	-192	-263
-4	-313	-352	282	248	380
-363	595	433	438	-569	-199
435	185	139	266	332	-81
-13	-609	-540	-432	-599	361
-230	-51	455	327	645	468
168	173	340	402	629	154
-549	243	490	-637	261	612
-576	216	-244	-536	-621	-514
-238	46	-550	-243	-283	554
-115	541	-582	-205	578	-360
290	142	234	565	331	-206
613	192	50	133	-403	-394
662	-361	-341	-180	-115	-326
-66	-105	245	420	-284	647
-38	-66	591	472	-585	452
129	268	-114	-185	-81	401
129	181	175	603	253	-84
-384	-15	-380	-302	510	-434
558	-542	-537	561	87	107
38	296	-620	-491	-56	-414
307	-599	-7	113	21	490
-618	-29	-299	32	395	356
-163	-254	-391	-133	-205	-281
1	25	-30	-507	191	-374
150	650	383	-529	19	492
634	-428	-463	260	358	-10
-45	170	-343	198	103	100
-609	564	455	467	-114	-81
-43	-317	-196	188	506	-352
445	465	343	-365	170	-72
374	-454	499	-70	204	-407
-296	115	-555	169	-577	628
-136	304	138	-311	146	45
107	326	-83	362	-449	-525
-539	-126	545	307	-482	-523
456	-225	-470	-404	536	424
-452	442	-85	-548	221	-607
184	-345	-181	174	-125	31
435	-116	320	474	207	282
-145	-193	18	519	-455	178
-585	-623	583	-199	311	84
-152	-94	-116	658	157	-420
-560	246	655	316	-639	107
-534	173	436	-278	-469	-574
-84	604	-272	-612	219	470
379	141	-65	201	-517	589
-362	-283	-192	-581	-327	331
-73	-228	-571	370	535	-497
-128	62	443	-627	-399	408
571	-107	161	100	-513	-551
-578	514	-197	213	-586	406
538	-374	-175	-488	-618	-479
-486	-408	482	-578	380	-241
-550	-473	361	545	646	-267
121	-459	-406	-472	555	248
-17	212	-43	284	163	-69
172	-328	320	1	189	-140
147	624	239	-58	321	-89
-517	253	267	-166	378	-494
604	-556	395	567	473	-208
98	-545	160	177	593	-659
23	-592	-132	-565	-411	134
14	-538	426	-269	459	168
19	8	473	448	-538	329
-460	-49	-307	-229	28	587
360	318	-367	-390	-59	497
29	372	-142	-112	-46	-602
643	105	567	129	93	-310
-151	-137	66	-656	-410	-218
49	572	403	407	-618	-440
350	264	-322	-498	534	-277
-152	-212	39	-473	-180	-521
-448	-107	-323	281	-20	400
-295	-481	303	47	-169	-155
337	-311	171	-388	-578	620
363	27	-235	-583	54	235
-87	-92	-331	638	-80	87
-487	-143	8	619	-96	-407
154	-314	-619	-152	458	-603
-393	329	394	460	605	107
-36	-653	-357	513	647	16
635	546	-457	332	-368	-573
33	400	661	34	440	-555
-543	-411	234	-516	374	-399
-341	233	-526	-305	-561	303
-327	541	593	-653	-527	210
-412	-190	-235	-482	-487	526
99	13	610	524	364	-408
532	151	295	644	111	12
-639	-635	-528	246	-373	227
-446	-477	-264	-78	-221	-169
-417	-452	-31	158	173	587
639	228	177	560	495	414
92	643	-141	-135	341	154
615	-470	457	238	-350	622
207	-57	289	-555	-496	581
-358	208	260	579	600	-497
-201	333	-599	-644	58	449
72	-469	198	-541	-30	-507
640	194	-187	-173	-517	517
543	-521	-511	2	119	-365
181	-135	218	221	166	448
426	8	281	491	191	68
-456	481	-659	574	179	360
287	-10	552	239	-538	-591
-549	-87	-61	161	-468	-429
-577	-395	-239	306	-165	-227
-23	341	437	-310	543	-258
-131	14	429	405	-511	-351
-22	-396	-325	591	552	-642
-609	35	11	-348	-490	-258
-335	-156	488	331	-91	-487
-658	266	-596	439	335	278
-503	-457	-422	637	-525	401
-238	-81	-418	317	-105	-507
513	36	91	-118	-521	-64
-58	-12	-368	487	523	531
657	541	652	-389	184	199
-616	-195	-402	-134	580	241
571	538	-294	297	504	181
220	-455	-572	236	-25	-201
153	-334	-512	-498	-189	31
88	-238	504	566	-505	-609
182	423	-21	425	-430	53
-228	82	-35	259	-643	379
115	-109	509	-66	-506	-287
-443	-44	105	-294	-643	-276
-633	337	-52	151	-659	152
277	-463	210	243	-550	-666
-627	-307	507	-22	353	548
216	-214	-450	-304	1	-460
-127	-638	-630	-252	553	537
574	232	352	377	282	138
533	-174	297	-455	603	319
468	-8	571	479	-112	-575
339	-225	99	559	-234	404
-164	-363	-631	272	58	-424
-348	-538	-637	-491	-543	-283
-159	-378	-178	-496	13	-121
-571	-38	-348	349	306	-115
177	590	-116	140	477	-471
-369	-534	-511	605	-460	646
632	29	24	-665	169	441
376	-642	-415	350	180	444
-449	-114	355	-336	-518	-637
-228	369	-546	-472	-71	-559
469	105	-653	-396	472	-222
-456	95	-508	-5	-302	85
-452	355	548	-116	476	422
-431	613	-643	466	654	-549
469	-206	-18	10	-658	-462
-461	253	431	-314	-127	582
135	-574	533	-253	-342	163
-219	96	364	424	-53	273
654	528	84	341	169	-546
252	341	545	-315	369	-541
102	468	562	635	-189	-122
292	-563	32	439	-347	369
-408	501	-83	116	435	-307
511	521	590	-158	510	-444
664	211	531	-566	-90	607
158	57	-562	-124	-497	61
-368	1	-448	68	446	121
-472	431	-234	49	-125	533
664	-367	-504	523	333	-491
516	-314	486	319	-33	428
-124	-196	422	3	-53	-459
-247	480	155	470	-29	-243
493	579	-63	485	-243	-165
320	589	384	-344	-529	-163
-230	-402	93	568	98	-581
358	-624	285	496	455	-381
192	580	-254	-218	54	-504
-78	607	279	-407	278	-546
128	-627	-10	-553	9	-221
47	366	416	-83	454	12
-258	-322	-458	-199	41	-603
-383	-631	178	-589	-17	-358
-562	-148	-278	-214	-373	-14
290	-488	-549	-296	-223	-24
123	-62	-306	-529	227	558
243	-3	-337	-588	-662	-23
-327	429	-424	29	392	657
-436	230	-209	-665	-508	167
-125	-177	-241	552	568	215
-287	219	636	186	-234	636
-205	-432	-186	-231	147	-576
-131	-151	231	567	-160	-544
626	602	-294	-22	479	655
-363	66	195	82	40	416
-410	447	-65	-72	-244	-7
450	-338	326	-201	-149	150
-551	425	-427	71	438	-226
-10	24	426	379	597	116
368	173	-324	95	-112	-278
174	-557	610	-304	-88	-371
349	-372	246	-543	-64	334
-88	-580	46	101	-95	51
-29	-521	-8	127	-216	453
446	618	-172	280	-322	-521
633	-431	-358	-100	425	-427
-2	-16	-314	85	173	79
244	401	-653	-330	291	-648
-291	634	-43	-274	30	-208
457	535	-625	479	-501	-365
-540	566	-480	126	-466	-551
-503	601	-108	533	-292	355
32	-658	600	-506	237	-469
149	-6	-120	-599	434	-225
144	611	-359	253	205	640
620	581	-137	-290	-378	19
196	-397	131	-509	425	-476
-632	-635	63	-262	-638	-106
214	548	331	566	-568	177
137	5	656	-77	269	-39
-231	-451	-500	-656	663	-51
-29	-439	-172	647	416	-439
-243	-444	52	219	-325	239
347	-294	-628	342	484	300
-543	-35	134	130	-270	-514
-426	-273	115	320	-566	580
-553	376	-230	-12	-356	-499
-216	-606	525	-37	456	-450
447	445	-464	-156	611	-509
-608	-111	-193	-150	32	321
639	-142	-63	370	-121	501
628	341	140	237	-180	650
520	-266	-140	304	390	-354
-102	547	173	160	-362	240
-111	-411	53	-285	363	528
-59	172	-246	-294	504	163
305	-2	557	-304	-615	652
15	468	-9	646	-426	-320
-181	595	-647	558	-289	-216
48	-233	279	-231	575	-109
13	-71	-324	191	480	-264
-14	-532	578	-215	-457	226
324	593	-397	-646	429	-423
-152	120	352	659	273	219
-186	233	161	-436	-83	108
-317	539	51	205	-151	-382
-487	318	347	-13	147	186
-336	421	31	108	467	-489
633	-406	-23	109	-100	156
-368	630	359	-32	-538	328
-26	548	62	416	242	-385
-73	-526	-168	-655	-19	-115
563	-228	447	414	-472	230
282	357	101	-197	12	-38
-498	399	194	-84	-41	-623
-43	-40	482	546	340	-392
421	78	-536	-626	201	204
-545	575	272	-507	203	-25
249	119	582	-175	266	-171
55	-415	585	-518	-570	-212
-370	-479	237	33	-198	335
638	652	385	-444	477	610
295	-644	443	294	-561	100
119	-440	229	506	640	-38
233	-41	-341	604	-198	624
473	151	-205	-650	256	-2
94	-476	-440	191	343	-459
88	600	-273	364	285	-273
120	18	410	-15	553	-440
-285	-59	-49	248	-47	-301
-355	-427	30	-32	243	-87
470	133	-397	-191	432	497
-209	-169	-180	-20	-449	500
125	218	-649	666	516	596
10	224	-18	-121	194	297
197	321	-161	-590	662	341
21	-430	-434	664	-207	-620
-490	265	340	206	-369	518
308	136	128	415	-417	656
-45	-357	137	-28	276	76
664	-206	-332	-145	-359	321
-602	119	-384	-334	-614	561
521	480	319	-592	552	570
150	-508	205	-194	-261	611
-215	485	521	-454	479	2
-554	356	176	-196	132	183
-148	-612	43	649	-327	170
447	67	624	-88	212	561
70	142	471	-288	390	268
331	426	181	255	-436	-94
-468	303	357	582	-574	-316
-131	156	-196	660	600	449
135	577	404	-584	-61	-115
-254	-166	-612	-345	-131	656
52	205	239	579	468	523
-167	-398	-665	149	90	-225
358	-589	160	-519	-50	0
-428	275	-439	429	-443	-119
-566	270	-15	29	-430	-644
246	204	148	35	536	381
322	-627	-154	-653	271	-623
-340	-617	-235	-244	187	-539
492	105	53	-352	190	511
-657	632	422	487	-133	-262
-515	589	-115	191	213	20
-504	235	112	-37	-153	613
308	295	40	-348	51	379
-45	64	-617	-44	-152	270
-467	-57	339	-637	238	-517
-51	-33	-189	-356	319	520
484	-133	207	-630	270	-614
608	378	501	503	548	-449
473	293	-8	-142	601	138
335	322	-91	-209	539	-154
34	409	325	-314	-651	-579
237	234	33	252	-349	-656
-26	-376	266	208	603	-104
-470	625	-197	114	-538	257
-343	134	77	113	615	-200
628	489	-285	138	-577	39
-425	-70	246	-334	120	646
332	411	-164	-483	156	-582
630	360	-253	-380	296	-412
588	-356	392	27	612	573
-638	56	-92	337	533	-584
-406	-330	337	583	-339	-332
590	-154	119	91	-545	-214
-21	590	171	555	-249	275
-193	666	-178	-201	-451	602
154	342	243	178	113	594
-621	164	-344	-30	-168	-299
480	-156	629	557	2	18
-249	-314	-545	562	138	-454
379	442	584	511	214	-343
361	-51	-429	26	557	-548
-518	363	362	348	-96	418
-417	430	-446	380	412	-228
-468	116	-83	488	108	-188
247	561	466	-116	146	-47
79	75	260	129	-407	-403
-304	-459	383	28	263	-652
-630	-321	-331	377	360	219
337	470	524	-655	233	-339
571	-140	490	422	605	193
462	548	578	-113	-470	271
-7	-18	480	-513	-336	145
-38	-162	-395	-218	207	-388
-278	513	300	-85	-55	-46
535	-23	244	-241	-118	-525
656	97	-386	-622	427	137
-381	-385	125	-365	369	-93
399	-193	-420	65	-363	636
-657	-124	-441	392	512	68
-38	601	434	160	-301	342
313	166	109	-314	-45	-104
-632	60	183	176	236	-17
-32	616	48	578	591	60
237	-103	-85	132	468	35
7	97	-5	-605	60	-179
405	455	-264	-383	2	343
-36	357	132	24	-511	-601
-2	-153	382	-390	-631	-330
396	648	577	664	-148	460
443	-16	664	-662	-177	-38
-345	156	262	106	335	560
442	626	-237	-276	301	-218
-505	68	392	-379	261	-173
176	-525	156	626	-210	138
114	-664	129	128	-287	-72
-350	178	260	604	141	-585
-293	-421	629	602	447	314
246	-67	-410	512	149	184
-430	-636	-624	-48	-314	-390
353	549	-89	16	-440	651
259	-508	-220	-126	-382	-57
395	103	570	629	-336	-344
119	-148	-128	-319	601	-63
-489	-282	-89	477	-503	-348
282	-516	66	274	557	625
42	608	526	442	178	491
-406	541	52	-66	-652	-570
-162	-177	560	-537	-159	382
230	-366	-205	545	-611	-248
-268	-559	458	-146	477	-307
-237	-473	-205	58	-372	-402
318	-186	-527	-28	-534	305
579	568	189	568	-484	102
-12	-552	344	596	-490	106
-45	385	271	-552	-662	4
-365	-186	155	-162	-110	278
-308	154	100	-274	373	-220
-170	-102	-407	-290	626	314
-491	335	-285	83	329	-76
499	158	-582	-298	646	546
487	590	258	212	-581	-225
180	-433	-557	-248	369	148
-176	94	376	635	-277	359
198	-40	-264	-460	197	597
206	-608	-334	-314	608	279
-421	-152	29	294	-391	218
534	540	-325	451	497	-536
428	-274	476	-651	-120	-344
-316	191	58	-146	152	249
285	204	469	-554	519	238
-589	357	517	-445	311	-442
-544	-349	197	301	-524	387
91	377	14	428	266	383
-217	60	51	191	192	-145
133	-622	405	-581	63	-432
-242	506	-227	-419	120	454
-482	110	-104	-212	-643	439
231	575	282	-43	-584	76
283	486	144	396	-349	-369
-478	256	184	-490	284	107
129	-379	-283	525	-137	387
-78	131	479	-518	-3	-275
-144	202	-96	-288	-190	-410
-512	-191	535	-626	479	547
-7	302	-136	-647	469	-370
202	-215	34	-74	-644	48
359	37	-541	642	245	-33
-488	-541	152	526	-299	643
-654	162	-404	466	-390	408
-132	-33	-43	451	-302	50
-649	483	-520	-361	177	-117
-603	-557	-53	-441	-24	528
-155	-325	11	-589	236	-471
588	-460	-541	332	335	367
-268	-590	-137	107	-619	303
-650	-466	221	643	-526	-504
47	-129	83	-119	-309	-657
-427	-17	660	-200	362	542
-280	-347	567	119	-242	-269
-205	-485	591	54	458	251
87	-41	174	261	121	196
-102	5	24	-193	-592	-139
318	-18	-549	-522	44	138
-351	-289	-302	-663	-454	112
370	355	-81	542	-626	-84
78	2	29	-54	13	483
-451	340	-43	-37	565	-99
652	154	33	550	194	-400
-539	72	-202	483	-602	428
-261	-657	-549	186	169	190
650	-486	532	413	139	-332
-320	-349	-238	315	-404	209
-508	-166	207	116	-2	-142
-97	597	145	58	-394	-380
-637	-160	-242	2	-531	-457
-15	406	377	-423	340	83
-615	398	187	455	-604	159
-249	362	-293	-637	-113	-482
266	303	-178	-583	437	15
-117	-5	-634	-417	-492	-142
-184	-457	25	566	54	175
-208	64	-253	-58	116	-502
240	-184	-322	133	194	-259
46	405	-400	615	414	-447
-623	8	5	556	184	-147
-15	-147	-181	595	518	-314
-530	521	-620	-45	-316	-381
143	-443	70	551	-163	-81
-340	-281	-286	-358	-548	-44
153	-309	-410	-397	537	371
-173	-58	-115	-254	-46	647
-276	-523	-79	202	-94	246
-510	-488	-624	-404	-519	313
585	344	-519	-559	-494	478
534	-151	252	-381	-583	230
-8	-83	399	447	96	90
-595	-164	449	616	-2	-581
-486	479	-572	114	-478	185
-413	351	-76	111	298	311
-131	309	-290	17	-207	399
-425	-201	572	-487	-66	-106
433	94	-162	251	-294	-364
-121	-481	-80	-503	302	-138
504	-512	32	-399	-615	545
475	-273	21	-118	-441	182
315	515	-447	-386	-260	-131
-95	482	39	377	-347	655
-244	-548	-333	-660	146	79
-192	-7	-332	-253	-11	-91
358	-637	8	513	227	644
195	651	59	375	581	-445
355	402	275	-255	-604	665
-293	-75	-223	-126	583	-370
56	428	-56	134	165	302
-558	-272	-596	-40	269	-238
-101	571	-540	-503	108	56
-311	654	444	92	345	305
-148	-259	-258	358	-462	-641
-508	66	-664	-322	-37	-2
563	-537	8	78	-353	436
650	648	-169	-413	53	-49
592	177	563	348	-38	-286
-69	505	-9	-146	27	649
469	456	-333	61	-536	636
318	-585	-446	349	-93	-57
-244	564	-614	651	-440	-532
334	318	-663	-506	288	310
260	254	-27	-290	201	-169
-590	518	-311	-606	-594	-84
-269	-421	-235	573	124	-137
-558	219	484	307	-315	83
133	90	248	-463	44	457
-376	586	176	420	525	-570
256	-658	-303	-32	327	-302
-26	-55	192	-224	-633	-56
527	-174	-586	173	-77	79
-433	-348	640	29	383	-640
178	-587	-565	-623	-414	428
79	488	-336	84	386	-561
82	-357	423	-186	652	230
-571	382	338	-603	202	-561
-572	-431	-183	597	-367	-406
203	-252	427	-80	482	-289
293	277	-451	-45	-64	642
-582	448	-408	126	254	-110
227	245	196	343	-219	-93
-553	-318	-385	-367	-595	-41
-611	-324	-242	-518	-375	450
460	653	613	479	-162	-2
343	403	200	27	379	-287
-614	279	-310	-432	-115	-241
-98	-132	426	-102	223	607
-459	-459	303	635	254	-259
-615	459	-30	-658	-320	-362
-559	87	51	-271	210	-332
-183	-328	-42	-197	-197	407
545	205	-452	66	236	608
78	622	-25	-53	-528	-398
-234	-372	-19	-569	-507	-335
440	-320	-550	152	-527	493
575	568	303	125	-192	106
432	-37	-343	93	-600	-476
84	-470	-541	125	277	264
203	515	-138	125	-166	221
-238	-406	-589	-433	427	517
390	70	-254	388	433	121
592	46	-327	-572	593	201
163	182	23	465	-367	430
169	-70	-175	-86	-129	-424
-32	558	-447	141	121	357
345	312	401	162	100	17
463	-655	-411	-387	511	-400
-55	356	523	287	256	546
-253	-276	-392	-662	-143	-636
428	-138	-502	-217	-356	325
-245	666	562	-96	2	-23
-593	-444	537	-90	-427	444
-656	-531	-443	-300	-225	-640
562	266	-524	-373	309	424
83	11	150	-558	-267	126
665	110	591	-192	-335	37
202	535	-308	575	623	-31
-475	-264	-387	258	-312	595
-62	486	-171	-561	448	-666
25	58	223	-138	184	18
-87	-5	-346	-30	430	-522
357	-232	-140	248	224	-198
213	-272	-464	638	641	-224
465	657	328	558	-656	-27
-460	110	-329	240	196	-542
146	-558	-620	243	-567	-448
105	-250	465	-107	-440	-494
445	86	542	381	265	-263
-75	-109	-9	353	-386	664
89	586	551	-407	208	-181
23	115	345	583	-652	3
510	343	-177	-255	153	-488
-518	317	-156	-204	-301	-523
226	-245	386	47	501	-133
191	396	-384	-20	442	597
-630	578	-510	-170	97	-456
-126	141	77	-377	31	581
-419	302	261	-286	401	358
630	55	-640	-320	-465	-459
89	-282	159	587	-432	299
-623	-624	-403	-483	367	-72
603	-22	613	-476	-542	48
-658	-536	117	39	-578	-361
485	574	473	583	322	-520
344	-510	504	30	6	-580
313	277	-533	537	-380	509
144	-288	341	356	575	231
-567	581	-307	-595	469	547
-443	-531	83	-449	376	-228
-349	-177	193	-396	-226	-122
-584	-326	497	360	86	512
197	68	619	210	243	622
350	-442	-515	-313	157	-13
582	-63	-75	-495	447	-463
-441	-239	-53	-27	-42	41
-578	-278	-110	522	-260	-657
-487	300	307	-659	9	645
621	-307	-168	47	-249	317
-664	-633	-100	-479	633	-643
-164	316	575	-1	-304	-210
346	-660	-338	296	-235	-516
-528	159	-382	359	-506	51
-543	434	290	-50	-486	-327
-298	-633	-71	-163	307	560
-253	157	96	-434	108	-89
431	-635	522	400	-558	-88
380	394	174	-238	-147	663
-369	-592	157	-221	477	-196
289	-69	-481	-455	-610	-581
-570	535	257	225	123	115
-500	99	-16	-204	-478	-432
167	232	-118	-419	-110	-274
65	317	-107	-461	665	179
-390	-358	-587	62	272	-464
432	-540	617	312	286	159
-260	-337	110	-596	-207	-120
662	131	-551	130	34	-572
654	-321	325	-485	-151	324
587	-420	-276	-640	343	571
-478	501	-279	46	523	-408
295	300	245	-216	-464	-628
356	348	-586	-455	625	400
336	-493	-504	-91	52	279
-136	239	224	43	250	-83
-300	430	229	-275	415	-485
135	560	-473	-581	-9	-588
346	595	-225	303	-234	651
184	-618	-147	-211	649	-201
-28	98	-5	-324	-3	215
389	379	-590	-338	-83	387
-73	-400	125	-168	-491	-173
-126	46	-656	-470	-543	-347
320	-303	-162	-662	-560	215
-613	-138	203	39	-41	270
488	22	340	427	470	529
159	441	324	-347	229	35
212	254	210	328	-285	-521
447	163	-518	-294	526	598
626	-628	220	-592	-565	-94
202	57	604	41	547	644
-533	132	-205	-298	139	-51
-514	376	347	-95	-439	492
590	-25	19	437	-353	118
-437	-238	188	263	-180	-578
-547	-435	333	-171	408	-297
-250	577	80	131	-176	109
650	607	288	-406	-205	173
525	-633	-249	32	281	-79
506	288	-167	627	-137	414
-206	-26	-125	521	72	-580
-46	-625	-603	85	-18	359
-634	-599	587	632	647	128
-148	-155	565	486	274	155
-213	-134	426	-300	-155	-379
26	-452	645	-460	494	-150
618	-345	-85	487	-268	368
195	204	185	352	-223	-411
575	-218	-287	663	237	-599
-170	-112	116	-85	-100	-447
482	-259	-564	336	-113	74
-134	410	289	403	-268	-470
-111	447	326	663	-521	654
-358	-429	-624	337	325	412
-165	-358	415	85	-121	-91
342	-183	-666	294	313	-35
29	157	247	-461	-72	145
-463	-651	-60	529	69	-412
-664	576	615	22	320	391
448	-351	82	-658	-276	330
502	126	-612	64	544	386
370	48	-4	-25	-196	35
317	56	-382	-601	-636	601
369	-220	-19	-350	664	-27
658	-574	616	-93	490	232
572	385	-330	663	192	-197
519	-272	-650	-425	-99	-162
-495	-57	-27	358	-31	-530
-505	-249	417	9	-316	435
-558	317	-600	-434	475	-514
298	-170	66	-77	375	455
-364	-73	28	439	67	-461
-36	-521	273	86	-259	-398
297	-516	469	624	-532	414
-243	35	647	599	-605	343
664	-134	-385	395	411	20
-220	427	331	582	-13	421
-59	552	-137	-238	411	-305
-194	587	654	-587	418	-318
-124	346	71	275	465	551
-552	100	-301	-79	648	410
-259	-195	-474	413	131	365
-363	-193	-144	-409	417	-212
-658	626	56	560	415	185
-464	570	513	-427	73	-296
-312	-558	493	-665	474	-170
252	-176	457	19	-645	387
14	-400	-450	-264	105	17
-43	-626	-287	-390	-210	467
-617	-586	628	406	-232	-652
-578	-282	193	-216	147	306
-211	-134	-430	615	-107	-381
428	-540	491	-578	421	446
210	-638	-559	108	-582	276
277	579	-242	196	254	-565
-369	238	-159	-49	470	-387
534	-641	-662	469	153	-650
-417	171	321	596	-663	-575
416	-663	486	83	465	-96
-52	242	-223	600	112	-369
-636	122	297	-112	127	42
-190	-213	-130	-48	444	337
-343	546	-569	-633	335	-566
-433	564	-132	-650	447	242
101	523	-20	518	-475	113
-319	-428	-666	-658	-453	500
-455	-26	-55	80	-223	-153
476	-95	-212	-315	100	-436
77	354	490	97	416	-455
15	461	-368	655	-343	361
-349	566	382	-419	545	-175
-340	-488	-503	555	469	138
434	-311	-616	-162	398	77
524	-161	264	-35	651	139
-479	-476	447	206	95	-145
-47	-173	-531	506	622	120
-192	-218	298	-384	-149	237
-118	118	-274	484	-550	-466
-643	374	249	-330	666	-498
506	-411	76	616	389	492
-351	489	-514	300	-398	-474
541	-7	-549	479	419	423
-228	145	-446	84	554	-206
-74	61	-192	256	-314	190
164	-12	407	464	-548	-137
-478	-619	208	-559	365	134
45	464	285	238	551	-329
-334	-347	175	351	-654	642
387	442	-277	347	458	-174
-482	262	-336	444	185	-191
-430	444	-487	-491	-11	616
-441	131	256	-236	-618	633
55	-441	-498	-253	-571	-312
-187	-588	38	-117	-250	390
-354	-260	636	456	506	184
261	218	664	-259	558	247
-32	-163	-510	264	101	-322
188	157	-102	-191	423	338
-105	-151	545	373	-34	266
-146	445	-459	-115	-432	442
653	-342	59	262	26	-656
639	5	-614	-331	-394	185
-203	-324	-209	350	210	-629
-84	175	-319	-202	-102	-134
469	303	-289	-577	-127	267
132	-570	-365	274	-640	-360
-240	181	-144	-498	-164	-623
421	533	-65	-91	-40	-441
61	398	185	473	294	537
-240	442	49	-150	-131	169
-544	-499	93	-311	349	418
-15	-36	412	-141	-546	-62
51	652	-188	-639	-271	183
478	410	146	411	-54	537
299	490	316	134	-264	104
614	-408	585	497	277	89
121	663	-12	-656	305	-5
-581	-493	-382	-602	-428	172
114	-60	-419	-559	550	388
-536	-493	653	483	459	437
-95	-51	67	-223	302	-448
-33	-559	-347	-131	-167	-163
-358	-194	-553	31	-47	-557
594	-562	21	-652	-665	506
-605	342	20	-40	-539	131
475	609	-601	-82	485	337
-148	-231	-494	-161	-267	314
264	535	58	142	-524	-420
-279	-555	-643	-632	203	-308
477	495	-604	-239	344	500
89	-429	267	336	-152	-333
141	-196	-655	378	138	57
47	-561	-288	490	-179	449
-476	-588	218	-574	501	-144
662	-96	159	-1	-587	-350
298	626	-132	-382	-525	-395
-343	-450	-581	151	-86	652
-220	-98	-70	-432	561	493
-53	-441	-555	541	-133	-103
-577	62	553	-546	617	587
-144	139	-56	-638	276	-369
-483	221	-629	334	-54	-265
143	-39	-294	349	110	304
-377	60	241	157	294	629
457	-456	494	347	-258	-148
-42	-329	40	-227	136	-410
498	496	-653	301	-104	-384
-608	-635	-540	195	-519	-487
106	-326	-301	514	-636	-261
-385	-87	407	-513	-113	-471
-577	-113	530	-169	-434	-58
118	-191	-584	-509	-60	651
568	626	537	-285	334	432
169	633	-160	-68	-241	-64
3	-595	-553	-468	-547	316
36	-219	23	-216	154	-383
573	-169	-479	-287	408	-316
586	-594	426	-231	-117	335
-474	-233	-209	234	322	649
418	131	-593	-73	-607	92
-403	190	368	646	138	391
391	-623	-472	-186	-512	444
-362	444	-450	-118	574	-614
-210	491	-120	-611	157	173
531	-154	-513	-464	50	-441
-47	53	17	596	409	119
201	19	-71	377	-327	-156
-12	107	-311	-416	-516	-348
444	145	-263	-70	145	-213
104	141	305	113	-556	-253
580	159	-613	-563	183	-301
-65	240	653	-57	-470	-390
-407	-64	199	351	466	601
128	-242	-545	559	-324	-164
72	270	543	-642	-169	399
518	-273	-107	-522	527	521
-253	105	191	-593	-605	-646
631	47	315	-292	463	-126
-218	128	624	11	392	606
343	-541	-73	157	222	-286
-186	126	598	250	-157	371
356	-6	-476	246	648	-508
-130	-523	-517	-578	-567	664
385	89	560	-228	362	597
-128	-297	-443	-313	-495	243
534	-506	-359	-122	-59	-445
-78	-45	-443	439	-68	375
177	414	-358	252	-319	-657
581	291	-230	-574	-517	-280
154	272	-621	64	-630	-185
-333	36	136	-237	435	663
-210	202	-521	-245	-550	489
-49	-272	638	-614	-437	271
-394	475	-503	236	-382	131
-457	412	20	-378	-135	392
130	567	-29	157	-387	-394
-631	-494	322	478	299	-288
481	184	-291	315	-543	221
261	110	593	-601	294	-418
-371	250	432	-661	-515	99
142	341	-67	429	-379	84
-497	-189	-500	47	403	-563
-545	-612	185	-338	-395	-116
-183	259	240	386	-19	-14
189	79	496	512	-434	-207
514	-533	438	29	524	137
444	-647	565	-165	650	-633
308	570	62	419	-351	374
-161	-657	549	-279	405	-8
406	356	-194	360	82	-272
282	-23	-516	135	-308	520
-434	-604	-78	-456	-205	262
-227	-622	-634	-317	301	-14
-446	338	-653	529	485	-50
19	330	442	370	228	84
214	481	317	26	-10	-102
45	-290	127	-457	-371	327
279	577	-152	-155	468	42
-9	143	170	-532	-235	452
-151	552	401	169	-386	-550
-506	-464	348	4	-523	523
-480	-657	-373	-615	-612	660
3	486	-38	-498	91	-406
218	519	131	285	15	-58
163	536	180	618	-282	-519
-108	460	289	-119	472	-539
-204	-474	104	575	525	528
-49	-162	174	427	-201	523
96	47	-438	-21	-117	-523
6	-101	-526	144	-191	-150
404	67	-273	529	202	289
-308	-150	530	-562	641	-269
-380	-505	-350	-128	77	-457
-554	-516	62	57	563	288
-264	227	352	-497	-556	268
-473	244	-197	38	-42	484
314	189	-80	-304	261	-163
-365	-102	-578	360	-501	-221
136	-657	29	-167	92	654
478	-67	-444	-37	585	507
435	134	536	513	138	439
-230	-356	-479	-513	-12	-103
310	-313	-176	257	-47	484
-631	266	469	-112	302	301
-228	-310	-63	-630	-497	582
-78	218	-13	-550	340	37
158	155	-581	485	377	-619
-101	-121	541	240	-174	-73
-412	-165	-148	-549	-428	553
-582	72	360	-227	-666	576
500	-28	-195	-636	104	52
-429	-284	-543	41	-491	161
555	617	322	-132	-292	143
-666	574	584	576	8	258
-330	-334	-606	-506	-31	-128
60	-42	233	390	-382	-63
-593	-82	-599	-461	-56	478
0	-647	-16	-522	-512	637
443	-235	-181	580	365	-301
468	-19	-527	-666	453	516
-42	378	214	420	581	-558
585	262	224	338	-354	-240
70	131	-181	-434	25	-91
512	642	370	-614	617	-372
241	-511	-493	-550	434	-167
-515	-637	102	-191	-555	467
-77	-187	441	-486	541	482
475	-568	-273	195	-227	469
120	52	250	543	652	-311
35	-61	35	462	222	-385
629	283	-67	-343	-50	248
-466	-98	-141	447	-67	603
338	33	12	166	-367	-154
-108	537	315	-354	79	46
-380	-152	111	124	47	31
-563	147	-268	655	-343	-238
-293	451	501	-24	515	-232
393	117	99	-228	263	441
275	159	-417	289	101	-180
2	419	648	-73	-155	455
-537	512	471	-296	-479	284
550	421	-331	269	395	-503
338	448	399	593	269	399
295	-1	466	489	193	-266
619	79	-477	649	391	661
-547	-273	171	602	-260	108
495	485	442	421	-354	459
545	-458	184	644	336	55
90	360	308	475	553	-410
-165	-371	-325	-136	345	-639
9	90	-463	-340	-643	-655
-201	187	-602	419	-131	-665
-589	-591	-162	521	-351	-369
597	-274	-559	522	79	197
329	11	-223	361	517	-430
-595	-40	-283	224	-251	204
213	-538	-355	80	383	564
-600	-263	77	-335	-244	283
353	-631	-310	-598	-163	371
21	-494	184	638	-112	-187
-43	264	-524	-520	-86	18
127	656	-333	389	246	239
17	-181	349	133	-547	-173
-625	613	27	492	-89	195
373	296	655	592	-250	89
455	-79	-272	-523	-160	565
-83	-427	506	-468	191	-256
157	376	-38	-481	570	-645
-631	628	-631	287	-402	-152
544	616	371	-517	-488	-425
-271	245	-312	-457	0	606
341	281	-173	9	-316	509
-660	-76	554	-366	-196	318
260	-410	653	-161	-180	609
-5	255	-290	-359	-15	-42
-97	70	-427	-450	197	604
-19	-240	117	-444	-568	440
261	-47	-541	189	481	-203
-553	-210	194	298	-498	-137
-279	321	319	366	19	-367
648	297	308	-106	184	260
578	-546	-134	290	-403	159
-618	273	364	356	-297	93
-418	175	595	-278	-544	45
-144	213	-635	662	460	-572
-619	54	-307	-132	186	-255
279	178	-462	-644	84	631
618	-567	556	-222	-141	383
-209	-450	-91	414	-277	-166
582	-571	234	612	196	-643
-299	198	450	510	285	224
640	-111	-570	-308	-102	82
283	81	4	517	-638	-289
-567	-566	533	159	158	-215
-287	-27	-338	-178	-40	-270
-332	-522	457	74	44	-105
58	355	622	-39	433	127
126	-52	-517	171	-498	237
188	123	233	-152	512	-662
-366	-237	-428	606	-636	-25
-58	413	-296	314	582	436
-510	-606	-240	-411	342	-456
390	46	372	635	-465	586
576	-270	182	647	33	-60
-488	-16	-12	-97	422	23
582	-485	627	-522	157	-93
575	-332	508	-457	-291	246
28	119	461	515	20	-277
-646	184	25	108	339	657
592	-471	606	36	184	412
-267	539	-413	596	207	-510
358	-17	206	126	395	468
388	495	270	-477	299	-35
98	-409	269	-512	-649	-47
-554	145	-399	157	117	67
213	-649	22	-576	-16	316
342	107	212	352	525	-206
563	-354	654	-177	-228	618
78	131	-555	423	-240	6
588	541	-219	-448	584	73
333	20	138	-93	32	379
-238	-317	458	245	-581	-169
-286	617	252	-296	-397	499
604	217	272	-205	558	237
355	-618	-116	530	349	-165
-363	-11	31	414	117	10
177	-586	117	289	-408	-87
-239	-122	606	-176	-544	255
77	515	46	314	136	-17
171	-601	-150	-208	214	588
265	177	-633	-404	438	-641
-549	-163	-626	473	230	152
-211	-546	-268	313	611	-40
586	-466	-245	455	394	-243
617	307	-231	233	551	-300
16	-439	416	289	94	-619
358	38	-448	-177	-285	601
-111	-59	124	299	89	284
222	566	77	-550	-559	-316
-374	492	-546	565	-434	271
273	-542	-159	-15	-5	273
-555	411	-171	398	-517	-115
-71	-343	-199	358	-156	-496
-65	-596	-357	245	516	-358
-337	-358	-204	-591	144	39
-465	-339	260	80	-452	-616
63	357	37	254	-98	524
173	71	212	-457	652	227
-184	-227	208	-622	521	421
-112	-89	200	-10	-265	605
-559	271	515	307	-629	503
348	-437	-236	499	-269	-176
-508	356	-464	491	417	-469
105	181	327	-125	390	450
-565	555	-320	-20	-321	-146
208	80	-609	-275	-271	569
-184	113	477	596	479	-100
-326	-73	664	-80	479	194
381	-419	-369	-271	-627	628
-277	-381	348	-242	621	83
53	-364	-223	-425	-622	-217
170	-55	-516	52	-333	-33
356	501	-473	-263	476	163
-176	-390	-582	-661	163	-139
340	294	203	570	-216	270
-155	230	389	-275	-580	-141
-226	-405	191	-604	372	572
625	-17	-447	185	-193	57
485	449	96	-213	-287	446
-101	320	98	378	15	427
-542	-7	310	-569	-596	315
367	-25	-118	-308	352	199
-608	657	481	-432	-660	535
-532	373	15	453	153	-657
-243	49	-458	-423	-319	29
580	539	394	-297	-244	-281
289	234	-88	322	187	-273
138	488	192	140	-460	491
612	-126	464	660	-174	96
-286	387	-517	-630	-590	198
-244	265	494	136	547	27
243	197	533	135	-402	-476
-90	-145	153	-557	264	-585
541	35	-652	-64	593	-564
292	543	9	23	-445	107
-37	-300	-497	-68	376	-392
267	-635	510	-530	-362	-514
484	-163	258	-266	-265	-466
547	580	-569	-103	-400	239
-227	-177	-663	-397	-645	-341
21	443	409	-477	194	146
-568	88	446	197	406	446
607	-649	284	-416	-322	528
312	-163	335	-437	475	290
-342	-177	-1	222	369	-434
49	2	-193	-316	530	-533
176	-192	-200	171	-193	229
-331	208	-309	-544	-342	511
247	657	161	612	104	74
619	-452	-245	329	299	617
592	-191	-452	195	260	590
150	125	-347	84	-439	247
-357	-474	-159	159	175	-39
-591	-546	-160	-187	312	-485
9	344	-337	203	-258	493
619	-499	498	-285	-554	523
241	0	-289	-573	-198	-504
-109	421	106	319	486	27
-7	525	-287	-559	-353	354
-474	-452	-579	-652	198	-480
-461	358	-341	-509	370	-612
230	-416	4	-545	629	165
-658	-215	428	499	-59	233
310	626	111	33	586	248
-464	186	-99	-130	335	-421
544	-576	-87	318	-306	-279
133	-197	568	58	-205	-293
660	123	-43	-248	22	-6
311	-347	477	622	251	560
-298	383	-308	615	486	635
344	259	-367	-207	405	306
557	-355	497	-277	637	-346
424	522	611	240	261	87
-243	420	12	-588	152	-358
359	31	-228	468	-233	569
-318	-391	-191	613	-471	-457
196	-313	126	-535	452	-401
-120	-98	169	-644	444	-426
-318	-197	-152	651	-83	-297
653	-537	-69	-599	-633	86
99	405	457	-308	-578	-32
389	-403	174	314	74	568
586	-558	448	-472	542	-154
428	351	284	-598	-164	644
-606	-415	-471	-307	143	-433
335	235	-266	110	309	119
340	-89	36	-107	463	-284
-186	-640	-316	-323	-427	-375
-603	-343	-127	-523	341	113
283	261	419	-79	560	-412
202	-631	-375	393	665	110
-284	-230	496	-204	72	-232
55	277	-241	-217	-125	-122
425	-80	29	-304	-495	-203
537	525	246	-85	-488	-82
-409	-324	-430	539	-37	-61
-125	-405	-133	165	49	160
15	-328	-567	205	-401	188
37	-73	574	-363	339	-305
306	-258	422	-256	233	515
568	318	-148	68	-439	190
-40	277	404	552	561	-652
-400	345	-54	-372	436	-632
-636	302	-516	432	-404	381
-419	396	345	-519	-147	-393
-79	-75	-262	-26	403	631
97	-97	250	-460	272	-145
-24	296	-546	-251	-95	38
-465	-351	537	154	146	-13
-164	252	486	175	631	-310
-246	-26	-32	-601	-639	-510
135	-361	192	324	73	-560
235	311	-190	179	566	392
-249	-636	1	546	547	-75
-232	-452	-368	-252	521	35
618	-548	-409	244	242	-217
310	-51	48	15	264	459
-642	-210	185	275	-621	577
101	596	-640	-618	-151	630
553	-552	-169	291	202	-638
-391	300	120	176	-265	-15
330	637	149	-97	-40	224
378	-352	-381	-386	132	-201
491	565	-624	359	14	24
258	-39	-328	-219	-371	-144
-135	407	-183	365	42	316
-625	-573	409	103	163	132
-292	-661	1	138	258	-419
661	-656	-159	452	-435	-376
618	259	206	178	594	-174
-186	165	257	-631	89	-318
-248	239	-560	-625	-122	411
124	65	231	140	370	292
-589	-448	-343	469	49	338
-528	579	19	-237	-286	-482
-29	-35	230	-165	-244	-521
335	-151	-343	298	-499	-478
665	-52	11	-348	-513	-116
183	494	-497	145	-32	-648
22	-275	-173	-512	-570	334
-590	-266	638	173	191	96
213	-468	380	-60	-231	153
246	201	-153	-618	-345	-593
665	504	-9	364	-355	-85
-324	547	165	-42	-300	-332
-108	65	-50	-485	210	-35
434	34	63	307	-37	-386
-147	109	-372	126	17	-295
508	-292	-61	-366	-21	-541
-623	564	633	-401	-12	301
133	195	152	-7	416	599
105	9	-465	-296	439	-550
-302	-317	421	-90	-397	-412
-577	-306	-527	322	184	218
-61	299	20	-301	581	56
38	-513	-513	-654	-4	405
-462	391	-394	-284	546	-222
-86	533	200	547	416	-222
220	63	-452	175	-326	387
-274	-567	-141	-148	522	-590
-549	-581	75	-203	-350	-359
-372	201	-123	139	467	463
-486	576	-612	618	436	233
-229	-56	553	-587	355	-302
17	309	402	397	-77	451
387	114	-257	271	57	272
389	189	554	136	-404	-658
269	494	69	376	41	-646
-660	-183	569	579	-109	-227
56	23	-95	289	-654	-118
-12	-457	-406	136	-43	15
16	-282	171	-214	-462	-585
-357	-509	-170	293	249	-416
287	-503	237	-559	-467	-521
22	90	-660	-27	-113	-31
-656	-570	-627	266	-638	641
-2	-140	481	-153	499	175
469	315	39	-386	-186	334
5	-325	-121	604	436	-303
646	584	331	245	-243	-63
-25	-58	-478	322	416	-324
587	-42	-336	-389	-318	-206
58	497	-433	-546	-417	269
-300	257	304	362	234	-194
-227	-516	-33	659	-348	630
-516	-128	283	517	496	-125
9	-194	353	-406	-261	-589
-355	349	353	557	11	313
-22	-75	55	-145	573	254
35	-119	280	154	77	14
594	-206	-32	-360	500	-324
-231	-104	223	10	-338	597
-116	-348	-167	299	548	410
348	19	77	-513	-297	361
638	-473	-135	44	478	2
-59	-406	-642	-255	487	-493
81	-541	663	31	-120	163
-132	27	-624	-143	6	-179
-555	-138	-246	17	70	-448
-479	25	-509	162	503	435
198	583	114	-22	320	-567
-309	417	-239	-306	-584	476
-148	222	-521	445	-371	-153
380	-347	598	280	-283	142
473	-27	29	-1	-649	-351
262	-598	412	9	163	442
-491	661	-129	-72	-42	-78
12	-474	19	365	-530	28
216	-106	-612	80	433	-467
313	65	143	-537	-14	373
-472	-533	320	336	397	501
95	-642	437	-657	389	47
588	591	-177	-62	-402	550
659	473	544	-123	-333	-639
175	-247	101	-548	-303	-230
-498	624	344	-646	504	-452
652	412	185	-78	-179	512
334	626	368	-411	-623	564
-65	90	325	-415	469	-228
-305	-92	628	472	-228	67
-342	651	289	-157	-93	554
555	-525	16	-521	-582	594
113	148	308	640	109	-146
-100	136	-386	469	-368	586
491	-582	289	478	-379	380
470	-189	603	95	-74	-618
277	-529	-336	622	-290	-650
-605	-524	-484	0	55	-401
205	56	154	-147	105	448
-354	567	377	646	-312	-489
-294	228	168	119	-101	-89
-292	587	434	-474	408	-614
-276	49	300	456	-287	-609
477	105	646	-299	417	549
-664	201	333	-601	-199	-440
-663	-555	655	73	569	-418
-104	210	454	-19	139	-460
-648	-268	-628	-623	623	12
-16	-214	545	623	-226	199
-97	592	-257	-558	-251	362
-301	-566	210	457	401	-24
-326	53	-641	101	469	586
-5	-454	118	639	95	6
93	-584	-189	39	159	63
-272	413	-167	-624	-661	-519
148	547	371	147	-49	-503
35	-398	-461	517	175	-93
454	85	-578	-560	524	59
448	-496	-114	-218	343	-95
454	-195	-369	-48	429	663
286	573	316	-441	80	606
9	-146	154	326	-58	-448
634	-350	-482	643	-310	-1
-163	152	-47	226	-170	235
366	-412	-426	409	-658	-126
-217	-535	-361	440	-310	341
-272	329	-611	-315	-657	338
664	540	127	-139	347	-379
-99	-594	374	-320	-81	-161
138	500	508	-284	509	578
-47	275	-394	341	-485	10
128	-169	327	650	-351	-595
-257	-212	548	-241	-626	-608
-467	112	-288	423	-661	-360
196	109	657	-28	659	-253
-23	-595	-117	508	-635	257
-212	-144	242	-382	434	-97
118	-167	273	62	311	553
432	331	569	-124	195	-321
-578	541	-417	497	-291	-93
-581	-109	67	-291	-211	444
579	21	116	-300	-59	-373
665	143	598	-136	296	176
374	-318	-663	254	361	135
390	521	351	-64	575	607
-139	350	-297	226	-82	480
-536	-216	-349	52	-303	96
38	393	484	191	9	-584
176	-215	-138	207	391	-65
-252	-595	-297	-47	-497	50
198	524	387	-437	-399	576
-252	-233	-221	-606	605	361
-71	42	487	-403	172	301
-202	641	-552	-106	-652	-20
-208	60	444	78	182	294
315	585	652	389	-408	308
-525	131	-183	343	190	-630
221	-194	140	-331	-289	-165
-294	495	448	-344	-384	417
-508	25	-442	-661	413	283
-580	-440	-586	-139	275	9
-397	437	290	364	-148	376
515	-116	650	-255	-652	-569
477	385	-593	-379	120	-6
-48	-98	-295	-33	547	-394
-660	-15	4	647	640	-636
-133	302	203	-173	-383	61
-536	349	-414	404	-105	448
-352	-628	162	444	-352	-197
250	635	262	164	262	660
-320	262	354	335	644	-263
-250	195	464	-320	417	126
480	-511	-284	341	3	-430
-249	-467	536	520	570	3
-643	-4	-313	-364	594	-423
-423	371	-665	-161	65	70
20	-487	302	605	-418	-129
161	-158	-347	-343	426	-522
-250	-5	-549	-579	-653	-353
428	-549	-376	624	334	235
430	-443	-147	490	249	-507
556	-562	-333	-522	392	385
405	54	-176	274	524	589
-227	-489	422	-591	-39	653
305	-296	-454	426	417	-457
210	-320	262	260	-9	497
-247	434	-329	263	-582	-438
372	-327	405	313	495	-412
529	69	-78	136	653	-500
322	-576	237	390	552	133
-255	368	-57	495	494	450
208	-312	138	25	137	401
313	450	-658	-368	167	366
-651	633	57	362	343	390
125	-592	-522	-296	-549	615
-603	259	-142	641	114	-513
-173	-534	400	-209	3	652
520	-619	658	-289	88	376
276	265	592	467	-268	-173
611	541	-201	427	-39	327
187	249	-47	22	329	214
-101	-93	-472	121	216	-322
145	221	-87	506	-577	-441
121	355	-353	167	-375	277
398	-208	-531	430	111	-402
-276	-644	-278	-288	195	-630
-585	-180	337	411	617	110
-266	187	143	63	-337	567
-47	-287	564	-258	452	-654
-65	177	9	-147	88	-631
-516	-493	21	-295	-124	-465
-346	-468	-35	-564	180	-164
180	-270	159	-93	-36	-324
371	430	471	607	-512	637
-420	-271	-451	-69	-665	-236
-197	129	-433	477	415	-471
8	-445	-103	191	568	314
260	-67	-111	-338	408	144
388	508	511	195	138	-211
-470	630	-517	-665	-266	36
418	139	-460	119	-547	545
158	47	64	-633	43	136
-383	-58	-83	457	429	616
665	-259	200	648	-421	79
253	-595	-237	256	-447	-233
463	-140	387	-84	-279	226
177	-547	239	664	-331	-60
572	-30	-332	624	457	219
-46	-123	482	-52	88	-167
148	-481	-540	-588	306	-594
288	69	-46	-622	-215	287
181	110	-437	-149	-53	533
153	-199	406	180	-215	474
223	-382	-248	-589	128	527
529	-406	412	-656	-455	-454
-652	344	-401	385	578	-31
-464	275	-7	-371	-280	170
255	-598	-417	-573	-225	329
226	204	628	-458	-318	448
-594	-655	-415	472	-172	-310
552	518	-23	-503	-109	302
-467	327	-34	30	323	-586
-504	-73	-658	386	353	161
-634	-617	-525	-489	-114	-295
-345	15	-589	-248	387	437
-125	-172	-441	332	546	74
198	-523	644	173	416	167
-374	-251	-245	610	396	5
-205	-330	-310	-73	-326	350
637	-250	-567	549	293	543
-257	532	-344	316	-10	543
-51	-348	-109	643	-494	258
-379	-140	71	208	294	-570
113	601	536	652	4	496
323	-439	-89	-261	-268	122
-37	234	-384	-302	-530	-259
-195	-292	-283	-13	666	-386
629	604	-583	-541	-258	477
345	608	-191	-462	-458	235
-310	499	-309	-490	336	-517
-285	-27	404	90	-440	639
146	152	392	-537	-368	-453
-272	225	71	211	-90	-34
-649	-318	47	428	180	-603
-608	406	-219	113	-76	427
-363	414	-279	-638	-250	-600
-409	-182	-313	-450	278	445
-151	233	520	624	351	52
124	26	-492	219	-26	-620
-255	38	217	619	639	502
-267	261	-468	391	26	666
51	-137	-489	-175	149	-487
-605	80	599	-172	-616	-177
-145	-265	-237	-395	-287	-644
435	-152	309	-32	664	413
-649	384	261	-571	426	-388
514	313	436	-465	606	166
216	-662	228	-662	-289	-331
335	25	56	579	320	-589
58	582	-531	-112	272	-429
-420	-48	218	111	424	-404
135	-94	492	138	-27	426
-161	40	-437	-360	-646	317
640	594	44	464	-250	459
-514	84	165	-491	-166	-650
102	324	-350	-282	179	24
264	-476	-152	-382	-189	448
-120	508	584	-231	494	460
-415	-512	-23	14	433	461
-334	109	-39	161	-154	646
-56	133	459	450	566	22
-639	457	-288	-651	-377	39
306	171	554	-87	-169	-603
249	-666	-527	-400	467	460
432	-355	472	216	-288	-461
-65	245	163	-41	-499	480
-158	620	325	310	378	-318
520	30	-159	-254	386	-495
157	623	-165	-170	37	-278
322	346	650	414	439	382
402	-248	-297	434	82	-78
-161	-155	-560	417	-580	429
-654	382	-37	127	331	-625
-157	555	-154	274	6	562
621	91	-74	616	322	568
357	132	501	-605	-418	562
323	-179	-85	283	87	351
314	442	-145	415	511	113
-657	28	510	318	-257	252
317	-263	496	-469	-592	191
645	11	38	5	-253	285
-61	-357	206	484	185	-504
329	284	463	-392	425	64
231	-329	444	503	77	242
-311	159	85	604	-272	-358
-90	-289	191	303	-431	-635
88	-212	357	328	306	226
120	-187	304	-319	235	129
-129	26	260	292	-314	9
-584	8	-460	272	388	-135
41	-498	145	122	502	485
-43	-480	-283	370	148	506
410	-173	663	-491	-283	345
291	-166	107	594	113	579
-590	-60	458	-139	-390	650
-211	-393	546	-78	439	462
5	-389	-599	-275	368	617
323	-267	179	-457	117	77
238	176	-100	-433	226	-546
-164	250	517	-4	-567	372
221	342	-348	404	499	484
-84	-72	166	-133	-500	397
-517	12	614	247	157	-631
407	104	611	86	441	615
438	234	-290	-596	544	93
-615	-12	-337	-91	165	236
-331	-126	254	-164	-557	227
-260	-126	26	537	-473	-506
519	235	-309	-369	426	122
-143	-85	-368	589	-42	-606
646	632	-399	-546	-614	-63
554	-651	559	269	-4	-425
388	526	265	594	115	-456
481	-660	426	-413	-493	661
286	-172	-181	580	650	-541
190	-200	-617	-565	652	13
612	-578	-651	217	140	191
-313	507	472	522	-502	-519
578	-26	53	168	1	-644
-402	-400	283	251	515	502
-599	-116	-531	514	175	-495
-633	424	508	-415	-599	313
-268	-414	123	161	507	-143
261	325	489	445	-451	-384
592	-467	580	34	540	-324
523	497	-558	497	430	-666
98	-114	586	231	-127	15
-67	549	-88	67	44	462
-337	114	572	-72	362	-238
230	175	-376	-93	580	-541
310	-53	206	-329	-330	444
-35	620	8	451	-447	-597
-204	38	-218	366	158	-400
-437	-577	-385	-612	182	412
383	519	95	-327	-220	75
116	492	-331	-264	-253	372
270	-215	508	287	1	-593
-424	168	36	138	644	-149
257	-407	-615	244	512	139
-413	-82	401	-517	-249	112
643	348	-664	518	-633	-56
-87	187	-412	321	-98	-404
374	-612	166	200	282	393
-401	417	198	601	-105	246
-512	345	-214	483	660	180
547	144	173	130	104	456
507	565	471	131	229	-92
-156	258	-276	408	-232	277
612	-530	318	253	-263	211
-424	-559	-406	662	-389	-282
138	408	-610	-214	340	-272
-626	-16	351	358	485	157
-147	103	152	441	-528	-488
629	484	492	-623	326	-82
-212	-482	-510	445	-485	-8
-517	362	284	172	-605	302
-235	532	-576	-540	444	-184
-282	-556	-336	-36	-507	518
175	399	-13	340	-353	485
636	-55	596	-462	-504	55
-10	-387	-399	-398	-97	-249
350	-94	505	-429	-343	386
184	-208	631	-152	-560	-385
-292	544	492	-663	-111	37
236	-586	275	111	-646	117
-284	-447	442	138	-445	421
357	-329	192	-286	-146	140
-70	401	-282	-82	614	81
176	253	-215	-153	582	-303
-173	55	-572	31	573	574
-423	648	9	-402	465	49
487	-657	-448	-533	21	226
12	-168	-571	-250	111	-624
-433	477	541	-7	-140	-276
495	-567	161	-98	572	623
-561	50	-380	518	-605	-641
-204	614	-301	-439	214	425
-467	284	-461	499	-501	264
295	39	117	-66	112	331
-7	291	544	649	204	424
-277	78	-174	133	651	518
633	529	320	-21	-314	39
364	253	-17	176	70	603
-591	417	421	31	-516	-377
-367	115	-77	-15	-479	-638
608	-21	-89	-537	-157	440
8	-364	188	303	531	-342
-403	644	406	585	401	-664
399	177	-446	148	-373	239
-401	-228	259	601	257	-382
-419	-94	-165	428	12	-424
-466	-56	-170	-283	403	-481
-612	-448	-316	-2	-171	-271
-261	477	-66	480	-619	174
24	418	-107	357	-55	261
229	159	-603	100	-583	-356
-505	-113	607	-295	149	311
468	18	-239	-136	338	164
638	217	-100	422	-455	-647
137	-337	600	654	-141	-156
95	176	384	445	264	410
94	-39	-421	585	-230	151
450	-295	411	-73	-518	245
95	158	104	-639	467	566
655	291	402	230	280	148
356	-442	-253	-52	588	633
35	92	-299	34	-419	-359
-640	-140	-180	-547	288	313
416	89	81	527	185	-577
-651	529	-635	-107	492	-77
-408	126	178	445	499	-514
318	589	-164	-414	-136	-243
328	96	-164	252	-371	471
-169	-393	-302	640	243	-76
-83	-380	313	229	-602	187
-312	-510	-105	-98	-299	-18
522	-550	-400	307	78	-470
-433	439	-487	475	370	383
251	334	-660	77	-190	126
-227	425	192	-551	320	-261
597	-294	-604	452	-554	-424
530	404	332	-489	170	26
244	188	189	-269	344	107
-507	-481	-642	-315	392	-643
-460	-208	-253	631	-617	-339
159	-487	-64	476	92	-501
-11	-240	-165	-278	-439	354
-376	-538	-664	-533	375	469
156	73	-274	346	89	-581
263	42	-466	-493	22	-56
439	104	-649	401	65	-425
-304	659	165	-199	-501	363
355	-424	-238	-373	310	298
-362	374	210	-533	-443	651
-54	637	584	-58	494	-415
194	-395	86	467	445	-603
-519	-102	-165	-106	169	-345
-598	115	338	-441	644	-223
156	-374	-384	632	-106	-106
-635	7	-176	640	114	650
-156	431	-8	635	617	530
38	-155	-24	592	-95	-195
-594	522	293	-468	201	-302
352	216	-430	652	-410	-463
333	-660	360	-502	168	189
-412	-213	-259	-21	-529	374
-568	261	66	255	168	-242
-69	38	-356	-353	-625	-605
53	283	-583	-524	-229	138
-533	-648	-477	142	-319	-64
-267	-525	89	320	-140	382
185	208	413	-31	-177	-281
280	97	300	-481	206	-657
656	-196	129	-469	65	215
264	548	-410	-613	378	-398
-32	419	-184	211	392	220
269	246	484	-602	79	446
-61	-542	-185	-623	308	73
-388	-568	26	-531	-150	-458
-220	461	-471	-322	243	-329
138	143	-177	460	-33	203
29	656	-397	-308	-163	-392
-353	-116	289	17	545	155
6	391	-548	263	-213	198
-115	-189	-243	-169	342	267
-305	561	-525	526	-375	-458
243	-327	-516	-294	514	389
63	-651	-624	-152	190	-459
250	-499	199	-576	-69	485
494	-562	303	-285	-445	-460
323	376	-266	-132	-120	-504
-137	8	31	566	626	178
479	85	513	-511	-46	298
-244	292	489	-416	81	-17
-246	-332	-96	82	-225	-548
94	-200	61	-515	347	649
-71	307	-143	603	-633	409
-525	377	150	376	124	536
-252	503	-252	489	18	108
234	-185	-127	3	-646	-162
284	-190	-540	406	320	-578
150	192	-385	-474	54	490
-443	96	39	-338	574	567
625	-590	-618	-456	-356	257
-83	528	-555	-133	-35	-23
283	-350	-114	-193	156	-467
657	137	-492	-562	593	-651
-319	-178	95	207	442	436
-343	628	-509	-332	-37	269
-641	-294	548	560	614	105
-212	560	-446	43	-190	367
-272	554	421	474	-633	564
25	80	126	309	-591	373
-146	-480	660	93	-260	-324
564	596	-566	256	-415	-647
322	175	309	489	-133	-50
-592	-364	206	-446	304	629
627	-294	350	38	-600	619
239	297	-215	-588	621	208
-85	534	-365	566	-330	-32
-292	-81	27	-484	-473	244
-7	-49	-644	-312	-618	613
-578	160	-636	-434	154	467
-201	-515	559	95	129	446
401	-216	206	-610	-257	-221
-178	-232	143	191	-334	55
-80	575	245	-538	-484	-553
314	436	355	60	3	348
-195	-263	372	195	38	-69
-660	-443	-451	238	91	53
163	553	-82	650	142	29
-424	-458	480	20	-172	73
-524	211	-230	43	238	-220
-222	648	-89	-586	312	190
-118	-66	-80	373	450	-405
-351	506	523	252	-588	365
-84	125	556	-626	-640	-357
-409	-87	582	-229	-658	-507
52	238	-110	571	-412	-400
58	-363	205	-428	-94	121
482	-380	607	-168	-630	400
385	-128	174	-309	412	508
-17	372	-143	221	-23	-554
326	531	-191	284	-550	66
656	-655	-175	-367	633	-546
-79	65	-153	-563	-424	-495
-628	-108	-571	106	482	19
-521	323	-559	-332	-494	76
-288	624	216	-368	380	-538
229	377	317	-215	359	-297
237	146	-470	263	-36	-527
619	-89	213	560	335	-207
-319	-247	-179	-106	-201	-273
-559	-522	250	311	-654	377
-374	-85	-574	124	-188	-578
369	466	638	648	127	247
-447	-117	-186	-231	-605	337
-568	542	390	590	-352	-7
430	70	363	-609	-491	-425
-183	-313	475	-103	-614	173
223	-182	-6	-612	-424	243
257	277	-525	413	-592	200
52	442	78	376	576	566
-262	-7	-555	491	417	-273
-589	-270	-144	442	-337	208
-366	418	363	-152	256	253
601	423	-433	-418	-664	361
31	-202	156	380	311	469
-137	120	-238	372	-163	-268
116	11	241	345	-274	-425
512	-238	-78	389	-104	-634
-52	628	201	-432	-658	-611
608	433	425	-626	-652	-356
576	567	299	400	-384	198
156	-655	206	481	655	-375
-200	391	-638	552	-543	-314
-519	-290	140	-248	-533	-90
-161	-301	435	-429	-411	-148
-456	365	-229	-465	93	375
308	-548	258	506	282	-243
-539	571	192	-521	-37	163
-519	554	657	-232	373	-100
-649	510	-125	663	-625	536
-144	4	89	-586	-328	-209
-445	-85	-528	153	-273	576
-479	-492	-177	325	332	-470
591	-451	477	50	518	-607
102	574	108	-346	-31	-406
-16	-309	614	243	-377	-445
-188	437	164	210	32	355
124	634	-584	-162	-475	-74
435	123	176	-385	-57	-344
280	-301	-73	170	-247	-323
271	325	-250	317	167	-341
-556	335	-388	-657	295	332
76	484	275	-480	50	464
453	419	333	-317	312	-638
430	546	152	-17	-184	279
-512	-633	160	-438	456	649
262	-254	-604	-143	151	430
-396	186	-588	-282	633	-260
309	-365	-152	610	-318	437
354	-29	4	-478	213	-47
625	592	-76	32	368	29
-132	-364	201	-415	-69	610
143	173	-58	-232	592	-117
256	-18	-264	-97	-509	296
549	-269	577	66	373	-379
-513	404	-508	5	-129	-182
140	324	-180	443	-355	-515
-22	-334	129	465	-370	527
217	-392	218	195	467	-267
137	-650	332	-386	-295	234
-66	-662	294	-146	293	96
-452	337	-401	-418	24	-186
603	-464	-23	658	-224	414
160	645	559	453	144	56
-418	-567	-165	177	-417	-429
338	58	549	499	-534	433
411	-270	469	-93	-209	-437
-77	662	-518	328	-410	-627
-47	-140	600	186	59	-380
-517	-135	481	146	-560	289
-185	85	463	-52	-108	-528
-286	534	-203	-285	-182	-67
-210	276	-472	-21	-372	-309
591	-263	-485	217	-214	355
-654	28	-141	98	-381	-541
176	-254	-572	-157	-224	208
8	405	237	-12	-240	557
-183	-379	188	-65	-128	443
434	5	-97	426	-165	653
565	546	342	130	364	-535
-306	-269	429	-558	-139	-415
-330	-306	136	343	416	453
299	622	637	-564	64	169
-478	201	58	435	27	487
364	-203	342	-215	449	-442
287	228	268	-471	198	-325
342	-555	364	646	-480	319
-570	75	-225	354	108	653
178	320	67	64	-391	-513
570	198	493	-23	-210	-288
-451	-26	-336	-517	438	412
-629	535	0	216	-147	-628
-529	-562	348	524	-52	35
525	-348	67	-635	-263	539
464	-374	553	8	478	439
-393	-466	325	205	-408	135
621	455	539	193	-505	-55
-275	-22	354	98	583	-533
257	424	26	-123	44	-47
65	-602	-179	-562	178	404
568	184	-442	444	93	-283
174	-172	117	199	493	549
-389	380	-317	-633	-300	-48
-489	-402	-3	-238	13	-29
-249	-416	-152	-454	34	-344
-26	616	474	-160	624	513
115	-84	652	-581	446	-224
-384	581	594	-279	444	-142
-342	-543	-462	210	28	280
82	98	-72	-261	-299	-274
583	279	333	-354	148	-32
-26	-288	-44	388	446	-210
-56	-621	416	481	-546	433
-558	546	368	484	-658	24
-161	-260	-256	635	423	137
549	-574	-126	328	-33	599
-194	295	484	661	-208	369
-527	-91	-54	-40	-394	488
252	-310	500	463	569	254
529	175	-345	326	-128	-101
-209	196	-315	-129	-623	145
254	553	-351	454	263	227
-349	-169	-304	641	467	585
-28	90	411	407	-550	359
-421	2	154	188	371	637
-191	607	-286	-251	-149	243
152	409	-410	-266	317	598
552	639	520	-26	325	626
383	-50	352	560	-652	-71
-442	462	-190	383	-409	-77
139	-473	-200	99	636	-137
-71	-480	-564	-385	312	-279
153	35	254	-163	615	-460
-9	-182	-655	392	-100	48
-601	-427	410	353	375	345
-114	453	-330	666	-460	-637
93	226	69	-628	-241	549
-281	-399	479	-318	-620	-413
133	296	600	-510	529	-28
596	383	-314	11	-596	89
-453	-601	37	-547	600	-500
-525	479	422	383	-468	-167
51	478	513	-454	15	367
-421	636	329	-76	-111	291
324	-558	-280	-501	-663	-433
-47	407	603	-106	519	461
1	-310	-123	335	124	-583
313	-493	221	227	511	-545
-155	-466	296	-171	-649	292
596	-133	491	602	45	-333
170	-218	-419	532	621	-631
298	227	570	266	-607	-420
311	291	550	-85	-231	101
-154	-584	-430	-623	-626	635
-247	-364	-58	-52	-537	157
360	376	-582	-379	619	-384
-459	544	256	188	484	195
-52	-344	-271	83	-310	558
-94	-81	-231	558	51	-608
472	-114	357	-268	-139	-485
-328	-495	191	243	270	-26
643	622	-452	449	0	-399
511	382	-435	207	-421	-443
62	-230	-200	635	-442	526
-206	409	-467	-38	663	-11
-9	-13	77	-324	362	-142
-51	-20	-200	494	514	-224
312	581	548	23	477	65
-302	246	-187	-53	519	254
252	136	602	-505	-465	143
-300	473	-295	390	-316	-303
-95	572	-501	-563	495	-640
-258	-607	-513	-555	635	432
-115	-433	131	260	-45	-11
216	61	-78	250	623	377
49	574	560	-635	-135	197
241	-493	-154	428	134	-539
-380	-582	-59	-194	-561	326
545	612	253	-506	272	40
55	-135	283	350	553	604
280	-106	-257	179	-36	50
340	-439	-135	-367	3	14
-281	178	-607	-221	69	353
-251	360	-211	415	-480	524
14	-299	41	-207	-193	469
106	-32	491	179	-516	613
-145	-402	625	-647	324	552
92	12	638	-332	-456	-431
361	338	-655	185	-517	-336
44	579	-36	219	-180	566
-484	-411	115	-11	-623	518
285	664	271	202	316	-450
-559	266	-45	-392	168	233
500	-100	-3	-663	383	327
646	107	32	604	-95	447
-513	-609	55	-162	-90	609
-375	227	-57	-217	17	-302
-287	506	-343	-55	-633	97
522	-292	588	313	170	-602
422	468	-142	474	209	68
177	-158	542	-78	225	-131
-339	-665	-406	-148	379	-166
-357	-159	-400	-85	400	22
227	113	-87	-617	-395	467
-315	-310	-208	93	-441	-594
-75	98	-584	484	-639	92
-74	129	-35	400	-545	648
89	-14	-241	-180	-172	146
149	-120	81	445	-666	-353
4	412	124	-171	352	-119
339	-203	-21	310	-600	-85
224	532	-438	-269	247	-78
-531	-480	607	-34	381	335
-462	-40	362	-410	-224	-570
-390	-478	357	-111	-259	19
-341	-627	637	577	-556	317
66	641	369	315	472	206
63	-288	-182	-454	-243	-313
34	143	-232	588	-577	-522
-160	-275	-134	-636	-395	-420
-229	-342	523	90	-363	-181
-573	-12	-190	-329	297	-2
-634	-69	-4	-56	392	408
-648	-597	-195	500	111	-206
-434	190	101	657	73	-17
601	-562	584	505	-290	-246
351	133	-340	-649	113	43
-653	-479	-53	-32	-77	-270
-431	-46	-330	654	653	461
587	-50	624	-130	402	-284
214	-417	273	626	487	-183
586	274	-234	-523	-437	513
650	-281	195	-91	-618	-80
238	573	-210	-350	-180	-528
-44	406	469	511	-106	-344
-59	-415	-656	403	-630	580
285	276	564	-490	428	-467
23	-334	-32	-10	-66	-215
127	481	339	105	164	-326
-17	113	-256	-585	489	97
117	-394	46	-121	355	3
161	108	-112	-646	-34	-16
-237	-289	500	-37	-462	61
422	-433	332	317	296	348
288	-327	611	348	-336	666
-225	406	182	-327	65	-255
393	524	194	-573	473	308
494	519	-314	373	-115	-289
-566	339	-69	135	-406	-630
414	377	-44	435	489	487
50	552	221	-402	589	218
469	-283	-456	-506	-334	293
167	412	-364	81	-408	-516
309	290	174	-611	-510	590
223	-343	-153	499	-639	659
-635	526	363	12	83	-167
-467	445	592	483	-165	39
488	-150	-339	-246	-230	-286
494	-196	-114	-654	551	-225
-456	251	653	-645	-331	285
-199	572	-299	-286	-251	-305
95	464	-16	-279	-237	395
214	-625	506	214	99	-37
173	290	-21	246	577	116
-12	426	-368	-507	-569	454
-87	453	-114	-156	614	-338
-366	491	-536	-455	548	496
-171	-341	-398	440	427	-511
7	-491	423	-115	-576	590
629	429	403	68	-257	-411
307	216	-108	-457	-401	80
346	587	35	595	347	81
355	-635	620	443	293	391
-625	315	552	-163	54	-340
-296	619	27	0	-475	-101
-601	90	421	84	647	-108
-605	-478	-470	608	507	-279
270	430	-31	549	334	239
45	299	168	238	-467	-416
-14	-168	431	105	-331	467
658	-358	-354	-339	-530	250
-399	-472	-233	-174	206	638
85	597	-148	499	449	-297
-569	34	411	-70	-393	558
184	352	-264	482	589	461
-642	-14	-396	-68	248	-157
-479	-282	599	421	386	-56
-182	-311	161	-463	442	399
-428	-64	240	-616	136	418
78	-285	-462	-540	-467	-598
72	-475	182	294	661	406
-568	-428	-76	-352	320	-74
17	-88	-6	224	-134	-16
-437	-652	-212	-653	530	-582
603	239	-87	-135	422	516
467	600	592	136	252	-299
-352	-663	117	-474	-420	548
-632	125	321	62	573	167
-195	580	-218	123	-354	-22
-391	416	-442	85	-303	-554
73	256	-78	394	157	567
542	-96	303	468	322	-132
489	-462	-317	628	200	-233
504	416	-365	166	289	-130
-633	-463	662	-480	258	576
531	95	138	638	-374	121
488	-510	405	242	57	421
108	332	130	-268	-651	469
544	-376	-46	-518	532	210
-409	-555	-640	64	-213	225
123	-464	64	-260	-283	-109
417	-600	360	135	505	473
-223	-304	342	41	464	235
430	492	-94	-487	-104	-402
-565	-466	178	-205	451	-431
247	-477	460	-586	-299	504
212	470	-559	219	327	316
226	-152	-522	100	518	-588
-430	186	209	407	132	-44
354	-324	333	390	-624	316
-409	-277	-564	-194	-72	-275
196	-284	-160	603	222	-350
-366	-5	-584	476	91	-642
532	-269	-646	-622	-269	-456
530	-647	323	463	196	431
-554	-474	259	16	620	-96
-60	639	403	-475	587	289
129	-457	496	403	-330	266
-154	128	500	-353	-250	-353
398	-176	-336	659	-626	642
-122	169	169	610	-469	-442
-377	264	463	133	610	-258
-653	169	-404	417	-380	-158
36	-161	122	487	-457	98
568	-89	372	-596	28	-634
446	-65	-503	495	-390	175
-49	-390	-412	60	578	327
-254	-75	-228	150	-508	473
220	-573	-653	-190	76	-432
317	2	-556	-277	-432	-500
-660	540	332	-408	-658	199
-328	348	337	-415	223	-624
-257	-346	500	19	459	251
-315	-127	366	-603	301	-16
376	-473	277	-325	-159	663
-568	3	-141	-11	129	-289
12	-349	-632	-289	121	113
97	-170	-104	-119	246	161
-448	-188	517	19	-504	220
-614	-509	486	643	-291	-356
-2	-306	598	-158	506	-310
158	195	403	-16	648	-428
-532	351	-481	-403	-168	-37
-385	50	177	-383	-356	162
572	456	607	-354	71	-436
-74	475	-51	51	-386	41
-302	-343	431	-466	266	542
-651	-271	-201	-121	289	-313
305	-508	-321	309	-49	107
-618	-75	-228	348	-621	-166
581	-180	-557	462	-576	384
-114	551	56	312	-411	366
-354	-31	-210	-423	-521	484
-67	346	-367	-278	-448	339
-105	224	-280	-517	-206	78
-368	-62	492	16	491	524
-240	-329	229	-309	-518	-22
601	600	29	422	499	-497
217	-87	628	-188	402	9
-612	60	539	-106	-344	546
378	-234	-222	-197	158	-449
557	-516	-52	434	28	-615
-651	555	-467	371	-603	-58
603	361	-69	416	490	-333
-584	127	-100	-344	608	452
-573	-410	-273	307	403	587
-255	420	-436	-253	-372	-121
-539	22	-480	362	-453	-184
-618	236	-430	-653	521	-137
336	534	433	583	-137	-155
487	568	240	223	654	-337
-280	-238	-570	50	-19	636
64	-68	-63	319	-404	227
-342	52	246	-173	-174	-460
-394	407	286	12	-534	-45
-141	195	-238	462	-455	500
-63	-239	654	-372	-469	351
-88	124	-544	303	42	226
661	310	-507	136	-3	124
-39	653	106	-144	-81	-637
124	475	-445	66	-525	-424
133	-526	187	380	495	-584
349	-534	-197	215	-224	252
-192	12	123	133	633	381
236	249	-358	-614	-454	-459
-38	-150	273	579	-104	-479
611	647	-166	-274	-461	285
375	-403	140	113	96	-331
526	-228	143	-244	-559	174
201	-501	95	493	576	65
599	5	205	-605	271	64
141	-231	464	420	56	427
235	-64	-514	347	286	-431
-442	365	167	-242	470	475
-383	247	661	267	-320	-420
-262	-594	-271	414	-515	588
-316	375	244	-368	-552	637
-235	77	402	118	261	-562
-90	384	117	-95	-57	575
-11	-133	-304	252	-543	323
257	-11	42	158	178	-13
123	-288	-30	-458	520	-326
187	480	108	123	527	-138
190	-470	-198	-41	-93	-48
-624	138	-372	410	-228	-159
-557	321	557	-623	-530	-609
-397	91	-509	-580	-645	-214
-594	458	-116	191	631	89
473	-307	-275	-517	-230	-121
33	-485	223	-659	430	284
-138	-194	-463	-51	182	63
-507	276	-46	-105	-343	556
-579	-153	240	87	298	-286
-376	-386	17	-113	422	-481
-322	-413	-346	106	-615	312
133	619	-603	-181	-431	532
133	103	-537	574	-129	419
116	-459	-288	492	553	-75
-333	258	-205	513	-436	-155
407	84	-261	-31	414	-104
379	587	213	-643	347	-126
209	521	-94	391	453	335
261	49	-513	-136	132	361
-376	-13	-511	310	-543	554
-300	140	-154	-36	395	-246
-377	-154	610	-31	-215	-205
149	-135	-149	-451	182	-433
-119	-230	433	-262	-409	-554
-390	-629	425	-299	-112	-231
278	-148	-193	-294	94	-602
503	-224	602	-228	201	-252
-637	629	-31	442	-194	-86
-345	-167	443	580	-279	399
-27	281	-636	140	-85	243
-550	-656	-544	-625	-464	-430
390	308	-652	-456	-570	-317
284	-536	47	567	-173	-181
-613	-432	613	412	627	636
-476	366	-612	273	235	580
-136	243	-612	609	275	29
-492	-40	-580	-629	-603	183
189	-470	-490	-37	182	229
41	45	-501	43	58	-58
595	-295	113	-423	-111	-79
-62	154	186	-348	-57	264
-91	436	517	619	70	-530
609	-166	-205	634	665	482
-118	-642	179	-379	515	-133
-389	574	535	-544	461	-351
65	-13	363	436	89	-208
-38	-230	658	-120	461	-176
558	-48	-628	-144	391	-497
657	359	-137	-223	-664	-200
540	-162	-294	486	-590	141
-42	557	240	-386	-517	356
-642	-576	-608	490	-374	483
-379	-138	84	-487	-83	1
659	-246	277	129	48	504
-300	404	552	15	521	-156
647	-529	-513	-487	567	-134
-373	-358	-140	526	423	-453
441	-517	486	603	-377	-292
-85	254	576	-188	-489	312
500	486	207	362	-210	-630
126	594	-447	-51	379	587
472	496	505	-219	84	-271
630	-10	287	-590	156	483
-137	451	332	-54	502	-416
-536	-383	36	-252	662	-154
648	449	-591	-295	203	90
68	235	102	-536	-381	140
178	-601	330	-654	622	432
529	175	-525	122	-174	124
-277	67	-112	166	-89	654
-13	-325	202	285	340	448
560	481	-5	511	-548	-387
170	-479	-104	123	174	-186
-62	-140	264	-352	-323	-150
69	380	618	-604	-158	-541
239	-617	-486	-71	-437	-663
-367	411	-637	-238	138	360
-534	-427	82	0	-355	603
229	-337	-195	649	-211	-374
-227	-581	-546	166	599	-311
-31	224	444	-183	-405	364
617	365	57	126	-421	-539
399	111	-229	500	510	151
-283	123	202	-361	-499	-280
-249	497	-510	-132	-235	99
481	404	-306	133	-30	-273
612	-623	-382	257	55	625
456	-502	250	455	-400	-500
-639	-644	106	572	94	-33
76	-642	-415	-177	-166	391
626	493	615	-294	361	603
-343	-103	-630	-361	-381	-325
-518	311	-300	-347	202	-165
561	612	189	339	-511	209
-310	-37	589	330	459	220
250	-215	-230	-10	-334	77
-159	-247	420	-377	-27	341
545	-632	-610	-652	-468	-318
-210	384	-349	95	308	-27
-102	-546	499	-383	214	565
-529	-377	176	607	551	-377
-236	-1	-288	535	419	-596
-282	566	-534	227	-449	-21
-5	535	376	440	161	-388
587	287	-406	458	-564	-641
-252	-22	-377	196	379	-414
122	-98	36	-281	473	272
133	50	-469	463	242	9
69	363	-138	215	96	384
-349	298	269	-81	-436	323
-92	-53	-153	-376	140	382
-659	-243	-189	-341	-647	-92
-137	-467	20	30	-45	-527
154	360	-467	-165	-537	163
87	56	12	338	228	-520
-252	592	225	218	311	-491
26	505	-38	663	-368	644
577	-257	143	127	178	-182
156	503	656	-538	340	-631
320	-652	196	-297	-484	-628
609	-125	118	-74	116	-597
-416	-166	-70	594	-474	364
-11	-646	-158	-209	-541	648
607	-59	-621	154	-442	271
-664	-28	-82	-378	-631	358
180	642	275	196	-69	-22
234	260	-27	-19	371	600
341	-367	-529	544	-136	615
-353	140	77	-259	264	-246
126	-135	628	-253	-478	-535
-568	-67	511	-520	604	325
-58	-99	-449	70	39	618
70	311	-117	-427	-140	-500
249	-242	-666	306	439	-61
94	-509	331	164	-597	298
180	-314	261	-204	-444	-598
-332	-516	642	-297	563	-591
-25	23	-262	312	407	403
-387	169	114	-73	-664	258
580	-304	-66	418	-91	-657
199	462	-663	-334	-212	417
-383	-649	-110	141	-621	-432
614	-120	531	-550	494	-285
-431	-249	374	-521	-27	-450
159	177	492	-401	-466	-145
244	-640	115	53	-657	113
-137	75	143	21	-424	-270
39	127	15	-609	-622	-551
618	-43	444	-354	462	-573
-378	-200	-424	583	312	-577
291	133	-302	154	327	-380
-482	-293	-299	-169	219	459
71	-378	497	492	-660	-119
355	302	7	362	-131	31
175	518	-542	578	-42	-631
298	-50	-489	-118	-43	114
-83	-658	-586	-627	528	630
332	-473	-659	-425	589	283
-556	23	-583	600	-166	506
-366	181	465	-508	200	567
-130	446	172	147	5	-190
-377	411	-514	648	-188	-542
288	-223	-424	-153	-356	481
-345	636	-405	-188	-247	441
175	428	-236	16	581	31
268	131	-613	561	133	-563
-399	361	-512	-560	-317	269
-158	-212	643	-304	332	276
317	346	-5	-186	346	-142
-531	-479	-537	367	-221	563
-239	-528	-619	-453	633	-225
-534	315	-307	345	-553	510
327	423	-476	-351	-601	508
-272	-410	362	379	-488	-207
500	-420	301	-252	-227	-647
530	643	383	-612	287	-187
374	84	598	652	-49	428
328	-426	-543	-285	88	416
-149	598	-654	-19	382	-651
-194	-88	108	-165	406	389
94	360	31	105	-262	288
126	93	641	-217	515	40
-435	-348	2	-647	138	98
-372	161	-435	580	224	-198
335	-389	554	-386	-54	347
327	-81	218	-241	-531	418
-409	-658	-617	-15	277	133
-393	453	-484	-352	661	119
142	-55	256	-366	207	193
389	-177	-527	-470	-54	-301
646	421	459	-259	321	119
587	515	507	514	126	-401
-636	-216	46	-43	-40	-5
373	25	383	656	50	-602
-421	-441	665	-470	-348	546
-266	453	-313	131	286	-73
-14	-443	616	527	-63	-500
-591	77	445	-395	-304	327
-3	352	-654	347	-390	400
-141	270	305	-298	-533	237
-308	-598	563	453	-312	-123
405	-360	-184	-110	91	651
-449	108	-154	-403	644	296
248	113	-306	563	-635	-529
-528	-76	264	419	198	256
-572	210	536	231	-354	-414
-423	-472	219	-372	440	-367
-75	-456	-68	53	-332	562
-424	-168	342	282	-149	-392
-377	15	628	589	570	103
37	551	232	-87	526	44
544	411	-275	-275	-195	-292
543	377	89	295	-72	6
-334	-346	-241	-348	-384	-273
-560	-486	-49	-291	266	501
-348	180	-335	214	-392	-439
591	624	221	385	478	-33
618	151	-487	428	129	-311
242	637	-197	413	210	-305
619	-389	632	-75	103	-11
14	-519	313	-592	-37	157
425	143	-171	-233	-313	-576
421	-540	381	197	330	643
82	-253	-260	-535	607	285
253	-241	-256	-94	-575	58
241	109	135	219	340	-448
-95	-256	-222	365	305	-315
-189	617	-235	147	437	-289
-597	-641	346	-609	523	129
-598	-532	227	-194	-244	65
-503	-584	-268	502	137	-311
-443	-278	156	431	-357	-232
526	390	-77	-72	172	-404
-22	-602	259	-30	654	432
420	-526	-5	474	337	507
498	60	-306	482	-43	-12
462	-461	-21	621	-596	18
-135	407	-527	407	-435	607
320	-246	-527	233	223	-509
-520	97	513	179	-498	500
-464	-123	-148	10	-626	-185
594	-594	-527	-468	-342	-109
218	-368	314	-89	-637	-77
-366	616	162	314	521	-466
-644	-444	185	327	-259	-159
7	529	580	-652	-482	290
320	454	387	-539	465	-133
52	-663	-570	356	196	287
308	232	46	33	356	-268
78	196	138	343	162	-132
-569	414	102	542	323	-22
-613	424	-315	189	59	-57
-346	77	539	-451	488	-322
-5	-500	-27	486	-259	-302
476	-107	-21	284	-84	188
433	-132	-561	144	-457	580
-26	-196	-170	-472	-446	229
-117	15	230	-51	378	-578
72	-138	-225	175	347	-538
-99	252	202	550	421	-193
-453	-281	53	87	547	-295
316	322	-319	241	647	-235
-142	322	64	-308	190	-98
-181	621	-311	-534	312	537
2	-60	508	355	-277	609
-328	-591	600	491	-153	61
-541	430	-532	69	55	357
617	421	-62	424	655	424
394	-640	-73	403	-86	-434
-216	115	-464	246	-433	583
-379	77	-126	-292	22	-38
157	-223	168	-489	333	601
168	-185	515	624	69	-190
369	-448	-203	-473	-392	367
-123	301	49	464	-583	285
82	-640	-174	602	274	470
-565	395	210	-504	-573	326
-160	299	214	444	629	-534
-241	384	184	142	-263	643
-74	211	-466	-346	475	-45
-497	-357	-627	478	255	-167
-47	-515	515	415	399	67
619	-361	647	476	-136	-440
-603	-531	39	545	-442	348
-483	548	-551	-246	-524	-83
567	419	-223	530	-186	-201
137	62	-95	485	-296	638
389	-176	-50	656	564	200
-612	251	451	-651	644	252
-233	318	-458	220	-580	-172
-107	577	99	183	-17	418
92	284	555	37	-120	476
-537	-665	-631	-304	253	-464
-589	-128	-108	-518	-233	410
360	514	480	377	564	266
-420	262	427	160	-530	348
363	-357	216	-126	175	-232
-328	643	72	-17	573	626
433	491	325	160	-226	-133
-424	-312	279	254	134	-330
-620	-383	-303	-409	-331	-404
192	281	596	660	58	-577
560	-431	428	-173	-336	76
-195	-362	-213	-588	-52	650
-72	142	62	489	450	-546
-546	-236	-152	-54	147	439
576	-403	425	52	-97	353
374	-149	333	-407	-499	-139
-99	-181	74	434	8	85
-484	179	-26	-379	285	24
494	-136	-337	-219	615	436
108	598	43	-347	2	126
-243	291	67	-557	479	-628
601	-145	580	475	-206	-396
604	-223	413	-24	-164	157
-14	518	-5	194	-90	-115
185	194	43	-71	-52	104
-369	496	62	-126	53	436
-465	-414	-519	-441	-100	537
-71	510	294	282	607	-86
261	569	-59	-154	605	541
262	501	317	-591	-612	195
89	-543	-227	-141	212	-230
-501	-610	369	85	419	-239
578	-433	-312	-115	-496	177
538	-28	-546	509	263	-539
-231	-633	461	81	183	-325
-659	-371	593	332	-199	228
-357	-594	-56	168	-133	-303
394	-319	-48	-104	59	469
-376	-320	244	-446	243	-299
428	15	-21	-163	-650	-366
-343	443	465	-550	11	54
-164	309	-310	-552	-272	-20
62	139	-396	-444	598	-296
61	-278	-48	-28	-362	-202
-35	-229	492	14	-302	553
214	461	-405	227	549	-519
555	-177	-149	-196	149	627
-481	-417	-157	299	194	638
485	-144	-425	-317	-59	472
-102	-317	-238	-181	619	625
-559	-338	193	-354	80	25
-20	-33	-612	97	404	-258
-459	337	-199	-67	-56	-484
-70	503	16	271	419	-209
-449	374	273	-504	121	-644
331	379	-662	-469	357	-526
-522	-299	-7	-173	-595	28
125	-271	-559	221	-607	-513
-484	-309	-115	-95	142	-365
166	36	592	230	-202	-576
216	-650	284	591	-622	-457
397	387	635	568	377	445
-415	-243	-6	653	-228	-412
-151	24	-656	-471	280	-539
-386	-301	-535	131	-169	590
-475	286	127	-169	-393	-264
183	237	-334	264	610	504
-631	-329	-32	-42	603	608
-514	62	568	-218	450	-347
-227	555	657	-189	650	26
-597	-363	-339	377	395	381
-378	-269	556	205	-284	532
-117	-390	377	60	184	3
-276	390	-89	-314	622	-39
-443	166	-599	-163	-172	-88
-98	164	-608	-290	-159	-403
621	110	-431	-545	577	42
-450	176	-77	-608	-449	-659
317	-240	-296	309	-314	243
6	475	-162	-585	461	542
131	19	-514	-211	-20	633
-552	3	-271	-419	563	-291
-345	269	239	-394	417	-188
151	384	326	-353	-412	609
-460	578	-431	-493	-456	-297
360	290	646	-405	430	-505
-651	315	-175	-599	-593	168
-299	-488	279	-653	181	-66
25	421	-164	346	55	-21
140	308	-16	-543	-101	-459
312	598	-601	-249	503	208
-162	268	-507	537	176	-33
-522	-39	-622	454	68	552
334	145	407	294	-477	-281
-239	-524	119	-41	596	-496
587	-337	-439	585	-504	595
-241	-182	154	309	-527	299
-281	-282	-420	-566	-443	-98
-279	95	235	250	544	-208
-568	-480	-2	-381	31	-227
291	420	657	577	270	264
117	-146	-653	-224	-209	-564
-571	169	618	-221	627	627
-165	381	-381	424	-213	654
-596	415	-305	-430	-378	239
401	-661	72	-575	-411	199
465	437	298	-475	511	-535
-449	-234	-564	44	-184	-273
433	149	264	-165	-103	102
136	268	-144	-185	193	286
112	565	483	489	478	-597
588	-295	-90	-464	396	146
-494	287	504	-218	-385	78
58	-207	13	-527	433	-207
289	-576	-634	-336	25	-29
25	263	425	-490	486	183
71	-63	410	-642	14	-231
592	548	-533	-121	336	575
213	-14	453	-311	313	-381
-196	-47	80	382	113	-103
-552	353	-376	-472	411	-168
-475	-135	-264	529	-130	-299
-603	-49	636	74	-543	595
-37	7	-228	-473	-234	399
-150	210	-27	-176	159	517
539	-164	-149	-132	-625	474
-470	426	-405	331	-422	-598
-653	503	-422	474	518	449
-482	-273	599	376	22	-143
-194	-478	101	-431	275	349
-67	-507	-518	87	-21	114
-553	-532	372	624	-85	-174
-283	407	-487	351	-353	399
17	-439	-316	-557	-217	125
406	87	-594	-87	396	-183
331	235	-501	-58	-383	-570
-49	-663	-276	-170	147	-547
-661	433	193	-118	493	138
-514	477	-59	138	564	-10
618	456	252	-632	-22	-37
31	-554	-641	-131	-660	500
-188	-234	-542	-277	412	-158
-520	-99	-88	-277	527	-514
388	623	-89	54	388	-379
-359	322	-427	-665	11	-562
403	56	268	-420	375	-145
-132	189	-78	-171	-159	-113
378	-645	255	408	-111	-617
258	-221	152	348	-37	-33
219	341	366	-231	209	273
-310	-470	374	-241	327	617
157	-658	115	-605	-117	-213
-483	106	237	362	383	-386
115	195	-126	-433	582	-218
-516	68	637	482	240	261
-613	-85	-621	-366	375	-175
494	298	-405	-34	-130	356
528	251	-305	-662	-543	-321
360	372	-38	-347	-91	381
383	229	361	-184	-316	-328
-579	104	-665	-367	438	-379
-611	-74	-264	580	177	302
-568	-480	-498	157	-117	162
401	639	-68	-151	-329	620
551	599	588	439	-44	459
191	464	-440	-348	602	421
127	-572	566	338	175	620
563	-64	345	-604	-192	207
480	-606	454	-466	276	120
247	-161	-225	39	-535	181
-63	-504	379	-366	258	-583
442	16	285	70	-104	608
-169	235	59	590	-467	-581
-46	-481	565	356	-637	-379
467	420	-135	-556	139	109
566	475	-301	-612	-362	-231
-162	239	-463	260	531	-4
-119	-72	-483	-33	105	373
475	244	35	550	-364	-87
-595	31	-623	125	-30	106
-402	-341	-317	-401	-320	-587
-338	536	662	-352	248	253
-38	156	-387	316	-652	-616
-46	660	375	-2	-226	-451
614	485	432	-161	-19	-35
-245	-38	377	211	-21	-153
174	413	-87	-573	-216	-303
-478	-512	-650	417	492	-426
535	367	-178	141	194	520
-156	102	619	419	187	-267
3	-444	87	421	-226	318
413	-208	136	-472	-656	86
508	-496	43	-558	113	-531
-521	-466	237	-121	-179	-473
148	-337	-409	-473	-636	-88
649	-330	587	22	529	-60
-572	312	252	-611	-247	248
115	-321	100	174	-121	-652
660	265	173	-441	317	-381
389	178	402	360	-291	-457
-242	-557	-642	-558	-214	160
-310	255	-659	286	464	-407
328	615	-269	-281	-262	110
-14	435	-24	-629	151	594
439	0	2	53	-177	324
-90	398	643	603	407	-356
-10	590	621	305	76	352
636	568	166	-245	-349	369
-163	252	101	-120	-142	-161
-532	-469	-291	571	-230	-388
-39	-93	555	-19	-510	-173
-342	-568	-48	146	180	389
-377	462	210	381	-329	288
-582	-399	660	35	404	-277
14	-649	-26	-296	141	359
-409	307	-93	614	396	-492
-49	227	227	367	58	524
200	-489	622	-350	-11	605
355	319	174	467	-59	-386
-219	-552	-424	622	20	562
350	-302	-105	-287	320	354
-49	238	-383	-187	255	-410
148	95	-547	46	554	-615
-625	-151	-354	-374	56	-377
526	406	634	-122	536	-411
-273	503	117	-605	409	37
-532	-126	541	456	150	-243
129	437	-187	-579	-179	260
-615	541	-131	-492	453	-72
-489	-324	28	339	134	-617
-334	-412	-485	528	-616	404
-599	49	-242	422	547	-476
292	-107	-313	120	399	-72
550	-596	-558	-602	567	-153
-212	244	-454	264	166	-638
304	57	46	-218	149	-338
461	-476	443	35	-659	543
-376	-27	-611	-22	77	-144
-519	-144	-438	155	-458	-73
257	-98	27	294	-141	-635
77	201	-443	-259	138	-365
413	-122	219	-530	520	-364
399	591	289	-202	628	118
-653	341	-70	563	154	-65
338	-662	340	198	314	-75
444	411	-360	-44	636	-357
-300	-392	484	-161	320	-154
-547	491	-344	-23	-362	-418
405	387	562	263	463	-607
-135	-332	-238	-244	591	-185
17	-444	-143	529	135	264
451	74	-7	-653	-558	5
494	558	-225	-78	601	-426
-245	-268	-39	484	-28	333
615	-337	379	-517	-9	-183
550	-538	202	-60	-173	-337
273	292	-443	239	614	629
361	277	200	599	426	535
-123	-219	-45	392	198	71
196	318	396	-631	-374	36
580	-503	-382	-173	28	-609
-490	-544	-134	-442	489	415
-63	17	590	57	44	319
178	-370	-366	-448	-149	-588
460	-570	556	443	398	153
177	2	100	37	-122	-76
-47	428	178	-159	-375	-553
-144	-309	-329	301	-113	170
-329	549	523	206	-347	221
-457	-250	351	-189	119	-434
184	-662	251	80	-367	-191
22	575	-166	-448	-384	-246
234	-649	-429	639	-130	-457
442	-634	-170	-258	518	-604
564	93	-104	508	151	348
54	-212	-457	-291	409	58
184	-619	286	587	-185	-354
-599	564	-368	204	-214	-356
434	392	36	-363	-284	-169
-291	-115	232	81	-87	291
222	212	-436	371	-86	-237
378	213	606	336	554	511
-204	562	-291	-374	-239	472
349	657	-93	638	-26	-278
-234	-600	-69	-237	-357	469
-352	544	582	643	-496	589
-35	-637	-275	-484	-502	109
474	-312	196	-613	489	355
264	223	-249	128	-383	-197
-199	-408	486	175	-64	104
34	114	-227	-299	387	-419
450	646	121	-618	-568	45
373	-180	647	565	-381	410
660	-26	148	25	155	522
-486	-394	470	356	102	167
-21	-232	154	595	-111	-300
-605	665	-1	-264	420	-88
348	-408	44	201	527	-152
-481	269	-552	-220	327	316
333	-276	239	475	451	-44
107	187	-447	82	-601	-603
4	-58	624	-371	347	570
240	76	-307	605	113	599
-75	216	348	-563	549	28
77	266	-490	280	-274	500
-611	165	425	-281	554	-229
-127	267	-530	-449	-287	-263
-221	461	592	385	465	463
231	470	74	-395	-52	-398
-452	-9	-572	-150	-601	219
-521	-106	55	35	428	443
462	-85	-163	-451	642	-284
235	-71	592	-134	479	-287
-380	392	-403	596	409	261
-366	-357	-434	-420	465	-615
294	-555	-387	-655	289	-592
490	339	184	-548	612	89
657	-500	-468	-26	214	56
132	-346	-22	-567	583	396
-411	-593	201	-631	517	575
-52	363	345	600	140	-558
-1	102	-331	90	-581	206
346	-214	-577	588	-260	-389
-22	140	-294	-27	409	121
-239	66	-192	553	120	339
538	-394	436	-88	517	-145
216	-247	-413	95	-73	519
-37	486	-185	11	471	79
617	-541	625	-384	-498	403
254	371	3	561	195	594
-580	108	626	420	-535	435
109	612	148	-34	366	-48
-567	-554	-480	-320	445	-481
50	520	-204	387	513	290
182	-313	-141	215	-36	604
-427	8	267	102	-345	605
-597	383	53	27	79	574
391	182	-450	-452	372	-662
-461	418	-395	-612	414	45
-444	499	-2	230	-97	-155
-15	164	-360	-476	-644	59
228	110	-555	76	-207	659
566	67	-182	-213	117	601
-252	-169	279	-651	308	-522
584	-640	-329	237	67	464
-418	308	374	-543	-295	350
331	-141	407	-135	-14	330
-146	642	-43	212	188	614
-336	401	426	639	550	233
92	525	616	-536	-437	-253
-47	625	-261	-195	-42	24
100	-438	365	129	368	-122
563	631	-641	-290	215	-113
-288	68	-629	-617	308	350
117	-605	604	-528	499	-479
-99	-289	-250	-158	547	580
-505	-85	50	-623	199	-566
516	471	317	283	-187	649
435	399	-433	-263	240	384
-436	92	-241	-305	278	253
644	-622	-252	-591	72	72
646	299	234	-527	-86	-94
380	-146	167	-402	-41	529
41	-472	477	-108	-118	-245
-530	-298	154	-35	45	-131
-432	-343	368	-9	-192	349
482	427	-81	-614	159	69
110	-510	144	577	-433	242
-445	145	511	363	-138	214
-204	176	204	296	-216	393
409	-235	-335	429	-32	-234
292	-347	106	-43	-266	-331
-558	-207	-282	256	-642	-158
-649	600	466	-592	604	-397
-89	-580	-610	353	88	-440
339	-517	-575	-439	176	-70
74	-404	158	-469	-95	-88
30	532	349	205	-496	307
-329	368	-244	97	-104	-205
-465	-339	91	-597	151	-304
508	-54	133	504	-289	468
-161	494	-55	-550	339	-346
-249	-507	72	434	-524	-155
-476	-226	-602	52	-346	13
243	-513	-396	-560	225	-371
57	524	-641	-375	361	111
-5	588	-400	15	-465	-100
477	-645	512	-39	560	-32
-435	-451	-44	2	643	381
-195	-282	-214	-498	452	-534
458	-568	98	609	90	-20
-254	-41	-407	17	15	454
292	359	360	451	-561	-463
364	599	458	310	70	469
527	-103	111	-32	-560	-409
-144	-89	-429	472	323	-653
501	607	280	-102	-281	-236
-282	123	-605	-251	226	-632
-326	-276	288	-112	98	-116
165	-465	-527	451	-23	-481
-515	121	43	-619	-75	-588
189	-72	-501	-388	258	-133
-659	601	-56	-348	100	426
-469	-316	-136	218	312	-13
-247	239	294	-439	317	383
157	-408	197	289	-533	-605
-243	153	-598	275	295	482
-573	144	-264	13	-9	236
70	-591	523	319	320	-646
-604	-71	561	213	-410	172
362	369	219	-36	223	182
-11	574	-382	-109	-625	649
454	-1	399	312	312	-292
259	79	-421	166	-402	-465
140	-305	321	335	-21	-575
407	629	-155	257	89	-533
164	-584	-341	-352	-261	-18
-592	491	220	-364	71	-169
36	-80	182	-56	-637	324
299	140	555	-157	-180	297
-483	-562	120	-139	-21	-409
-331	-109	-362	-224	529	-86
364	116	-394	351	-346	222
193	194	-287	547	573	462
565	-463	428	164	-135	279
83	-142	555	537	-121	-609
406	-37	-608	611	378	524
-186	-326	-423	143	-435	431
-390	-148	-400	-203	261	-510
-282	-141	206	-334	500	-346
213	-315	616	-515	386	-290
424	-647	-438	-637	544	164
-402	-605	634	-6	595	-606
-103	-129	-68	-519	617	227
-629	605	0	645	207	110
245	552	-612	-616	-114	-340
132	-65	-276	-195	376	-471
-583	-94	-455	-107	13	584
-449	-635	-127	-654	364	-605
-50	-205	-202	-331	481	454
-665	261	435	171	-629	-515
38	-425	-574	-184	90	309
-257	-74	-495	86	-448	665
250	8	-229	36	-71	448
-116	358	646	491	599	450
518	-361	428	-189	100	178
552	-28	-431	305	642	-632
-223	373	-619	-135	-16	-380
-207	584	-653	-660	193	-608
-57	-114	215	-452	-575	279
391	567	557	-341	238	-175
-122	493	95	-576	652	-15
-345	7	209	-53	240	-361
584	-252	-562	-229	173	-509
-122	-585	192	-110	451	96
-375	287	-142	277	-422	61
336	-463	-103	399	-576	410
102	665	-517	-518	303	605
-273	-561	-359	-131	-49	-192
-596	-416	500	380	25	-533
-355	-248	-412	68	-657	441
-455	-522	-656	-400	-342	-144
-405	73	-601	511	95	-595
52	-606	396	-272	490	268
-642	-147	-248	-656	-123	508
-118	410	115	483	-425	-200
-665	-600	501	597	72	454
-33	649	-655	134	132	-630
316	-132	10	-602	499	257
226	284	509	122	-134	-271
97	-618	415	304	-16	-396
473	264	-604	-620	-96	-349
-85	216	-621	-382	-627	205
-659	50	-115	-560	46	-180
-640	-646	-506	525	201	40
-398	595	-228	512	-360	-640
194	583	-620	-86	555	637
-545	226	232	276	-8	-500
1	629	297	500	-179	-636
-469	494	-249	637	-647	309
-628	559	659	646	-275	-285
-471	79	-44	626	-484	655
-230	-486	604	346	-92	228
260	293	-376	-517	483	486
646	105	153	73	406	-129
-197	259	550	-241	1	-498
637	-85	592	-198	212	665
466	-648	313	-45	-62	439
653	346	-578	-627	-206	-104
-436	-312	-319	-57	-40	-170
-457	382	-169	-247	438	-442
8	245	572	-399	649	165
-553	-355	-381	638	539	16
272	117	-583	-22	196	-148
513	555	-334	-519	603	-501
3	-196	289	21	335	600
271	-146	301	-328	404	-185
-50	-443	-164	527	547	-495
328	-540	386	214	-508	608
33	449	314	-412	-520	279
403	-472	-508	126	-121	-209
-472	132	-299	-517	193	-511
-456	133	-462	-218	417	646
-336	-29	-493	-4	-381	-168
374	91	-175	-165	436	-617
-101	-106	-499	-263	628	493
-64	578	463	-624	99	504
-634	272	606	134	289	-473
-111	107	575	94	-18	-319
51	-271	553	322	-343	416
-139	14	312	475	614	161
349	-602	-372	542	590	-542
-600	-380	637	-307	-31	-245
-631	-659	534	12	-190	-30
597	-113	-572	134	-314	277
186	-415	-417	-613	-24	-598
59	-495	548	294	-134	-276
67	3	-449	-619	-464	-336
459	243	513	216	294	-351
-626	222	53	-462	-600	-92
-343	-584	263	-259	-367	-49
-372	170	440	-9	586	-408
246	-171	-351	91	-311	398
497	111	-213	-370	371	-60
164	559	-532	-590	-379	-550
280	-77	-98	-504	-627	173
-66	-638	-574	254	334	-355
-245	-147	-580	-166	349	135
545	222	-266	-285	-63	526
-378	-76	27	555	573	-649
-183	-110	507	-610	-384	-76
257	-124	151	-663	-487	360
-287	411	32	277	-43	-163
-543	120	-353	228	-568	87
102	587	430	522	340	127
461	-139	69	642	245	-531
-367	-129	-146	140	428	-619
-113	355	451	400	532	-135
-275	-213	-618	-384	142	-607
516	-504	340	365	536	-586
-515	-280	484	-362	217	-286
-171	-545	-128	487	-65	-111
57	587	-13	306	-174	499
542	-77	-334	445	283	-553
-47	664	-13	-560	-580	93
-57	-626	-593	595	-309	-108
192	-605	350	219	93	-633
429	-376	-161	-102	170	-357
1	646	-115	448	328	665
316	-66	-19	-270	-252	576
325	350	-376	-596	353	134
-211	333	436	-180	-455	-19
-81	337	171	-579	-386	449
142	395	509	211	590	264
-445	173	236	-111	-117	-604
280	518	-480	614	447	-457
-567	595	-302	361	-40	172
-38	-300	659	189	286	-299
-279	390	-408	568	-271	-484
-346	-608	509	-158	-512	597
202	-23	-213	617	-162	552
620	528	63	-396	551	121
100	420	-344	302	-537	12
543	456	-446	89	500	66
275	203	-621	-438	443	473
30	-102	609	-411	-118	558
437	291	-274	-223	442	403
-9	350	-298	-374	-568	-577
-188	-302	523	216	294	186
-9	105	-216	284	-76	6
62	-330	-528	-578	569	231
374	410	-424	509	-401	419
-81	571	664	-385	134	510
368	-634	-142	629	136	453
-220	-302	-184	198	14	-257
-68	-53	-210	-574	105	-350
-372	513	-19	547	64	-76
620	231	107	630	120	374
499	-166	-183	661	358	513
347	-219	316	22	19	533
506	380	106	-511	638	-221
-632	-291	-524	-273	-375	-441
-271	44	-75	83	296	-485
-394	154	14	265	-387	46
606	349	-277	-330	516	537
-253	-144	25	-47	151	-309
504	-223	-455	162	530	196
378	-12	-334	-549	665	217
355	-489	-291	-289	-663	-243
394	308	-66	-598	-655	427
-89	194	-646	655	0	-248
495	-107	-641	114	203	-472
16	-145	-496	-655	36	-129
-336	303	-181	-282	-589	-399
-360	267	-306	208	-491	-604
90	-334	-565	533	638	-222
384	141	18	76	-462	551
-230	260	-404	591	441	-82
474	-614	-83	-178	-494	-520
59	403	-216	44	-468	-532
-267	470	318	-51	377	570
83	354	70	-645	-659	-370
223	-352	537	-241	318	-188
-380	170	279	-63	-544	501
-655	-665	51	-650	635	-640
-43	-460	-150	402	-154	-336
321	147	-269	-182	-621	603
-189	432	-568	394	377	94
-312	-202	-71	477	-508	454
-476	-59	161	-23	-271	55
269	620	441	46	-566	-543
-553	-575	-161	-528	-315	-333
-180	320	-599	-173	392	-509
1	-596	-183	-328	500	479
122	-547	458	-600	-515	73
-170	-431	-515	-547	144	-487
12	-616	-589	437	-246	-94
566	493	-555	-257	121	-228
558	-358	630	-116	-27	-657
-463	384	209	525	44	329
0	376	483	229	-84	-521
-545	96	435	-472	350	-176
637	242	177	-459	400	194
-228	155	245	132	113	-643
162	229	268	0	397	-424
327	350	607	413	269	331
-127	-601	-579	-495	513	-48
608	501	-272	11	42	-333
214	248	296	24	291	141
-24	344	-270	-534	568	-517
314	-531	368	-227	-350	-573
506	-475	-30	-10	-528	-571
590	-301	-454	195	-455	-59
421	217	-253	-72	-7	638
-284	428	-570	476	-383	-194
92	361	94	259	-579	-324
-59	-517	107	83	-622	-472
105	250	-533	315	-541	181
-244	-372	-270	-479	178	-304
455	-651	32	-445	326	-583
-145	-570	-643	-487	350	287
108	-585	-327	206	324	625
-175	-236	-105	-357	68	-10
-337	-58	252	-340	-619	88
373	-563	421	-128	400	189
-571	226	-554	-139	516	-259
-282	213	586	27	281	-225
614	-262	484	-121	-169	129
579	-533	516	-660	602	451
271	420	-525	244	-437	389
338	539	-338	-599	572	-423
472	164	-646	184	665	-32
413	249	-345	593	-193	509
-24	-94	-476	-484	19	487
320	95	334	-448	-127	37
296	-587	-464	130	-235	463
-302	414	-250	336	-36	-431
397	501	104	82	-53	144
582	60	-106	155	-503	51
555	-58	178	203	24	-196
-248	227	554	504	321	363
-485	529	-203	439	644	566
-614	379	461	1	65	-458
26	-468	-116	-527	-499	-424
553	-84	-403	-332	533	-76
524	-328	-207	128	165	-34
-72	-40	238	-488	87	-189
-516	-594	-350	29	220	-142
177	-236	-32	82	-281	553
-49	313	-17	246	-196	209
-368	310	-264	-24	282	-72
-162	315	236	-547	288	379
449	563	-128	-594	574	500
-485	623	-620	-147	103	-42
-526	-492	-641	278	-657	290
-300	-662	602	-661	-212	376
-413	187	-279	366	202	151
626	97	-435	-89	-70	-320
81	-467	451	221	-595	-367
253	-87	664	-290	-392	-53
333	-471	339	-445	-101	664
-257	-469	-138	631	-281	-85
-393	-162	509	-251	602	652
-15	-343	-50	44	-413	380
-68	95	454	-221	-490	-177
140	-192	-627	-250	-563	-302
-384	42	-99	530	160	-306
276	394	-466	65	-26	-264
13	166	182	-142	404	-392
-195	-357	518	276	612	-220
-44	-365	292	540	-148	-507
276	637	243	-385	487	547
61	-80	-619	-140	595	290
440	-253	-475	-89	-560	-23
-658	277	182	154	-322	-185
235	-344	-380	309	-81	230
654	205	364	-120	82	174
-371	246	32	307	-290	-197
69	-637	-519	443	410	526
568	-293	-578	-643	-435	-435
192	21	2	293	75	-248
-449	-349	-109	468	435	608
74	-258	340	-305	-297	-21
330	-319	-616	-270	550	-402
445	498	-152	-93	-426	-655
-646	-426	-397	-387	-194	-77
634	-21	117	-482	114	-116
278	-303	19	-384	-182	-238
-570	234	-37	198	436	-568
-447	-65	-587	523	312	-265
-80	-418	-642	465	-307	228
-397	128	330	490	-465	-65
56	231	332	4	319	415
-537	-398	-576	365	-155	-492
-102	-626	-384	53	598	-392
656	394	11	116	-583	-38
197	-77	552	-33	57	-293
159	445	45	-433	446	-279
463	581	-477	513	515	-229
-593	256	244	-230	-195	274
-174	152	-469	-479	526	-513
293	-464	-603	609	380	-102
-188	-647	614	229	-286	-328
621	-316	-432	269	-118	195
-403	-517	-294	-416	306	558
-623	-572	651	-291	-496	-505
-261	-351	-545	365	-567	134
232	565	245	585	-414	445
242	-372	-40	-287	-46	-189
476	-365	649	98	439	-73
-180	-136	186	605	-19	-564
571	34	526	-540	393	-19
-25	363	479	186	442	125
-659	-26	441	149	-239	-350
-24	638	-396	581	-405	283
646	344	-489	421	-117	499
-109	149	657	-347	619	269
606	364	453	471	201	-5
-323	334	-307	448	-214	358
-155	-250	-611	99	-452	-576
-246	-529	-165	-401	-132	-54
-334	-255	139	-644	-250	-79
380	-376	-663	494	208	82
273	147	-508	-142	-571	-158
546	-457	206	-101	-203	-532
-163	442	455	239	-269	-359
-322	390	-285	69	-5	-493
-631	-468	-578	-227	91	-241
161	549	63	3	-184	276
-553	259	-57	-627	473	462
-202	230	495	-130	-273	-133
-355	185	-508	-586	237	-98
-373	-89	-492	432	-406	-24
554	504	258	-265	-251	-450
-581	-101	-105	-135	300	391
248	603	-542	66	-121	497
494	-257	-409	449	114	-292
457	-492	388	-499	-34	662
-17	281	-268	152	-493	-58
-420	76	-372	-627	586	-228
-262	-341	-343	-16	-287	5
-505	-296	287	23	180	-472
386	-406	480	-455	188	-101
-613	-325	-133	445	428	-404
-231	-439	-35	-87	-580	-26
272	-281	-300	-341	222	-545
-132	-140	-157	532	-593	19
-572	-394	-89	28	212	-210
-343	629	561	-28	228	-652
162	-59	-203	413	56	549
-431	-447	130	-417	-342	-114
169	491	-150	-382	365	-487
66	-587	341	232	500	331
460	-398	49	118	-382	489
235	-426	-503	454	319	80
374	-582	121	-7	148	-361
-602	-634	186	2	-242	511
495	-151	482	597	-459	-659
-259	-627	35	-59	54	-653
-416	457	-620	-443	-279	-499
-205	-76	325	-620	-148	-647
-213	517	-244	219	-419	110
-22	-446	-270	-267	224	174
373	-576	632	-524	-427	-322
399	48	-586	89	92	502
657	-267	245	-459	441	-527
-299	-141	18	-220	-152	210
122	262	58	559	206	584
312	-148	-129	11	-254	-185
424	57	-298	1	39	-376
-458	-404	105	369	449	340
-198	657	-126	-629	90	209
453	-494	-32	-75	125	-596
-22	-70	502	42	-660	-338
29	-323	276	-94	-150	-286
-187	-605	-103	-499	273	500
180	277	-445	28	503	-95
-117	-41	-554	-89	629	-95
180	-351	179	-94	105	-43
75	-386	-557	393	86	-490
532	-42	83	-440	449	-310
299	288	-121	447	441	193
327	-502	232	-450	594	494
612	549	547	-464	210	263
-459	-436	190	-405	-409	67
-291	536	317	630	161	414
446	-261	-367	637	379	-383
102	168	384	76	255	198
233	-613	-484	403	-486	-142
488	-377	-16	-150	-103	-480
-550	-596	-171	-619	167	-182
619	126	-328	600	65	-487
518	657	-441	-104	-266	-173
-249	162	-562	-427	-473	89
-577	-216	-434	-532	-519	-533
593	-447	-592	525	239	-392
428	88	-553	-291	-367	-665
-543	37	-201	525	-51	-116
-232	53	659	-87	-646	189
-343	-102	-153	1	-27	-333
-503	-491	-390	-150	-489	548
201	-75	168	421	-287	-485
-387	137	465	-311	-107	229
-590	-256	-440	-591	-279	-122
-444	122	-344	-30	-34	-222
-380	567	187	252	-645	401
-146	-489	-661	-460	612	138
415	482	488	-358	-624	214
-41	214	-29	62	616	540
-423	-77	169	-422	629	-104
-404	522	609	384	666	270
508	-330	-385	-457	-304	5
-155	-69	-207	-515	-81	272
231	-523	-211	237	-211	-510
170	514	-631	-186	-358	398
-342	410	397	-482	-624	180
-309	-121	-600	32	437	551
158	-283	-445	-249	-74	-80
302	171	-548	441	-332	418
-508	-380	346	-579	375	-261
-481	274	-294	-539	-244	-113
-305	-548	-106	566	-584	-15
-618	243	518	-94	-310	600
-170	-60	-592	-20	-317	107
117	-355	-218	-344	501	-532
411	-538	-165	519	9	288
327	-146	-199	400	-432	-623
-463	-577	138	510	-219	-66
301	565	26	-60	-10	255
202	-38	-214	103	644	463
-556	468	-24	-618	650	338
287	171	-238	27	-625	-504
-71	-639	-433	-530	80	-53
357	184	297	317	360	-330
-205	297	280	318	160	596
457	-380	-68	-103	525	-393
-511	345	-573	-592	-141	-357
-588	-522	317	346	-600	184
-661	127	610	392	-463	84
593	214	-193	545	-226	571
-154	269	285	-75	475	-226
663	463	-1	-567	500	569
-509	-596	158	-236	346	13
-350	356	-611	-207	-91	4
252	-210	51	25	-580	-280
-492	-658	133	-55	-252	-506
-627	-308	572	623	-351	227
658	-215	597	-137	545	448
361	24	-437	335	-402	-519
358	-89	130	291	-169	-314
35	490	-363	349	333	-383
-658	-19	-619	564	-369	10
-84	430	526	527	282	-5
511	-258	-82	570	436	-483
234	622	96	-255	151	-170
-34	259	468	-216	215	-219
-399	-329	-208	-470	496	464
159	-303	86	-661	-186	-291
-161	545	478	539	383	643
52	294	285	603	-433	215
360	385	-553	-372	589	206
-158	523	-646	-536	-246	-55
-19	325	250	473	153	146
31	169	-21	-480	597	517
534	498	92	-175	-338	41
-96	-179	-428	361	-440	49
-619	305	-600	-64	151	-379
195	-103	203	621	606	-332
-565	-596	-605	-320	30	144
385	-383	-558	-501	-498	-294
382	417	331	595	596	-20
330	638	-515	281	86	129
-194	-491	563	-456	582	-326
132	113	274	638	-497	-46
534	-660	559	-418	319	466
-260	-597	520	-362	590	659
-138	595	-327	503	589	-431
-232	245	293	-477	-113	422
106	47	-418	216	92	-395
541	-49	-139	385	135	332
-468	345	152	512	-420	-587
178	56	610	-28	-659	467
-271	477	-340	664	354	-401
615	-335	241	398	-607	604
14	-538	-38	361	-665	-639
-100	477	265	-265	-297	262
584	317	375	-444	-159	522
138	52	-644	-392	-536	-288
-211	-362	234	591	-1	-353
201	-18	106	99	75	-163
-64	-603	-264	-220	-346	-22
662	-610	-214	-288	293	-16
-607	492	-480	-633	222	367
-387	-15	413	-230	-348	451
367	128	-315	-544	546	-242
-323	279	-598	-580	339	655
631	76	569	205	-464	-389
345	223	522	-650	-640	321
204	-232	239	-250	473	-575
-665	356	105	-249	-581	549
642	213	-392	-569	97	243
139	-520	-219	-404	-122	590
502	-597	-635	-609	434	298
-460	301	298	-124	-377	-44
266	477	596	652	193	150
52	280	290	-202	-446	-180
-362	260	-262	-354	-350	402
-518	-121	-398	-191	268	-249
345	30	-5	-280	408	-540
92	-112	377	-494	-57	-225
597	320	-301	-618	606	474
475	-487	-228	28	190	-198
454	-174	11	233	-382	437
1	359	612	499	-205	-486
-233	-410	633	-367	-463	178
538	-174	619	-210	522	-619
343	-620	-470	96	-25	-103
284	568	144	173	-172	414
40	-151	-632	-499	-153	638
454	539	184	281	412	-466
628	-18	308	-12	-328	-32
124	170	26	-195	-91	-643
353	-576	426	376	-637	334
-101	-198	285	204	-316	-248
604	613	-47	-524	-462	-283
-228	-587	-147	-484	210	-496
-319	-281	439	-115	564	-357
250	-658	387	-153	564	-573
-519	502	-328	253	-146	-245
594	152	533	384	122	415
-518	306	-658	660	615	-252
-614	605	122	-429	-193	-325
-561	357	362	171	281	-9
-374	-66	-243	-275	-30	-498
151	-277	341	317	82	-629
493	-395	-597	-435	-566	-47
623	481	-215	365	-64	-230
-636	39	634	-590	-408	376
-483	-352	-552	509	282	318
101	148	365	544	420	259
388	-84	-646	31	-549	-130
197	-533	-26	-440	-388	566
-168	-268	-221	-3	-507	609
-647	339	-217	60	-129	565
469	-410	-312	353	628	-180
382	-108	-302	548	-316	-75
277	72	4	-337	-441	657
-388	108	-551	545	-424	-72
-165	339	588	-179	-104	443
214	-415	548	72	-464	-190
-379	318	-633	537	225	-596
-126	-620	431	614	38	-400
-240	-380	279	-435	-611	-346
-241	-318	289	-332	-374	171
-212	18	549	-49	-529	289
-305	547	-115	-127	-653	450
-556	-184	-134	413	-259	-5
596	452	327	-430	-569	109
-225	276	-148	-502	130	-436
87	634	512	-221	123	-489
361	463	441	205	61	-357
-492	223	534	-155	-512	371
-153	-306	80	73	-658	-113
-219	450	-44	91	348	294
147	-577	56	187	421	18
-133	88	3	-198	94	-331
-588	-652	-176	-604	148	594
476	384	-136	-407	-580	-159
-627	514	-136	-578	356	369
-114	-547	-550	-158	434	-91
455	353	380	418	624	423
513	293	22	-556	-619	121
-518	-88	-119	-390	-407	336
29	-160	-60	235	561	186
-1	-583	206	-404	650	-180
229	-248	-642	-430	-508	-54
-503	150	-342	101	-41	-477
-567	-629	-572	288	373	-656
136	-653	142	618	225	-515
48	275	291	604	530	466
-269	489	138	188	161	-153
-189	-34	-349	-480	-238	-261
-341	618	-141	-124	665	-343
622	-47	59	-216	594	412
478	-140	-299	-227	31	-181
-439	-535	384	-284	255	183
557	492	-323	438	-486	-575
406	499	-366	234	-333	133
-660	-193	108	-241	-24	263
660	473	646	-272	-133	477
-486	135	-508	200	-162	237
289	-333	-538	-500	-217	-661
209	325	301	-479	-659	73
-206	-623	-136	-571	-549	196
-260	438	236	507	493	493
-454	-431	-127	578	628	234
-429	495	536	-57	221	562
513	355	-598	-103	-547	-315
-67	-87	13	-588	-560	400
422	505	-190	-288	4	-183
-445	266	651	126	167	-426
-86	93	591	88	351	95
439	397	-605	167	-643	-13
278	447	520	-24	20	-499
-6	589	395	-240	342	86
651	414	-460	-423	-353	247
-467	554	-335	-374	-543	132
537	-51	-564	603	-524	455
534	13	-616	413	248	425
-339	529	235	203	-65	507
-492	483	616	316	51	-222
201	-1	-613	-643	-388	-459
-539	-341	-143	579	330	566
4	527	516	-46	63	-572
-19	193	501	-362	-409	496
119	-563	-451	-138	-126	-527
-659	134	113	-216	571	-281
-42	-493	-214	-456	83	-552
9	-417	-218	-101	403	550
-585	-568	8	-440	-80	239
-418	-351	136	-115	369	414
-552	-509	599	46	-403	58
565	364	-557	-393	-628	-284
626	-10	537	30	-203	506
-282	-286	-663	-153	40	-655
622	656	656	126	23	-472
-389	-247	431	-649	-434	-93
-581	21	476	-86	-149	321
-214	-392	86	-360	-409	147
-323	-77	-634	-219	-623	408
222	-348	562	-71	79	-255
214	19	379	23	170	-264
260	200	548	-182	-652	-617
-406	-519	-79	-276	-360	343
-318	-321	-348	-392	123	67
-348	49	488	62	-419	-610
85	115	-640	617	-530	146
323	381	-152	-308	-6	205
-349	-19	-302	-552	-468	-209
286	-326	655	34	616	583
-219	-286	-653	-297	200	273
-418	528	-659	551	546	-659
408	-210	467	-342	-145	-116
383	245	54	653	228	115
617	-26	260	-109	532	-61
529	659	572	462	83	358
238	-218	264	-448	-650	21
-450	-298	471	-339	-72	-565
-459	-337	-339	278	133	-314
-89	210	614	-95	508	-189
538	516	-178	261	-231	456
-390	-620	539	611	662	-242
266	-371	459	309	529	-148
377	-274	-258	-659	-546	585
30	-199	-542	71	-233	76
143	-40	-296	217	647	324
-198	432	598	248	-264	100
618	-565	16	-20	185	640
-205	352	116	599	109	192
91	91	112	-4	425	-307
501	603	30	-369	-382	289
-301	631	526	369	-604	-562
-24	61	459	108	-581	322
-25	193	-649	21	-109	606
209	-281	392	255	243	409
493	602	544	288	263	-396
-96	-628	-88	73	641	-243
212	-413	-108	399	211	439
496	350	-125	156	602	-15
4	413	22	-438	260	-166
43	-438	-122	232	310	229
-109	-280	310	-313	664	256
518	235	-543	483	508	-393
195	641	344	-350	-436	-631
-539	-370	-347	-433	9	12
-11	0	389	-495	136	9
-428	-596	300	60	-525	-452
-10	-577	-429	484	270	501
-206	-440	138	147	378	381
-131	387	-173	-351	43	125
-109	-479	-331	192	604	-406
-414	666	-459	439	637	145
481	-514	602	-646	-62	274
462	-166	-311	387	-51	60
268	69	155	-372	-548	-313
130	242	-516	-431	569	-219
-187	192	-24	142	-442	-63
-25	615	-641	550	280	351
389	-659	-212	-67	578	-70
-352	-204	-358	550	-624	97
591	174	-438	405	-131	460
-104	225	-520	592	358	328
-412	666	65	-111	-642	115
-201	430	574	-551	149	-464
644	215	-99	-377	-151	421
483	538	-418	-212	77	-531
556	-507	212	-593	-103	-200
527	-559	461	-34	-178	-569
-300	-477	-260	-219	25	-116
387	-192	347	-590	-118	190
-597	506	386	225	-165	-240
-122	-364	487	28	-472	-245
-466	635	-345	447	-431	-11
-240	104	152	-404	-468	212
-498	122	552	-229	193	165
-319	222	-444	-175	138	-308
550	-407	-301	546	-173	-429
-490	177	222	47	-213	477
-91	605	84	-86	308	181
-422	41	-321	-428	431	-401
-555	418	-227	335	401	-480
-628	-310	-581	-625	-32	41
645	387	520	446	182	-599
-429	-452	-641	344	-657	426
-421	-297	226	245	81	-336
641	154	-385	440	-483	440
82	130	-264	255	-72	-664
-627	588	488	-72	270	-511
84	113	367	-371	-318	490
-252	-602	154	-100	-519	208
-45	587	634	-236	-433	-518
562	579	537	-17	265	449
-593	487	-487	-83	270	38
-474	116	151	-44	82	651
149	174	352	-535	24	407
-520	-141	639	86	-440	-405
546	440	-229	354	407	444
-230	-80	78	8	542	447
-229	489	-387	-93	182	345
-157	601	312	322	-520	35
113	-12	145	465	-486	662
57	296	-306	-3	-175	48
426	523	-459	411	663	-250
-225	67	561	21	-244	14
-627	57	-661	-437	375	502
203	43	483	183	-360	211
-9	493	615	130	233	312
-356	326	-239	81	476	302
-340	-653	-49	-240	273	131
526	576	-422	-194	80	550
-128	47	-33	-205	473	-310
-237	-660	-334	-183	-416	566
-332	116	-416	214	-484	235
-125	603	210	213	-367	438
-142	358	-205	291	46	13
-180	351	567	-571	-377	-107
188	438	484	358	234	468
79	-569	-215	-603	505	176
-107	-507	571	606	561	-436
-359	-581	-602	27	-555	-60
346	660	-122	343	614	-540
-161	24	-413	-534	-212	-161
465	325	375	-407	532	266
52	406	486	-577	496	-604
600	594	-80	124	-574	542
-350	-35	276	-282	308	628
-50	-223	376	-533	207	352
-602	-612	-230	-298	-481	107
41	512	380	476	180	77
114	567	-418	-415	638	-347
-377	199	599	201	178	-251
-505	-87	173	434	-41	-306
-634	162	201	97	-330	-169
-196	-659	-72	187	-531	-162
288	-537	-217	-142	-68	648
-451	-542	-193	-629	-205	-120
534	114	455	-154	-116	-487
-67	553	-67	391	655	-349
-353	-432	-91	-584	439	358
539	-467	-272	13	586	75
42	421	410	-346	25	592
653	659	-533	613	-663	234
-448	118	-280	599	180	3
-387	-37	-436	-535	658	177
-330	-289	27	-279	48	-359
280	-107	143	-14	375	228
-247	-252	418	-655	487	-296
327	-396	110	-474	431	111
476	592	-115	203	38	116
625	490	-116	-480	-613	600
411	511	-70	442	-232	39
69	-277	-232	289	468	-651
-604	-555	-621	-292	-557	-514
387	-236	505	144	-136	532
312	14	403	557	-188	-205
211	-591	100	-665	-174	85
-342	-639	57	156	417	27
-324	-173	-120	-658	227	-459
414	-218	-130	594	442	55
82	342	161	-75	552	-90
312	43	311	297	-534	648
-154	276	332	22	-625	-15
609	69	-357	-484	627	232
266	291	583	422	-600	464
582	-263	48	92	436	-213
63	-3	-474	142	-431	143
488	498	-644	99	583	-540
73	-160	178	313	-42	-241
-584	-226	513	400	-456	444
-243	479	409	-544	-426	532
-10	557	-93	-665	-456	157
213	566	598	-213	42	523
-468	-530	304	-185	-463	369
-371	-563	-449	-195	268	-300
205	-201	663	264	233	-70
-491	-216	122	-195	-148	-385
133	532	85	-308	135	-407
-386	184	405	656	-536	452
-600	451	318	181	293	-414
498	-207	610	181	612	-254
-68	503	533	-165	476	142
-54	54	524	-399	-332	637
-566	-247	252	-27	563	-100
-181	98	-157	-435	-168	-14
134	-610	606	-403	-624	282
-372	305	-211	54	-235	387
455	64	-42	-623	-240	90
-270	-209	-132	-560	606	-277
253	-268	-587	-233	-267	-574
-383	-117	-492	-414	-663	-429
110	-27	592	-439	413	479
116	350	505	298	-628	-372
-474	576	-162	-77	-31	317
-218	-434	-594	663	146	229
-644	575	-8	53	275	480
270	-111	582	-265	-629	103
-428	-585	-302	480	331	-184
308	-536	-605	345	-103	249
514	-47	322	-45	-241	402
113	-160	163	-39	-10	-123
410	-326	252	646	436	-435
-539	313	-587	261	43	-617
-51	520	122	-262	517	643
442	300	460	-70	-619	-418
-306	-5	477	-94	-212	-523
136	-202	-140	-574	-171	-278
-382	-484	294	332	-637	-323
250	-169	219	352	225	491
188	21	-569	562	-107	2
-61	375	627	-236	-264	131
282	-136	295	-642	-113	419
-298	-237	-357	92	654	475
58	-130	-618	-64	20	-200
-467	-465	322	-361	290	225
-359	-639	435	-643	546	95
-575	-390	476	-243	478	468
641	141	-551	-197	554	-327
501	287	-600	-152	287	616
544	106	5	-392	-559	167
586	-247	-423	510	-360	37
597	572	-521	653	-464	283
277	-217	-342	458	-315	139
-21	-417	319	247	-345	-632
-46	-519	-575	170	57	-281
644	-181	-548	-212	-30	303
340	-377	-201	290	-308	-465
216	444	-630	-448	-338	325
-411	-644	482	-528	-268	186
-59	-59	308	-219	-224	-111
-184	-319	471	-49	8	-407
-15	-515	80	-142	-400	-655
-387	580	-87	295	273	-200
-235	-593	-302	59	-116	-128
438	631	350	-309	191	-174
-1	448	-34	69	303	-136
-196	613	-516	309	335	98
442	-291	-169	592	312	-216
-402	408	259	45	29	371
-189	519	-536	-132	-242	-493
282	199	-257	-194	295	232
-65	565	-200	-627	-599	613
-436	-661	-423	583	222	513
471	193	-506	616	547	-379
-261	554	-52	37	103	410
94	189	-447	1	358	191
-374	493	-111	-413	650	-240
-341	397	-427	581	353	660
-6	-664	254	-144	52	-153
404	231	155	659	-152	615
-362	-182	194	291	264	515
-566	-84	-664	-517	-109	40
-418	563	-96	-452	508	-434
522	263	-662	15	-258	-486
-375	170	-298	-321	-543	-70
-64	376	-635	77	382	-514
-256	368	63	-392	-541	535
-408	-121	-210	586	-187	253
-638	-381	451	530	-654	-453
-279	354	-501	324	-620	-116
-289	363	614	-361	18	440
590	-299	456	-21	270	67
-280	29	393	-617	56	-35
194	539	313	441	231	227
-650	-240	54	334	-60	-53
-236	528	-21	-257	404	288
-182	216	419	-35	-295	408
-452	-149	-7	-199	-179	-521
-356	273	502	-104	-588	-275
-327	406	533	-464	18	593
477	367	-664	-222	-142	404
496	-75	13	-341	345	214
13	15	-119	343	-499	445
-122	-589	-420	503	-416	-311
-277	604	-552	-161	-469	-434
-64	395	169	-13	186	-576
-5	-224	-67	-424	333	-4
588	-247	-290	-390	-525	317
-135	-501	255	330	590	62
-125	623	-121	479	251	338
-105	653	481	-63	-445	134
149	478	-513	181	-430	-57
167	487	616	-101	-230	171
348	-225	-318	201	-134	254
-607	-224	242	36	654	-521
-624	121	591	652	371	-251
-357	326	25	-605	245	-382
231	99	-254	346	268	-216
93	16	-553	-119	585	636
427	548	126	310	380	329
-80	613	186	-591	-244	563
377	-500	-38	176	-21	204
-159	-383	-120	401	210	539
554	-609	555	-542	657	-548
538	-344	406	25	204	318
-631	569	-484	603	133	-415
510	-308	636	-467	56	-170
-167	38	179	79	-532	49
-122	-576	-247	-342	-506	-184
331	338	-661	457	491	-26
-628	418	517	-558	352	527
-181	-298	625	-411	-559	-129
-634	-288	492	207	550	-426
490	-568	460	561	-158	643
603	297	88	-611	-71	375
271	-552	533	78	289	608
-470	-451	618	424	-239	-130
302	178	606	-207	-29	464
607	414	116	487	-118	-4
-22	281	-166	274	-10	-449
-447	-140	-409	72	-402	-354
407	-477	420	-121	618	-104
-216	46	280	-215	403	-9
3	-25	650	655	-660	170
414	-354	353	610	232	-220
558	452	313	-461	562	-93
-275	-234	-638	-68	-164	168
-73	338	455	461	-504	366
459	-70	466	-271	-184	98
-4	-657	-568	380	582	-486
-300	238	523	629	362	440
-282	163	126	120	-286	501
422	84	81	-600	-209	-386
478	-351	472	174	-484	601
23	641	-305	105	45	590
595	-498	571	330	276	-630
392	-439	-372	-217	-562	121
-41	24	-362	-355	370	-279
79	513	-61	-326	202	-229
-28	-399	176	-131	540	-219
443	424	565	-559	401	394
53	496	4	583	610	-525
-153	-357	-65	616	-5	185
506	-526	30	-27	-288	364
-142	344	240	21	-368	359
-503	-165	146	-343	-459	-598
456	544	89	-229	-146	392
-555	-63	408	-319	-47	357
-87	-344	195	483	42	-200
615	428	-267	-406	521	-108
3	359	-317	56	-624	148
557	-652	-173	557	515	-530
96	-318	462	-581	-222	-665
96	-185	-9	-206	81	281
-108	-547	262	-59	-22	-532
507	-519	281	-297	-45	-551
553	389	392	-422	534	86
544	-352	403	-441	569	-322
-114	-662	-54	24	66	-155
436	253	270	-391	-491	-636
-491	313	-29	630	-303	-440
141	-653	178	-181	111	-664
456	623	279	-115	282	623
193	-665	-282	-622	-369	-362
-511	-324	-146	88	-45	-615
467	481	-225	-352	-441	263
-393	15	-342	-401	-412	-351
-280	196	147	41	547	519
117	63	-288	422	-240	50
-467	-164	-228	81	324	-164
657	-598	148	-219	-607	329
-74	-117	624	-509	-32	-169
18	-583	-182	-608	272	61
224	86	-467	-391	329	-283
-62	-264	593	-538	-112	572
421	64	172	-401	579	185
-382	608	-296	462	-640	-653
-326	-483	-148	-481	-245	-167
271	-314	-254	311	581	63
-414	-137	-586	-558	373	-55
260	-600	-428	404	66	-471
98	500	-239	391	-302	6
-132	149	651	41	324	547
-100	-178	405	119	237	460
-204	562	657	-59	-242	-357
557	-113	-557	5	-216	380
-241	-333	-44	561	384	-351
294	454	-518	437	-103	-488
-441	-450	-615	66	340	-446
38	-128	69	518	-405	208
-464	596	268	104	-584	-100
-257	216	174	-124	-335	231
333	-50	-434	-359	618	-316
-470	-491	-102	-565	51	-223
612	-74	-296	-208	-576	-408
-328	523	-453	581	666	454
-66	3	-302	446	105	-101
-358	-165	497	580	580	-387
460	-158	-152	576	379	510
-645	510	-8	-197	593	306
-457	486	607	82	479	67
107	-469	652	-330	-187	-173
322	-298	350	497	-338	625
-494	102	-68	-583	10	-27
507	-130	-421	-467	-21	-642
-324	-468	-251	-341	-39	143
-262	296	143	-184	-160	-162
-425	-328	-154	-656	7	-397
-573	-612	618	-94	349	40
-57	-341	17	192	187	162
14	-274	462	-478	-168	140
-191	328	-102	-145	-362	-549
-300	93	-578	-606	-637	299
-41	91	628	-231	-284	-140
437	186	-512	191	616	414
409	531	-315	107	655	-342
425	280	-597	-239	502	-620
533	-295	45	568	443	-535
-209	540	283	152	448	-493
483	-319	-215	-497	48	506
520	355	-91	496	-302	-492
-288	-44	307	-516	356	-93
-223	-145	-488	78	651	-214
-497	-77	-533	310	85	281
62	-5	-144	-604	279	-2
-453	-355	334	254	-69	156
-383	-27	-429	-159	583	-604
-648	628	-588	403	249	-6
-426	409	-7	-617	-328	479
488	-597	577	181	169	-519
-73	-432	-128	110	-54	144
-541	-176	-623	-272	-472	165
193	307	384	-232	629	-603
296	-451	-465	526	-615	-158
-230	-131	388	558	-180	543
-345	632	-413	-320	559	-209
-306	656	-395	522	608	-615
514	54	-147	-626	172	141
288	397	444	-55	555	-255
-188	333	110	-580	122	482
-520	-123	183	102	226	-626
51	292	-41	-358	567	-514
595	-427	241	104	465	421
256	-644	468	269	-74	-509
513	-152	608	-460	-268	396
27	164	-326	65	-179	578
-431	-45	-286	-279	-471	385
-79	578	316	537	49	-24
295	-547	-542	-52	471	120
443	479	655	258	621	441
0	589	562	41	398	587
-348	322	265	359	522	468
-385	-152	490	-519	-630	-218
319	-455	272	-380	-215	-650
-643	-109	535	-131	518	-173
560	504	483	460	666	-374
579	201	197	-329	-90	-189
67	409	-219	-570	-510	409
181	-307	-650	-317	-489	246
-380	190	-41	-37	546	-495
-370	-370	-499	-139	561	43
119	-598	30	76	-334	357
349	416	57	-548	111	308
261	371	179	564	468	227
-378	-116	31	612	621	-628
-80	582	-39	474	544	-154
235	-504	579	-294	-264	289
517	525	-475	-249	-471	-392
263	117	140	189	465	-78
311	113	-421	485	-307	55
-254	-407	310	304	-314	552
-452	260	236	89	-435	43
79	-199	-244	-342	615	-647
380	295	-654	-562	82	465
542	-336	58	218	-222	-229
-266	63	-93	-329	17	151
559	-332	662	370	545	581
-507	-314	-225	468	-507	603
-417	-214	105	-635	523	173
69	478	526	555	-331	-221
327	265	-17	334	606	538
-440	427	-405	-16	-579	94
-517	-85	-204	-42	-624	-61
-436	-105	308	-179	242	-15
317	-193	-638	274	-117	-320
146	-409	-620	1	-537	101
-17	139	167	-136	168	618
4	332	559	459	-399	494
-20	628	-65	420	-48	634
86	588	385	-146	-601	512
-149	210	-176	-666	567	515
320	-114	-527	471	-78	-468
391	-222	663	-34	21	-109
-588	-107	-301	-617	-395	224
100	-555	31	-12	122	-192
-613	646	-481	537	-64	-570
395	566	366	-645	-349	626
124	-635	356	264	-95	228
-664	-656	-149	-402	-129	-533
484	211	126	-430	641	492
-399	-54	-411	-10	-531	613
383	518	299	337	-226	527
-599	-454	-125	-98	520	652
493	143	302	385	-631	497
567	5	-27	-416	-420	140
300	25	-286	161	-593	-602
172	-207	-201	-136	124	-73
330	-8	496	131	502	336
552	-121	-373	-558	-389	-31
340	-640	-506	111	510	523
-381	476	341	531	609	-437
-563	356	-41	651	179	82
219	251	-426	558	81	297
-10	-322	-524	104	51	621
-552	-372	248	486	153	-501
-504	450	-391	-134	142	-504
227	469	628	-227	509	-603
-110	271	126	284	-290	-473
511	505	-496	-553	-578	-393
-504	289	239	242	-375	590
646	309	-602	556	-433	-638
-266	-583	35	262	511	-343
-252	502	383	258	-653	-533
-165	548	-123	305	53	306
56	-36	-268	435	615	601
426	-304	-47	308	-459	-183
-402	6	-571	-568	-15	265
172	366	-496	499	-339	-368
-337	279	457	-337	511	-466
-438	221	-533	-584	221	-13
303	-464	487	-310	410	86
-89	127	626	-601	-482	356
-420	-319	50	-537	227	31
282	87	484	585	-469	-308
-261	-341	-438	366	658	455
-446	-211	113	42	155	74
-297	243	-261	191	-438	-450
-146	-134	541	-68	422	564
-358	615	551	383	-274	-442
474	80	-563	316	463	-345
-448	-125	-313	133	370	14
151	-277	-520	-528	199	-364
-38	171	-235	385	123	-168
199	-601	-446	465	665	495
-510	-637	-102	586	-581	-568
-366	558	90	571	-546	12
543	-639	307	-149	-200	226
651	322	606	-659	206	-20
-19	-147	-606	-508	143	654
-271	-27	136	646	600	183
379	293	60	-165	-119	89
-70	-156	217	579	526	-525
335	-258	-2	476	-421	-603
624	400	-218	97	406	330
-290	19	43	439	-12	402
493	-252	303	-200	-516	-176
606	354	-209	444	36	104
253	-482	-88	598	-439	132
-113	-284	319	-568	-534	-304
-542	570	195	59	-247	-342
-450	300	-269	-104	226	-153
-373	289	350	-218	571	-34
150	-108	448	347	322	-1
-242	285	426	304	368	275
223	-221	-263	630	-544	198
507	-389	-130	-629	344	-265
390	28	-169	-147	-242	270
-223	-77	-316	-436	163	637
517	106	-198	-591	505	-141
-263	-612	420	42	400	-533
528	145	-524	-538	-208	144
555	-650	-545	216	-456	-650
-570	532	385	332	92	-272
-349	-297	-279	-462	566	585
117	-328	-292	91	282	-65
-291	-433	-544	629	179	364
188	-323	66	368	595	-476
424	599	-524	107	355	623
213	-172	-288	-453	-162	541
538	213	-428	133	274	-408
-511	-654	530	403	50	-446
-447	31	22	72	-301	223
-444	307	291	-542	626	-594
-157	113	-23	484	92	-74
115	-276	-502	-323	-242	620
-165	202	-315	426	336	55
-333	541	-11	662	-509	153
-41	-110	495	-174	-250	-79
-516	-173	191	500	-138	631
309	448	72	-399	-368	-465
363	-644	-8	327	338	369
281	564	31	67	-595	-247
-27	635	540	34	-270	-541
-132	-270	403	162	-281	26
107	236	-159	-392	-391	-470
-189	-610	460	-410	522	-573
-86	-188	265	-560	515	460
-314	-209	-238	-305	-288	484
-265	-652	592	143	-450	288
241	349	-284	-370	-109	-355
568	-544	382	288	531	-55
469	174	312	-393	649	-664
-381	214	-81	212	-657	-431
-132	165	30	-366	-563	-587
-157	500	241	-29	-655	-289
299	-124	-270	-334	-515	65
-593	-596	-176	-127	529	-639
117	-616	647	225	-576	591
204	268	-461	375	221	-51
-194	300	1	-176	-644	-606
-611	44	-213	-104	425	-182
485	303	-66	-506	98	252
-443	-342	23	272	-176	-572
127	-283	403	-296	452	342
-659	11	292	-172	505	56
57	365	516	-442	647	528
-140	-23	431	-314	-360	237
-150	122	481	-541	-518	491
13	386	-620	-527	-96	636
-310	-606	349	611	-309	209
294	-629	-336	-396	-538	-640
291	-491	-387	-571	158	-552
513	521	-409	106	-417	571
276	-382	582	606	633	-411
-597	101	350	533	-188	-461
-353	-304	388	365	-361	233
-180	-276	281	-92	3	31
585	550	253	288	356	-199
-359	-91	391	-16	261	37
-281	173	14	-319	-594	343
402	557	406	34	-387	7
230	-62	-583	-297	-374	58
-308	-659	484	330	-637	-503
-296	133	521	566	178	-570
-45	601	285	-114	30	-196
-608	233	320	566	397	-315
215	252	-439	-174	20	144
129	-577	516	412	238	-244
-374	-590	79	-387	625	201
299	340	-215	-462	6	455
-217	-53	434	557	370	382
-525	99	-199	-597	657	164
-582	-241	-130	629	-527	-6
-63	-610	289	-407	483	571
322	-144	-93	-611	602	9
-424	476	185	-552	299	-445
515	233	304	160	183	-219
84	584	390	-156	-191	-613
-298	412	-44	-567	-43	-422
-228	509	16	362	492	265
567	336	-75	620	-206	610
-466	0	69	112	28	-175
-571	-459	-208	537	-98	-343
421	221	132	547	-310	-260
629	517	255	499	-229	-407
-226	253	-350	381	393	218
-26	-218	-369	-234	614	565
513	-286	-198	-270	-175	-407
261	-255	45	-104	-387	307
263	-570	-491	-395	-38	-552
-326	45	298	-400	224	-14
-49	77	197	-558	183	381
29	25	354	322	-407	249
-552	-407	-532	-30	-137	67
577	187	-546	-425	-542	-263
-512	324	-195	-274	608	398
628	107	-389	-530	206	132
38	-546	515	332	242	654
-56	-329	-558	-284	79	319
330	-140	-493	-521	578	-627
-252	249	-163	-274	656	-466
-662	-590	-523	-417	349	-506
664	-649	423	-345	-535	573
-173	-357	660	292	104	-379
-455	-167	279	-8	-26	-497
519	-19	-211	163	91	332
-50	632	-194	-13	-235	-612
-650	-34	425	-140	500	439
288	362	635	-191	442	36
363	606	-364	639	394	316
-646	474	-506	548	461	368
167	-451	183	-188	-238	-445
195	593	522	275	-23	-251
-184	227	-233	327	-118	-616
152	-7	-406	-187	252	-434
-623	-352	-381	-126	523	-491
-592	-151	-389	-486	258	-389
-436	-294	-37	268	341	345
33	-157	-162	183	-366	-608
243	92	39	74	48	-515
327	270	664	-33	209	140
-616	-540	224	-183	74	616
129	89	203	-491	-348	126
-588	543	621	-46	304	186
299	-388	630	-454	285	-240
-349	95	322	-525	-26	99
39	-67	47	460	-180	649
-537	159	142	162	329	-206
529	87	-21	-109	249	18
4	212	89	-339	588	-248
-486	663	-536	615	415	-395
438	304	-28	-298	-437	333
260	-357	460	187	574	-240
-612	80	110	234	-475	-13
537	-356	224	58	599	138
111	659	394	-341	471	-222
296	-28	-325	384	363	41
-185	-188	-135	-76	66	-321
-411	143	-610	88	446	-143
452	493	-621	-221	-3	-76
351	-212	-610	69	591	-100
360	-103	433	173	-7	-509
-294	-504	646	361	202	215
423	627	579	-608	298	-375
-138	-169	582	-84	-407	-442
549	-158	612	2	-640	330
501	-59	-468	536	-41	372
-59	-222	-471	-476	-630	-421
-603	379	32	-570	-14	10
467	-172	-602	-500	-36	-160
-192	69	246	-491	569	218
43	382	397	290	-454	230
-528	-205	130	104	418	-307
548	274	634	25	555	-180
216	-662	-416	-128	201	-446
135	35	-214	-521	-375	132
-156	161	106	657	265	454
162	603	-26	111	42	-624
10	392	-483	-522	-232	175
32	-389	-521	-121	-41	-338
163	551	452	64	541	-500
35	-420	-324	-144	-160	364
139	-400	-468	-118	-24	189
-75	-129	631	-222	241	451
-559	96	-565	251	631	-210
-392	333	-303	-240	440	97
280	68	-631	262	-499	-350
-580	-289	-542	-482	76	-311
96	543	-496	377	-121	-394
109	-120	-565	534	-142	441
-327	-37	-71	-574	59	52
376	431	119	230	181	-334
371	56	-518	-48	224	324
-424	316	-30	130	-173	-584
57	-175	-459	431	-186	329
447	652	-135	578	660	523
-300	438	-150	155	284	-56
-552	-381	335	329	476	172
-570	-83	138	459	-11	199
-424	530	30	464	-352	89
-632	359	-198	-582	60	-229
458	-478	-88	-291	152	446
-242	206	391	-15	-117	137
308	-232	321	491	116	-555
594	-463	-321	-422	411	-576
-613	-637	126	-331	495	437
-175	468	-215	19	468	-241
-427	345	589	132	-192	143
208	53	557	428	-560	-180
-85	-212	-403	-20	619	527
310	-341	-52	296	-236	542
490	327	507	-357	169	4
-586	-27	172	-165	-135	250
535	305	377	412	12	-336
197	124	-344	269	-154	658
235	347	88	-662	-10	-498
-400	182	602	-638	179	609
517	429	640	-571	662	-455
-207	-199	653	-321	60	347
-540	-92	606	-456	-378	-293
-567	214	-501	-485	432	-490
613	-329	656	33	383	309
113	-82	198	-157	139	-102
-252	329	-360	-370	415	75
6	332	308	122	-522	244
27	411	-635	509	-553	602
275	344	146	435	-203	-219
-14	-504	541	247	276	558
-314	-627	38	110	444	214
-584	-608	178	231	212	114
303	-403	-143	-515	-244	55
-480	-597	600	109	-463	591
-608	-627	250	255	-475	356
69	-451	101	155	364	85
-619	340	193	7	89	499
246	-100	473	-111	487	520
473	615	-310	149	533	-449
-663	63	54	324	138	-451
-573	-230	-276	-317	446	-426
-513	-442	-519	-234	-529	-493
-316	13	316	61	398	626
348	-144	493	81	13	359
580	-77	206	-416	-208	-649
48	500	-502	-52	469	-527
-420	515	-373	-573	-143	117
224	322	-376	-569	8	-41
-538	-163	-162	110	-637	-268
-537	295	-283	601	-594	358
504	-406	143	448	634	450
-437	-496	-301	-389	-624	-123
-316	-122	-59	-434	-474	-12
-145	-620	420	-221	618	305
161	16	154	197	-417	-490
-14	257	-417	3	478	-89
-523	-21	388	-127	-542	-198
17	638	-130	200	376	-188
-549	-583	-355	626	-359	-193
-18	573	278	-632	-646	-653
162	216	594	-323	-384	334
287	-584	447	655	602	149
218	-18	-190	-64	-107	373
293	507	-123	532	118	-267
586	-369	284	-257	-208	504
107	-622	-102	-152	622	325
361	-584	-550	-583	231	-316
-638	-378	287	515	296	-512
213	484	-190	-495	-238	-650
100	-559	-398	-335	423	577
-645	162	209	-154	49	-606
-88	-266	298	-318	536	-483
34	-373	245	489	-529	644
-377	-217	-607	79	341	-622
606	575	570	109	-103	457
70	237	-600	-407	-209	-226
-94	499	-121	-438	-209	495
-154	61	275	-268	-1	-297
17	65	-237	519	-478	250
404	-515	414	-557	-244	526
-450	-207	-204	-387	-504	572
-495	565	-366	459	433	159
-201	-649	298	601	-129	242
-135	238	-178	-638	-635	-253
-46	-63	239	469	-475	142
-459	-384	45	230	448	295
495	178	451	541	123	182
-381	-138	604	529	169	633
-640	529	146	-438	-542	-600
596	-27	-366	-280	46	99
-193	663	-260	-174	268	-54
52	-606	-489	-22	-621	-354
14	-347	322	545	-620	145
-144	273	-434	393	-179	351
-182	32	-256	34	-93	-105
-127	-387	-241	-212	648	-469
-533	-385	540	-136	-358	213
-203	-413	-185	653	3	76
644	-50	104	313	-593	80
-290	-206	-441	-487	-108	499
542	84	603	561	251	70
457	-591	-499	-621	5	428
-498	241	140	-502	-407	617
329	309	650	-231	594	608
-639	-452	294	460	-175	-376
-525	361	357	88	-544	569
567	-507	-512	-532	403	-518
-428	246	620	484	-54	-63
101	585	80	350	27	-161
430	-256	512	-278	-116	-637
-63	-272	124	-597	259	-261
-415	-467	70	29	129	-158
22	576	-563	435	-494	-640
-613	-556	266	459	56	-143
-36	121	170	605	-445	118
-293	-171	-658	-423	-560	-76
-31	-380	620	-197	-619	-78
-39	-175	555	396	-569	-21
57	-461	233	31	165	-370
-424	-592	201	58	-319	291
239	-154	178	-577	357	174
202	464	-164	-541	-534	-517
186	200	343	-428	-625	-261
-24	221	454	-656	-173	-61
-634	-74	76	-381	145	-406
-45	-653	-154	120	-98	568
242	297	465	-456	259	-530
-486	-663	21	-460	170	-24
-362	-565	-588	33	496	-442
-228	299	176	-54	661	65
-249	-459	-551	514	-409	-454
-230	618	33	326	445	-340
-52	221	-76	357	91	663
39	-556	-81	-221	399	-309
391	-542	70	372	604	-118
-512	488	-456	606	-128	210
-78	445	-103	109	411	547
-56	-176	-285	-298	-52	-579
341	665	-554	578	632	-665
-33	-115	-586	424	649	-47
-562	-193	401	-228	-429	224
512	665	136	-526	-86	-343
-547	-121	573	663	72	289
247	529	-372	280	-244	-392
-182	-181	234	619	-563	460
437	109	-366	72	134	-16
138	-279	453	-346	-54	76
273	-482	61	-397	-296	552
-23	352	264	401	-300	627
110	347	-379	-392	-105	-64
-250	-588	-574	268	-487	-169
-115	-280	516	-507	-493	182
457	-310	-281	-521	-202	-210
-95	590	-379	387	486	355
205	-353	-606	78	158	-636
466	-592	529	383	-537	-278
-598	-412	-246	-405	233	-524
301	-167	-256	-274	-317	92
-303	-489	242	613	316	260
-550	-431	-492	-135	442	-35
602	-430	-570	15	556	-249
-573	-326	473	-552	-43	267
-665	-247	-331	430	-408	251
381	-664	-354	227	581	-271
-622	-279	61	-421	-502	-567
467	-227	650	-274	-335	-154
653	440	126	-365	508	-84
-318	300	287	631	-169	-656
-492	-513	71	63	-169	367
-545	-656	189	109	609	284
-64	566	-646	222	-177	-267
-288	6	528	-233	-595	-510
131	517	523	-237	-654	258
-204	-270	-28	-624	138	168
-393	407	584	15	503	-477
18	-32	-431	-204	-479	-254
-614	-653	-141	382	243	-318
20	235	335	219	-67	287
-8	-140	-52	-117	-500	-309
-282	115	265	-359	50	-513
295	-449	-226	-356	-641	419
425	-527	-331	-362	132	503
290	221	659	-399	-569	144
-629	559	409	-44	644	-319
552	-614	-119	-357	664	123
91	142	-365	200	-82	194
609	-362	253	-337	356	415
651	17	-316	-408	369	54
579	-37	-598	-17	610	467
389	416	581	445	492	-469
-332	502	-660	-173	581	-420
-603	-524	-615	-3	316	-62
34	538	-627	-105	317	-560
122	616	-456	-322	485	-175
-241	-36	11	391	136	-661
-162	-312	466	318	310	-65
445	-611	215	341	138	292
440	174	657	92	-333	-317
-406	613	588	-485	285	-309
650	625	230	593	-248	420
-535	-214	169	-311	576	133
112	-514	536	-51	255	487
-40	323	285	-576	-174	-89
-291	-632	-237	321	-351	582
-181	290	358	-209	-135	-629
562	-369	-318	-438	-610	-87
146	-581	-289	-446	-638	275
20	96	515	-208	497	-179
133	99	621	81	-470	483
386	-179	-72	-320	95	219
72	576	181	-384	565	566
380	479	55	82	-265	208
-28	382	-449	-373	628	441
359	396	42	10	-598	-405
233	-281	577	-566	-506	324
-466	-254	375	-59	-282	-423
112	-458	523	65	-217	-41
-513	81	-317	496	322	-576
-350	60	-155	-87	-173	-535
-66	324	-567	416	-658	119
-93	-20	-588	544	-596	25
47	-499	610	-212	-492	619
618	-205	-94	448	-121	623
572	-109	-286	232	-211	494
-177	84	-42	335	543	-13
-299	-111	328	-363	-492	647
85	14	-110	401	-510	26
299	411	613	-660	154	511
467	-43	361	-7	10	557
-604	334	142	-143	33	-618
521	-355	-33	566	-421	-86
90	-319	-191	307	-230	184
333	161	666	378	574	55
317	409	-369	316	487	-336
42	-79	-370	-521	611	-570
230	147	-661	-125	-184	-12
-510	-650	267	-310	159	-21
199	-194	-364	146	-588	-577
-350	-84	397	36	178	532
641	274	-325	-159	318	73
287	-73	-354	-515	-133	-595
532	-641	78	233	391	-464
528	-636	-440	-119	309	-307
33	184	-222	-49	-439	-38
665	657	-173	322	119	181
102	453	351	-195	102	327
457	-176	666	-186	-326	441
-591	97	559	-643	-52	-4
476	-219	-650	69	-140	127
416	342	291	-375	-247	-644
-407	-323	-633	104	-238	-289
-64	367	-622	386	-440	-362
-98	-137	153	593	-167	-558
-274	611	-496	-415	-144	-12
246	-530	586	657	-319	133
-333	-64	49	51	-498	426
227	-510	-418	-588	340	82
-628	659	-141	-293	17	195
-409	-169	557	431	15	275
347	-93	-658	611	495	-164
-628	-586	-353	-294	638	-162
-252	554	519	203	-458	426
344	-559	-588	-59	-599	-220
434	-172	-223	365	450	-193
-311	-235	-379	-207	39	-619
-517	23	97	-44	170	522
340	305	-113	413	608	-544
-276	-244	88	-31	306	-638
503	-204	229	303	314	272
649	-93	148	335	521	-241
108	320	53	463	366	200
19	544	-561	-488	369	-256
-468	197	325	502	654	-607
474	-399	-159	-43	472	-346
-237	-530	-136	424	426	-579
-468	135	583	-486	-154	-528
-511	373	-144	-116	-405	339
448	47	515	601	107	-653
-380	-508	180	131	330	633
656	-72	-525	-41	-479	662
-330	-308	537	193	-396	623
-451	-162	213	-358	57	-151
-57	-486	141	-400	-64	367
40	-438	-629	-353	-411	101
263	-324	3	354	169	217
-154	-202	318	-265	576	-391
187	-62	651	-308	429	30
217	-95	-97	334	-250	566
-615	-120	-641	192	-174	-539
138	-125	472	102	349	466
-433	-293	609	210	-626	240
256	142	-264	571	146	61
-292	-99	51	-570	544	148
286	-277	552	-141	665	-344
520	-327	-368	128	567	-161
-280	165	-26	-293	-313	-383
546	61	-193	225	533	-372
-134	592	-498	202	452	-52
114	-631	-43	354	-600	123
309	363	-413	-189	642	460
-289	-174	483	214	-545	502
323	-329	79	-561	-572	338
526	-273	-176	-38	-518	-107
-438	-295	174	121	-278	575
-374	193	-597	-140	-283	-202
-48	-448	-177	150	-508	-417
-19	-309	61	342	28	-90
-89	-284	-219	544	520	-49
-569	-362	289	24	-177	601
645	473	451	-50	-298	-501
-603	-152	-624	-498	273	483
-319	-259	331	487	400	-585
-211	528	633	280	-389	-665
-520	-360	-453	111	-553	-500
353	298	-239	200	-40	301
54	-102	-237	-27	-597	12
-474	-49	304	-174	-340	-377
-587	18	148	523	117	-226
297	137	-453	79	-297	-491
439	-105	129	556	436	254
-619	208	496	237	-604	-462
-70	373	628	-525	-497	439
99	114	301	-110	-113	-376
-225	470	666	-249	82	-68
-104	-606	-416	-220	-399	325
619	37	608	509	532	-115
244	-118	204	-170	459	-426
545	-290	440	-36	-230	-393
252	213	346	-598	655	241
-22	421	578	-454	-297	-374
-208	-278	-376	-611	122	-447
-346	-666	-118	313	-405	405
-553	364	283	253	-369	407
-326	395	666	272	602	286
-296	162	16	481	-639	-580
-586	440	208	333	61	562
571	-140	101	-130	210	-3
613	-246	307	-658	-145	370
-481	102	136	375	-199	-388
289	-296	-211	-212	-136	6
403	249	44	94	-203	135
179	18	114	-427	502	358
-509	-194	-458	-512	54	623
-514	115	-264	174	-103	355
-237	-400	369	80	-595	15
407	-252	-25	535	-390	294
2	568	-602	-259	518	-616
593	599	-96	658	-653	-472
-615	654	-310	655	-467	287
380	27	-657	474	-374	-90
-462	135	-282	-576	-582	-248
623	-368	140	32	400	666
-457	-392	528	-78	-317	-263
493	-187	-437	225	119	-64
-340	-116	354	-542	425	313
264	411	544	625	366	569
-415	-117	522	-235	220	299
-330	-427	-432	-187	263	101
-330	615	268	405	400	-109
575	665	-10	-641	349	185
592	427	140	-277	25	-239
-105	474	-115	181	514	578
-316	272	-189	-545	-555	-87
4	281	-166	-634	-630	-443
33	-554	640	-251	126	520
353	228	49	62	283	-211
599	-540	373	326	390	373
-653	-5	93	543	317	646
349	444	-140	-99	-567	386
-370	504	664	395	637	33
544	-200	-340	-469	354	308
-198	-373	-654	530	-169	572
-189	235	-294	-587	-366	344
-446	344	431	628	81	227
-575	-344	387	-359	-338	-388
-314	572	296	523	437	89
589	544	-598	118	384	-362
411	564	-460	-291	-446	367
157	514	95	-222	-454	46
-496	-448	-377	604	-561	161
402	83	337	-269	-508	649
498	487	342	-621	78	490
-288	104	247	120	318	287
-608	-332	-270	473	-504	620
223	-31	-560	559	-374	-525
-577	-176	-527	65	11	-87
-212	639	233	365	473	580
78	23	-339	161	206	163
178	-634	-264	240	604	-267
351	-330	281	-464	27	-401
-399	-220	-139	-367	-70	-284
328	-25	-547	122	-356	-657
-579	-157	159	-599	-459	-25
54	287	328	-626	165	-266
212	159	244	-275	-563	-402
237	-445	314	-272	-346	119
388	346	300	578	-560	-152
-303	-115	-534	333	-148	189
-581	-457	-279	-486	-153	60
369	518	-39	466	448	-624
-28	313	-652	184	-25	-263
-442	-488	-507	561	-251	-16
48	340	-157	-305	-433	287
663	599	488	471	34	-177
-559	-175	400	-560	-122	585
452	387	169	-36	392	313
-411	-567	-101	220	-39	-90
-77	-68	612	85	-125	-294
-513	-619	-590	-550	543	-507
331	69	108	96	-123	494
369	-32	575	-209	-137	-512
82	333	137	-334	-254	-14
-366	75	-258	-127	659	-446
612	282	-510	442	650	37
417	-226	343	-42	-468	-364
-101	-123	629	-579	58	221
79	397	-445	-424	-181	420
-175	138	77	-455	538	-158
600	-36	40	-333	440	445
208	-603	-113	-491	-85	53
-654	137	-515	487	-91	-501
-321	575	655	-362	562	-470
-154	-588	-475	-533	573	-402
-642	-159	519	442	413	570
146	649	314	101	-449	207
-610	-373	-609	287	508	-316
-368	-435	-292	302	408	-499
117	-70	-624	-80	-404	456
259	-45	-1	-218	213	-432
-566	382	-484	-527	386	-52
369	14	-25	102	438	303
384	613	-297	484	-375	325
-656	-597	-224	413	358	14
372	-330	72	393	115	328
478	-164	376	-269	-480	-415
83	350	621	-166	105	193
317	32	-623	469	391	-67
-167	69	359	419	-619	48
431	72	-501	143	-59	377
-300	-435	-364	377	-529	305
-397	-535	42	-479	-318	-179
-129	-294	-210	422	639	-549
-624	481	96	135	336	92
304	-571	7	-375	-77	495
-483	90	604	-490	629	-375
114	276	119	-222	-654	-440
-220	-483	-596	-42	-635	-204
-397	169	220	-295	88	89
-436	-601	-437	660	72	475
223	-84	-521	227	197	-125
324	23	-540	651	540	-146
-81	-606	0	517	-493	-431
-2	-140	-250	-355	-90	216
406	172	-144	131	-518	-433
326	262	28	495	426	-58
-183	-631	-45	344	441	480
397	-401	-637	-582	519	654
-526	169	35	-95	149	-84
-529	-46	167	-571	-234	-374
-193	240	-620	567	459	57
528	-278	-243	-203	629	352
-40	56	203	-293	126	120
-379	-602	218	259	-448	93
596	37	-374	-487	-25	410
-415	-231	31	187	-466	435
309	606	193	-56	600	-585
99	-336	248	-367	-187	590
497	230	-594	-150	-213	-199
-405	-351	439	-400	656	-567
-146	-306	-548	95	70	-604
375	183	353	5	-379	-494
-52	240	147	-281	66	460
305	-517	-566	-497	-91	105
-457	-134	260	461	624	105
-544	394	-511	-631	367	-279
-357	422	-513	18	175	354
506	582	-8	634	570	-154
623	-380	-445	-178	588	-197
-395	370	599	-137	287	-392
20	-573	186	172	-154	51
-22	-257	-513	480	514	313
544	-126	463	-653	-648	-546
-340	-300	-179	-37	395	131
-665	-367	366	-614	-211	-391
-220	380	-499	388	-272	-311
285	297	272	-615	-223	-289
167	-563	-73	661	652	-589
603	-133	-195	-604	-167	289
273	-537	-585	500	432	-8
-230	-421	125	101	-316	139
85	435	657	-117	-154	-556
-368	-431	361	232	306	-100
-648	-45	342	194	211	645
655	-112	-194	-334	574	27
374	-155	138	-379	247	455
634	646	556	-660	430	485
-629	-496	248	-597	-385	-77
460	-99	-178	-501	58	450
-119	-204	-420	509	-57	226
-357	-563	337	-481	16	-287
371	481	615	386	127	300
316	-79	-441	533	665	170
499	258	92	-179	-639	-262
-553	-484	228	-350	-29	-522
340	226	501	-361	195	-220
43	-280	264	-84	-6	435
-226	186	-288	-15	-447	-223
145	-388	266	544	-490	392
-87	658	-277	-59	322	-305
-89	-522	-13	37	-117	569
74	403	-622	566	-234	-127
-638	323	62	638	-446	-404
-134	-252	274	510	-327	-623
-158	265	263	-229	180	-338
59	-561	-379	482	94	637
77	-600	-17	228	-561	-406
-543	35	-435	-550	-363	117
226	410	-67	-355	177	-488
309	593	164	-199	-81	402
598	-391	-98	-155	-248	577
-279	-367	63	-360	500	44
32	-358	-602	296	-462	-629
412	-54	301	194	657	627
-591	411	314	-38	499	396
-360	-441	-84	368	-77	292
543	478	-559	-507	-105	-265
-334	-76	577	551	-456	-432
460	-388	-403	-546	-382	376
-379	151	-169	262	165	-630
-423	16	162	-255	-631	629
-208	-447	436	-205	-665	195
194	-539	621	-408	197	605
363	-490	-593	-317	-366	-154
90	-420	410	-452	143	-72
356	-146	238	583	48	466
446	253	443	-192	-555	-120
-455	111	-69	-392	213	528
-375	-469	609	-222	172	-551
-422	-625	-6	117	627	-621
342	310	-610	641	637	426
-620	457	-478	-395	76	400
423	382	-10	52	583	590
-650	-165	-73	607	-110	-356
-548	-129	428	-155	415	-412
-516	-640	201	-573	352	-278
-537	-409	466	-90	-149	562
386	-537	72	-275	-380	319
-380	502	577	62	-68	418
-522	-610	96	589	247	-574
-31	-402	659	327	-130	288
652	-304	613	612	322	-558
105	-371	601	568	-505	-600
240	-121	-482	-473	142	207
-272	386	643	314	469	-644
-113	563	-139	-551	-339	332
568	-177	-204	271	304	-249
-45	-241	-563	328	-546	88
560	540	-35	528	-343	639
219	-349	590	425	-317	-184
497	544	634	374	-482	-263
207	39	431	446	613	-560
468	-332	207	-616	-407	383
217	-15	-147	147	-444	584
-276	562	-507	55	-71	-615
-538	80	-199	-152	208	-619
-315	110	-634	102	-612	-426
318	620	97	-246	70	-433
-431	521	637	-126	539	639
-349	-410	440	145	568	-89
242	-239	478	-95	649	-247
-363	-269	-519	42	251	179
-420	-68	661	-128	-62	-252
637	137	-319	60	348	-577
-522	-604	498	-542	569	-176
-564	350	-42	-265	-410	-268
-41	267	-246	-434	-246	8
-643	361	161	-463	76	-91
431	-19	-344	182	-315	646
493	-560	20	-162	213	-513
-238	184	-119	-167	33	-474
-167	-103	-617	-396	-645	-133
376	-171	537	-1	-627	-457
160	257	203	-88	147	-185
244	-428	-294	-591	582	-103
-19	-427	-643	-117	40	-346
-481	-154	283	-160	-309	-285
-271	-341	659	214	-16	-36
-606	454	-168	134	343	85
-128	76	-264	399	-433	-292
490	1	-470	-287	-144	22
5	560	402	617	-259	511
128	-448	-626	-224	-568	567
219	-537	592	571	597	-477
312	40	-51	135	-557	649
419	78	555	-486	133	506
-543	428	358	-254	111	226
-296	251	-644	478	-495	-491
-452	3	471	180	-168	313
355	-108	280	-332	-26	-151
518	369	134	105	74	-307
-606	20	181	512	-171	266
517	-190	454	277	-317	-436
-333	424	-546	78	-467	-152
3	-110	182	628	-641	516
-335	-475	-538	-255	-327	609
452	645	-92	191	55	-448
195	-584	-130	464	-13	-189
515	-614	-514	403	162	570
-448	-257	229	-557	624	-290
327	465	191	-313	285	-493
-91	-381	460	392	428	-284
-367	-15	212	284	-464	611
402	-506	617	-376	104	-484
-97	-418	-576	-156	30	190
-293	-178	54	-532	52	337
-163	61	-130	-42	629	353
546	-451	-89	528	-530	-460
-585	-364	-529	613	-452	-90
-477	562	-425	-43	592	-526
501	478	280	-348	-551	364
575	-570	260	556	-44	380
540	-511	156	141	-58	160
468	-416	166	647	-364	-63
-496	568	47	358	-566	-338
-33	437	157	527	467	255
-648	518	330	73	-279	292
-616	-286	120	186	-186	-243
-525	-436	115	-416	-511	10
-507	-252	428	-59	269	-397
13	228	474	340	210	-525
471	-443	-96	-609	638	179
-8	-516	-200	-348	139	293
-572	-143	-167	-253	526	-547
659	-567	-256	44	584	4
-658	89	-439	123	108	536
477	-332	-372	-638	-229	-498
-155	593	187	65	222	334
-654	-365	20	-309	-330	429
171	-587	621	-440	-474	508
-264	485	-293	-223	337	-6
571	336	-300	-642	11	-14
-475	489	438	282	-567	278
-485	-136	-462	537	-426	584
646	-500	126	-637	-369	636
361	502	533	384	-430	86
-43	639	-591	512	69	517
42	-143	134	538	63	-10
239	-640	630	-48	343	459
504	-69	652	-619	270	81
-105	618	658	109	605	182
249	648	195	183	-579	-4
81	506	152	92	-316	292
172	-565	-308	-432	196	377
-26	-652	134	-456	631	-33
217	406	-241	-612	-342	-271
637	462	-303	-541	-560	-217
-469	-350	357	0	-623	330
-318	-176	-636	425	-473	-62
105	-570	-175	-432	-572	-645
-593	-603	435	626	537	368
-310	512	197	590	127	211
-524	-376	-87	97	383	162
329	206	232	602	-199	-15
-246	553	-161	-437	535	-586
240	281	-307	-342	-448	-131
-224	-646	-68	-163	194	-152
341	-282	-547	421	1	121
-470	-656	-50	-299	180	-497
95	92	-204	102	-204	502
461	359	266	-282	489	33
-618	-62	169	-275	24	44
-656	647	485	-148	466	216
-277	358	371	161	-418	-637
28	69	248	-211	187	591
-158	-309	16	-247	-176	63
347	406	490	168	-7	351
-33	434	662	205	255	533
-350	-233	484	-427	-41	44
507	577	-475	660	-121	354
-271	-509	604	-587	166	-163
-624	281	552	277	444	-124
-4	-551	-611	-600	162	-643
-127	-200	-254	506	-9	-225
-86	-101	-224	175	17	-442
187	586	-397	-480	-6	-494
-207	-243	659	292	269	306
463	-291	-535	627	-224	-216
-260	348	-55	100	328	3
148	618	-7	-568	-201	-59
362	-152	-135	-455	530	-184
-24	157	-371	461	-204	665
-471	-14	-496	-357	662	-362
-283	360	431	-520	383	441
-628	-340	-661	-385	-130	-342
-560	0	128	-250	-337	-568
-234	-448	-7	-493	92	108
565	38	-556	185	-532	485
341	-29	184	284	-16	-155
590	228	-74	16	-490	563
610	-314	115	-665	431	21
170	660	40	131	587	-652
-430	-222	143	525	-653	-246
-588	483	7	560	330	189
294	-309	19	492	-146	-620
606	382	157	-71	-381	-59
-375	102	-572	-126	-118	19
546	491	-502	471	457	31
555	-102	-215	192	-224	-128
213	538	517	269	189	363
-73	-26	-398	584	417	-161
-191	71	345	-579	394	108
-196	-401	-662	425	-480	-122
-389	-446	-292	-654	-396	-348
619	275	-287	-333	29	-70
231	525	-387	-6	-535	-73
407	-661	645	-622	-217	651
-566	623	-192	-207	309	-91
-291	650	242	-132	-406	533
486	-492	-461	-38	-278	311
318	42	-529	17	-370	179
-512	50	-283	-277	-162	356
-377	-34	481	-520	-361	-374
-455	119	582	-613	187	-324
324	-112	387	-303	-481	264
-337	451	452	-513	-597	-68
-33	-630	54	451	-48	615
-10	207	277	650	-169	-35
-634	-96	502	615	570	-3
252	110	-649	95	626	235
323	-431	653	65	402	-539
127	100	-6	-343	587	-143
-264	312	137	332	-438	648
-215	87	39	451	66	-496
601	-57	-108	-243	-573	-590
-32	-215	-5	117	9	-180
192	487	139	-473	-145	316
202	496	-504	-468	199	582
661	24	-173	231	-635	297
283	-111	-593	491	296	292
-174	263	-325	77	-11	-348
353	518	-506	658	123	75
498	-533	-77	616	-314	-303
-285	539	-530	584	83	185
621	-95	51	-515	-155	-48
-123	83	195	-82	357	-264
-191	-230	207	-619	-72	611
26	-331	-232	-616	-621	-131
-493	7	-575	271	229	-546
-305	-661	-510	572	432	365
-548	269	-655	-52	558	-406
102	-276	165	446	587	-350
-17	451	51	-495	-374	481
486	488	-582	474	-646	-91
155	-382	405	118	135	-567
506	-65	-387	-450	-111	-547
-272	221	-83	2	567	427
471	401	-380	105	-201	480
251	390	442	210	-541	-499
-286	64	-78	315	-640	-140
-594	102	641	-338	470	623
320	-547	195	551	-235	-605
-315	44	658	59	416	614
-496	311	-322	80	161	400
-334	391	552	-367	-295	504
30	121	-186	337	647	235
-438	-38	-397	-141	-663	-502
403	150	85	522	-121	-429
194	-660	-528	474	-151	266
157	-275	4	-559	185	656
263	-223	-246	351	-40	179
-568	177	-320	-4	339	-617
-577	44	-534	472	271	98
325	-229	233	-420	-63	481
-471	-415	533	-290	644	-446
569	354	-233	251	-259	-430
79	480	-427	-311	-405	625
-244	-665	333	-438	-110	219
535	-212	515	481	-567	198
-625	-191	-299	-295	150	651
-349	-263	399	-375	-487	467
-375	-126	441	430	383	549
486	-400	-466	-271	207	-176
391	407	-66	28	-129	-242
-168	234	-256	308	-300	-294
209	558	442	-189	-215	-61
413	170	-126	245	95	22
68	550	-34	624	-519	590
561	-637	-112	259	601	-445
397	-178	149	-100	-528	292
-418	422	-555	-81	-329	-146
-604	-199	9	-102	198	-276
-29	224	-50	437	-37	-357
-604	15	197	433	442	632
468	514	312	245	143	375
402	-316	-535	-177	401	-649
-446	90	-604	-131	-482	-360
40	156	-491	-560	-596	-278
-402	-100	89	265	40	442
-439	179	-555	113	-604	-401
-95	-196	197	481	-599	-588
-244	-120	483	547	-177	-262
-99	-278	-478	-334	373	-637
361	-482	379	-497	529	580
649	-564	535	260	-541	59
11	-454	-504	21	487	-385
-642	175	-277	343	-554	-57
-515	656	312	-447	373	-481
-536	631	57	-318	-93	413
519	-557	-533	545	31	202
435	77	-585	627	190	246
-7	-596	-18	385	208	-78
-209	310	396	-121	438	329
306	132	-364	635	586	-191
450	-591	352	340	248	167
-544	-288	-21	481	170	-569
533	-624	-577	-31	-521	20
486	-58	447	374	30	-86
456	-541	-584	-633	-107	-72
62	373	238	-452	311	615
-82	-139	-281	576	165	-288
-649	456	-558	497	158	327
441	388	602	-20	553	201
287	-614	-530	-406	-263	-305
-104	-85	-57	-178	267	458
-228	331	656	370	-42	-269
-342	-492	-460	572	533	-624
-314	-505	258	-323	-652	-600
338	-563	158	-116	297	-280
308	-629	-279	414	-626	-483
-6	626	521	-38	267	-246
512	415	267	-213	-112	-199
-441	-313	258	-499	266	-45
43	-94	-345	-436	-340	-132
445	-468	-657	-178	-435	306
-52	-176	-245	307	172	-245
453	-593	607	162	-257	633
370	-181	-280	527	-557	619
-423	-538	65	-72	-57	442
438	-304	-34	-198	-556	-655
-119	-299	316	26	-497	-110
461	-525	646	-109	484	570
666	375	116	353	254	424
-186	369	-317	-592	637	575
-630	626	558	499	-660	-614
-119	-473	-569	386	-362	-225
38	460	618	372	606	-546
445	-600	-20	-603	72	384
504	-532	-445	-113	518	222
74	-578	-601	398	-579	-299
37	144	122	228	510	513
-372	666	-49	25	521	-122
-127	-394	-602	-167	-311	-234
-228	346	-514	611	250	-298
-273	54	-163	508	443	-516
229	262	26	435	-442	-70
-275	447	-13	-166	-77	489
262	-445	262	288	-612	243
-414	244	-480	118	316	343
-431	291	402	-396	-436	250
-534	-12	155	-65	-579	-663
-638	109	337	137	-560	20
-127	655	124	-344	422	-25
-101	-78	631	333	155	-468
-625	-199	-648	-249	629	-446
-425	283	-527	86	-183	387
636	-621	146	-663	-584	-547
-607	-443	-32	-584	-31	504
267	-610	166	79	8	558
-1	-658	437	64	201	-237
479	-582	409	426	-444	-119
-489	-583	130	-648	-319	-199
-541	-599	265	-244	-388	466
-468	12	-480	359	-73	-32
-310	413	200	-241	-373	46
341	-242	282	504	-119	-335
506	637	-650	66	-624	538
15	-23	-415	277	-140	-288
-84	577	53	-511	478	258
-278	-462	-503	-277	-384	97
542	-547	254	-196	-494	144
514	173	57	-393	12	-9
191	-605	-307	-583	391	-437
94	-454	642	36	458	583
-46	596	-245	289	104	-643
-539	592	607	448	-128	617
523	-281	-338	226	-255	58
100	25	-93	201	-265	256
-637	-1	-110	656	187	-26
583	-225	576	-619	433	78
180	368	242	-212	653	334
-207	-510	327	-145	-145	-522
460	-441	182	-346	-560	-630
-223	223	211	493	390	-112
-309	297	-63	176	335	-608
-74	259	-546	573	-484	109
-483	264	498	10	-142	-602
-380	-55	-537	-54	-514	525
-81	155	317	536	-437	-636
-466	447	655	109	392	-291
-327	-574	447	-337	548	489
-261	432	44	-68	375	484
622	232	282	-168	-341	274
-362	569	-483	-664	625	-334
-561	-550	28	65	-641	459
-627	-141	-5	-273	338	64
205	-34	149	-414	638	493
-564	-587	-629	-484	-505	133
316	14	385	-323	117	-411
-273	-531	168	442	-489	-161
136	489	201	582	-427	-392
-356	99	-377	276	-324	188
476	652	-199	323	-167	-296
-333	78	259	-502	-428	226
263	365	-250	543	553	217
401	-636	75	128	-147	-434
575	-499	113	606	482	29
638	41	-531	182	-277	570
-553	518	-511	-183	285	-287
267	-218	-346	493	-492	-303
-605	-38	-185	-654	275	-650
657	425	133	183	-85	-100
-648	610	523	122	655	405
-38	253	304	188	650	-68
453	-183	643	17	-563	-419
-648	-255	-410	-286	544	-394
236	580	-182	318	-301	573
592	566	92	-425	285	130
-16	-586	376	522	609	283
-442	153	626	-310	497	408
-600	429	-353	174	-125	441
400	174	391	318	458	157
-335	-604	298	71	489	-2
369	-246	377	-359	115	69
-295	654	427	154	238	351
-247	-97	516	88	117	654
-9	-11	121	620	627	545
-336	178	-172	514	52	-226
-117	-659	-646	-570	-103	-455
-574	592	638	-570	347	99
418	658	-294	427	77	46
159	-584	104	-402	366	118
-39	-354	-497	-641	389	353
147	370	-336	-425	-370	403
571	-626	-88	-302	488	-316
450	-474	-423	612	-520	-581
53	83	-37	-512	-510	151
285	-379	268	-415	-592	-264
-2	-372	-546	-389	-16	-641
-68	277	-557	-162	360	255
497	174	-563	-278	254	294
-596	140	306	330	-573	-556
310	251	-157	-375	340	-394
-431	-497	-448	-1	128	587
48	664	629	-2	126	0
-329	112	663	-462	295	405
471	-9	-655	325	-109	535
206	-75	418	72	-301	467
257	641	370	452	-442	-164
-352	589	82	-67	-613	320
198	-135	-348	-196	-247	-633
-25	87	-565	338	203	244
-374	94	155	205	-150	-171
-423	-440	-176	-326	-204	-345
-560	235	-40	336	-405	532
482	364	59	-648	-416	89
487	577	-605	83	213	-418
-376	-87	-27	481	-417	-172
-198	-568	547	528	-414	458
-440	227	138	-186	-265	-461
490	408	342	-597	640	-331
-139	346	-132	-482	-311	-181
-469	-46	-611	263	425	-548
-519	547	594	607	-230	199
335	564	236	-448	-127	-451
-308	-588	83	340	600	125
191	-446	-604	264	119	-528
-244	42	85	446	-571	489
605	-611	-604	-101	500	549
51	643	421	-314	470	-363
-450	25	633	-582	-450	-88
-226	627	218	260	345	126
490	165	526	-304	337	194
-146	454	-451	-553	-92	5
73	640	-481	178	-76	-100
161	-470	267	-193	-92	119
-665	-503	-173	-140	421	-471
401	390	-568	-534	-405	516
353	-521	-641	-387	480	-110
354	536	-518	530	477	214
-536	-126	-419	142	631	239
567	-396	-311	43	-227	430
354	-348	-119	-115	164	231
205	161	369	-604	-454	345
325	-545	-45	145	600	-571
12	106	71	-200	-421	63
625	-383	91	-421	613	280
484	-637	134	220	584	-189
-610	-387	353	-81	-589	515
215	31	616	-230	-10	191
-572	532	-661	-409	-549	-211
539	643	-563	512	-203	-587
-421	507	-436	246	10	-57
-535	-340	-546	-422	124	-632
-358	500	-148	579	-161	-225
435	-333	-74	-572	-24	36
544	214	473	78	-284	171
177	-33	267	-199	-164	170
-185	-332	-270	503	-318	299
211	575	-597	-98	-434	418
-282	-430	259	313	-335	503
-633	137	-286	-285	512	-252
-288	-45	413	-379	256	384
-574	57	-656	-16	549	-435
28	296	-293	444	-666	-224
-204	349	49	609	407	-5
-638	-35	-399	-656	110	-199
-296	-559	-208	161	-484	-499
-119	-590	419	-654	-447	-296
250	-465	-589	-579	511	164
-653	-584	115	467	-412	626
-62	407	-431	659	-157	321
330	454	523	523	31	-661
-100	-108	401	-1	509	272
-594	662	302	150	-352	-542
648	-528	-463	147	161	-467
502	448	90	341	-533	332
381	217	472	549	206	-534
364	112	378	89	-579	-285
130	-249	437	-436	-642	-127
484	-645	3	655	-543	242
-257	-355	-254	57	-432	-546
21	399	118	196	576	391
-382	60	177	-408	-15	550
-130	-497	512	-240	-250	-638
-155	512	-15	-610	-655	-558
-477	-295	182	-439	626	605
19	128	-196	-153	-475	108
-393	-401	371	-622	432	-380
49	-244	-652	126	-172	-648
176	90	-418	-257	416	-117
453	-639	-248	287	26	47
-565	-462	-384	655	543	462
606	-315	-495	-43	666	298
352	-346	40	-176	496	177
601	658	369	-420	-630	-155
-108	-63	128	527	232	-420
593	165	-211	103	579	106
182	175	-301	-345	285	658
247	663	267	614	392	96
139	419	530	-64	-615	-502
640	21	389	181	-348	-612
-287	-500	-279	-13	-115	628
168	-357	308	399	-415	214
-590	264	-597	347	-117	167
-52	391	438	-594	531	-609
3	579	622	-526	-584	427
456	-610	-652	540	441	149
251	-87	14	94	452	-634
-466	249	421	130	-446	-238
0	-89	-369	292	-162	-627
630	-368	-475	106	-8	-638
295	-57	-272	330	499	-168
376	-472	60	-87	-322	-419
214	233	6	-259	114	403
99	339	-144	435	-370	574
-28	18	-634	241	584	610
665	-68	-13	-595	-251	273
-103	-12	559	-4	513	420
-176	577	92	-68	-150	496
-416	-137	195	310	113	-377
502	299	316	304	-90	112
412	470	-423	634	507	290
272	268	-280	-122	-135	489
-517	222	-365	-100	111	-601
-555	-291	-94	527	-633	-398
656	453	26	503	-646	-137
-567	-530	637	-319	-648	486
-99	432	56	-179	-191	11
474	-158	-19	-255	349	-631
-74	-71	251	-270	-16	-322
-639	352	-72	-14	116	-663
-335	426	403	146	-408	-76
460	-446	-294	543	615	-626
648	409	92	-375	424	-310
-133	-635	-505	570	65	349
-207	-334	535	452	233	228
197	-2	-425	130	422	-436
7	507	599	-191	564	-334
315	-347	251	-607	100	104
-410	-518	184	-173	314	-347
-455	-364	295	64	-415	261
238	-317	-280	-502	-579	-427
-198	182	-245	-210	-575	430
-352	-64	-625	186	498	471
-237	-5	-56	213	-65	400
-539	264	516	154	176	179
414	240	-216	327	45	-657
397	97	-68	-636	374	-186
273	368	192	305	8	359
-126	368	403	134	-339	-626
169	-95	387	204	-45	11
-205	-87	417	461	-551	97
156	540	-300	413	89	-400
-364	-64	104	-629	-647	105
-26	554	277	-260	135	-254
-241	-619	205	-503	-255	89
-311	483	168	-25	-434	-253
-129	434	-580	272	-617	-122
17	-227	98	89	-252	135
630	664	-47	218	-159	269
-471	387	114	217	217	-76
43	437	-250	540	-346	399
364	290	-24	441	-295	-505
441	-32	476	348	-390	602
-66	482	233	-86	240	274
-588	240	-189	-215	-505	444
328	390	-69	-433	-564	332
-356	-355	-52	376	186	-59
-659	246	526	407	377	-256
643	102	285	647	395	375
124	618	492	-451	297	-110
95	-46	198	295	113	-621
-495	451	506	154	-6	-439
-256	-398	-408	560	-528	605
-46	158	-294	-196	434	-218
604	440	234	-93	-145	336
-131	240	470	367	596	356
-348	-139	-292	-511	-379	-39
-396	397	168	-634	-501	214
200	446	-663	190	524	139
211	182	-407	-363	-235	514
602	-70	622	263	580	-22
291	224	504	243	549	-645
297	5	556	-493	-288	-590
118	-291	295	342	436	539
575	-516	92	558	-637	-383
213	-583	-51	444	128	-331
366	-113	-65	-509	-19	-141
324	370	-247	-290	-320	-226
152	-343	-223	400	531	-114
646	607	561	-628	182	-145
-330	-57	136	-537	522	-368
-183	465	337	227	39	-119
-377	-153	-206	624	52	-76
601	0	41	215	642	-104
-498	-477	58	16	-281	497
118	642	242	400	569	575
298	-663	58	-163	-144	-125
175	644	77	-173	642	-41
133	343	398	-55	-486	-462
-325	-121	-233	349	327	158
-148	135	317	-512	-17	-210
-49	44	-163	-543	77	456
-72	528	444	-565	618	147
133	-593	-405	537	68	-549
-485	428	-665	152	-94	470
-455	-534	100	-632	-524	-223
-246	239	431	409	405	-309
-42	-401	-539	1	524	108
-606	371	583	320	-90	-217
380	-302	109	-546	485	-92
-227	-215	210	596	-472	232
511	-356	-583	181	-408	-386
-105	-599	-324	435	-313	-34
-656	397	559	-510	275	-440
-237	383	295	-182	361	-101
-442	-7	-659	267	167	-597
-442	389	185	-403	-666	570
-524	-41	629	192	279	284
-395	-541	532	-143	543	-647
40	-595	-152	87	186	-49
205	30	129	-109	316	410
-664	444	-265	437	122	-186
59	-625	-389	661	97	-212
346	-39	-260	-433	-359	-63
-594	654	393	-348	-516	557
-574	-447	380	433	77	-221
323	-466	45	-607	-320	-126
-294	122	426	46	105	-16
-208	-355	-597	363	582	-280
274	-419	-255	382	420	-463
-616	424	-67	202	-430	-33
-121	-557	185	138	649	-112
139	418	-600	234	28	29
-461	308	118	-437	-180	662
565	330	-217	380	-521	-655
-449	592	-487	556	-658	-133
-236	19	320	-234	-84	-575
-604	-279	430	-188	-282	124
-458	400	344	-410	-621	216
118	207	-568	198	-118	596
-463	485	-195	587	259	-571
653	-491	384	-499	505	-559
439	-586	73	477	-452	-660
5	-580	-522	401	370	186
-74	-410	-666	225	175	175
-290	460	174	-173	-568	-636
13	326	-137	461	271	-403
227	604	630	20	-174	93
-574	-26	-379	-398	540	-608
-566	-580	-359	-302	516	-603
568	144	-61	-388	-576	-440
455	440	53	148	134	-381
-255	-584	-342	-607	205	80
-446	494	106	-657	192	-521
-328	91	154	40	556	409
-216	546	596	-473	69	639
-477	-25	-616	88	-183	-643
-54	-380	381	-179	-350	-123
-117	-274	-117	252	-348	-614
-50	155	56	160	566	525
449	-128	-540	-236	56	530
-276	-609	-223	-419	-588	-103
-159	140	-15	559	538	561
183	436	-609	99	661	-67
-234	572	317	204	-346	-205
-401	72	-82	-51	571	-539
21	529	-444	16	-143	437
-518	-588	-274	215	-139	-172
396	151	-605	-233	-3	-56
153	347	166	-97	393	-245
-529	-415	-441	-127	-383	118
15	551	-203	606	445	-276
131	625	563	251	662	-659
535	428	35	-309	-481	-355
333	173	-368	-444	158	567
-355	31	-648	133	-638	-380
-523	-53	330	-218	355	-591
-578	67	-125	-27	-463	256
277	-645	456	208	143	400
13	29	-76	207	555	74
263	407	481	400	530	-493
-587	300	403	-496	237	273
212	339	593	342	508	339
-24	-91	-96	-325	136	-463
576	598	-37	-249	-197	-70
22	185	-576	329	114	-150
154	196	-434	322	-77	-326
-606	665	-282	-394	-212	-217
485	-495	572	-48	-489	-28
-100	-280	-344	-205	-633	-264
85	-185	-39	-235	452	-571
288	590	-585	-478	-299	125
458	-485	361	571	-94	286
68	401	-528	136	451	417
-243	496	572	562	-188	-140
-250	309	637	356	-272	34
-492	-252	505	338	512	-509
-648	539	-80	482	-358	632
454	485	-509	-86	297	108
-573	-426	-47	-478	-661	-36
438	75	-354	-312	-613	-179
333	377	630	265	198	-411
141	645	232	-141	-265	81
547	-453	-362	36	-206	-232
-172	592	-382	592	471	-58
413	-136	-121	73	-208	-231
139	157	165	544	-290	-245
636	457	-257	-427	-103	351
-73	197	-620	-385	507	120
37	353	2	509	343	-162
-427	-471	495	-561	449	148
-361	590	503	341	-334	-294
428	78	-24	326	11	489
-300	445	-432	481	-633	2
651	-441	370	-31	-82	-193
-601	433	243	27	630	546
-266	-274	206	17	258	-357
-3	167	336	424	380	-553
-13	334	-583	-548	548	-322
300	576	534	428	-169	551
-278	325	-106	-8	-21	-532
470	67	-428	-185	458	619
647	-297	304	585	-166	-205
155	-619	175	-403	-592	7
147	-292	1	-189	-272	-226
513	524	284	537	-414	-578
498	-9	-169	-259	-310	391
343	-22	600	321	-17	-564
-608	-489	-11	-629	-603	543
-654	637	-405	-595	-90	591
-177	43	484	-404	76	458
-654	-516	511	207	-526	-478
226	-164	263	-364	-333	-208
588	-619	407	-238	-183	-91
-645	-224	569	-372	289	-213
-642	-569	554	-127	-280	0
-24	-566	530	392	33	-178
117	-624	643	213	630	-636
147	78	63	-555	-583	-635
2	274	644	402	354	82
-240	291	-315	-430	313	-397
520	514	532	501	39	-21
104	-82	46	-553	-58	397
-460	665	-595	429	131	254
-319	-374	-584	238	515	501
328	380	434	-105	-122	405
187	414	-459	-80	-271	434
5	-288	529	159	-345	-461
-81	-584	-435	19	-104	207
-332	523	293	143	-169	500
-341	350	-330	619	587	115
666	493	-219	-413	221	466
46	-390	253	628	445	-47
359	-386	-570	346	541	-40
-210	551	-386	653	398	-665
472	-66	642	337	-232	-306
-95	-621	588	-6	545	190
448	-589	-1	-358	-25	-81
574	483	452	-364	588	261
-421	-632	153	-340	188	-94
-608	283	-650	174	577	45
196	-219	80	-95	-652	-566
632	74	483	463	451	640
-73	-211	650	462	23	-590
288	233	-191	-474	-255	-246
-573	542	55	-382	448	457
-436	-639	20	89	-413	455
-258	-66	541	144	563	6
-18	-341	-37	-654	-361	-645
-333	656	309	434	-394	-208
-121	645	-376	569	-20	377
-482	109	275	-70	-97	-458
-465	-300	-550	44	350	-399
490	492	-452	-21	-71	-129
652	119	573	334	81	-426
-118	621	19	-265	-654	621
-123	-402	-261	345	633	270
-404	-394	-387	-145	-418	-10
-592	215	38	243	-477	4
-633	140	-53	-474	511	562
223	409	491	-282	311	597
-581	-511	-97	-53	-655	-466
554	-143	417	-613	542	235
-282	91	-637	-554	141	312
-412	487	145	131	-428	373
-644	-453	-104	488	-174	-49
-35	311	-313	-286	-60	398
103	640	267	-381	555	-448
465	-518	-326	91	660	56
559	461	581	160	573	188
509	-286	-36	102	539	-28
121	122	522	-292	-252	-414
-380	384	-431	-40	-13	-282
-372	108	-22	181	-366	52
324	154	-315	240	-401	29
-601	-208	-327	-287	15	-296
530	202	-282	-458	319	325
61	-282	70	-162	-104	182
351	-528	-463	106	-205	636
-595	-159	655	-424	-97	434
-103	-464	515	588	-319	541
310	391	-280	62	-342	65
-78	639	452	398	-524	-561
316	-50	509	-514	80	186
-97	-161	120	139	-208	-4
381	-646	510	-351	-383	665
-450	262	-530	562	-127	352
-606	-545	342	-548	-85	-525
328	102	-2	159	-340	348
-173	-546	589	450	-608	-20
376	-437	456	308	443	353
420	113	555	551	538	-363
-665	451	386	455	-160	567
-85	261	666	-191	595	-518
582	-625	426	116	-558	-154
89	-640	-49	-311	391	-438
-597	-569	-461	-425	163	-315
-256	343	-424	508	275	88
420	79	-217	313	-57	144
84	-138	344	573	466	68
330	-102	-515	145	340	212
98	358	187	-202	-317	397
90	155	-81	-396	656	-6
-207	-100	291	-536	-24	-284
61	-122	-87	373	-300	-125
-391	113	-385	27	-3	-290
-602	-67	-586	-612	406	-3
-431	-195	14	107	-80	199
40	-606	216	-624	40	92
91	151	-333	-122	567	-651
264	385	-238	639	-17	390
322	-630	619	-617	-571	-113
615	296	100	-35	-13	58
131	19	26	-573	155	92
369	-139	-324	-158	495	-162
588	549	2	589	-149	589
-132	-346	-30	-135	-512	-600
269	-64	308	-101	-377	-93
-570	-516	-465	-269	-497	641
-366	409	-228	662	588	585
-524	349	138	-438	79	95
141	335	-138	-400	539	108
-548	-214	78	-611	-314	458
-270	-593	-102	-279	471	-178
640	-128	-39	492	-630	-212
-623	-292	-642	-588	-471	-252
-664	174	208	258	-324	-604
-581	-73	574	-370	-330	-216
184	512	465	613	-26	-133
-198	-453	535	-633	246	61
-456	-144	359	346	599	-58
-167	317	-199	-430	-556	179
472	469	53	-138	559	-223
232	282	-600	-304	183	51
634	-366	53	-581	-634	-447
332	392	306	-627	-122	-77
464	600	36	291	-393	134
49	-513	-104	-314	314	172
-449	-572	-486	511	2	-228
-359	-118	320	566	111	117
392	-235	519	-366	371	553
101	-195	-173	550	-291	-50
121	-2	-130	-240	587	-557
339	219	-63	-301	546	87
302	393	-219	-600	179	505
67	-335	-200	345	598	502
32	65	124	-322	-302	-611
-582	-7	-96	-501	514	-397
37	-199	-576	-322	-26	-428
-93	183	-609	14	-100	-606
85	460	-477	-433	578	-294
-414	491	-532	485	-287	439
-429	76	433	255	-30	-175
-460	-389	262	-168	140	-64
-386	27	-122	-183	-60	490
-428	-560	-459	181	74	444
144	-435	101	-147	203	435
-65	-580	-549	-634	524	-319
-509	-471	-201	570	568	-104
102	-539	-40	-587	-641	657
276	-387	665	-484	186	226
-476	477	183	-650	456	-11
93	14	126	-95	-142	-532
519	597	-213	-269	-179	-646
416	-62	562	-518	183	529
-127	-30	484	-250	656	595
-576	-259	-315	-481	134	112
-148	494	112	-115	-156	79
-446	401	262	-167	-614	-280
-190	-162	381	-283	-456	-638
-473	633	-375	559	303	558
551	88	-285	632	-192	-147
-548	-91	81	-545	-146	203
389	613	252	-459	-533	547
11	-108	-16	-104	-665	449
-91	546	-16	498	219	223
148	-444	-377	-280	-79	662
372	-411	-477	65	154	-666
-313	-484	121	-219	-29	432
117	437	-158	-46	-166	24
584	336	-377	604	-112	-127
213	-565	-444	565	-391	-357
497	-461	-443	394	659	-516
-299	648	297	-447	149	284
104	-198	98	79	32	-385
290	453	-366	661	-659	-186
-299	575	101	-568	-283	-379
-441	416	-490	520	43	-622
-186	68	-356	560	168	205
-348	-408	582	-419	-115	184
-559	601	105	-34	159	-648
622	-390	603	-390	396	176
-641	-200	111	379	495	193
383	343	-148	-349	-462	-648
466	-472	-132	-287	-350	646
165	285	-21	-613	314	541
22	-534	-647	-173	-12	319
72	62	356	-591	-180	-236
-483	391	93	-440	585	-153
-164	-382	-111	-157	0	593
-519	245	364	-520	-89	-527
640	-665	43	384	329	562
-77	-319	300	-235	527	324
-114	-623	270	-500	-621	363
-214	-631	356	464	-271	-394
207	-258	357	295	261	-467
-393	389	91	-469	331	315
633	-189	-97	-582	-207	252
-357	198	88	465	612	-448
376	-605	153	-336	-658	-221
-126	-166	120	258	-64	571
-489	-39	458	490	-412	533
-258	-229	156	309	170	407
379	589	-225	-197	-473	598
298	-277	390	441	-49	-16
645	663	401	-572	-456	230
605	168	-53	-445	-134	-151
-280	-571	-296	-573	-589	-217
-267	-542	-258	-378	-348	516
335	-446	-284	411	-571	523
0	-542	-164	-273	33	-302
494	500	-159	-490	-350	39
488	151	-365	384	240	434
-179	-379	131	87	-261	376
-453	74	231	-335	-384	-56
-155	616	-385	531	98	491
97	-37	463	-159	601	642
310	158	-220	-3	-178	332
450	-650	205	656	-52	-588
329	587	-284	123	-229	-573
129	-113	576	638	189	-469
542	240	-600	248	255	-563
-247	479	-34	601	-625	568
-304	-451	388	-482	194	409
-163	-476	215	-432	437	-104
-217	-202	-607	309	-579	-488
-419	235	-562	-206	198	-541
105	22	-598	-488	612	306
-437	146	-589	253	-112	344
509	-456	-55	323	506	-476
425	87	426	-264	538	322
623	-129	-651	-55	133	293
312	-64	108	-388	26	426
-568	-225	-12	-575	547	608
-293	265	341	208	-573	-592
-327	137	-428	-611	129	-514
-629	-635	-327	-129	-560	595
636	-337	482	464	48	-622
246	-104	-90	-86	-442	139
407	169	-87	289	23	352
-178	353	-288	-440	-540	-369
433	-249	-562	-523	529	-466
107	541	470	-566	-54	-580
290	-191	244	221	397	422
-59	-553	605	-306	619	-60
106	202	-8	-267	-112	400
-90	140	-246	-534	-156	149
89	430	33	355	392	246
-371	50	-2	-64	257	522
-433	197	393	-139	-308	559
-610	605	232	205	-70	-633
-115	148	374	589	435	280
26	394	-347	648	622	-107
295	-106	500	-515	-507	456
-607	-558	-218	525	-440	-581
-665	92	170	393	304	400
440	377	-205	119	601	-151
-18	-72	666	-507	446	602
288	125	2	-581	491	661
-104	-480	161	281	-175	-413
-238	-309	393	303	-362	152
-268	-651	5	-454	384	662
-308	-12	98	-223	139	-9
-265	-266	-509	-360	79	-211
243	-154	-12	486	543	-392
-24	327	448	-476	310	-104
471	278	325	475	-514	-261
529	230	181	-445	211	656
531	-95	659	-319	154	106
-616	202	-144	388	418	-135
-1	-51	-332	322	-557	-484
-305	45	-601	82	-493	492
-491	135	-624	37	-508	-23
505	-515	625	-293	27	-108
-476	-580	-538	-486	-434	410
282	226	113	424	309	-594
-550	98	-126	-352	-292	493
-12	350	224	506	410	549
499	206	303	563	-545	358
260	490	-487	110	466	-72
-516	-313	521	-90	-480	-198
-77	-528	467	434	-282	73
385	-595	269	412	408	-202
474	-432	-293	614	-235	-312
-295	599	-70	252	-71	-461
-45	-390	-34	-80	-604	401
-586	-512	-550	95	-44	-648
196	-416	-293	181	-172	-70
-30	29	386	-175	-271	-457
-481	201	276	-36	505	-119
141	-98	263	-379	-49	-145
479	-619	387	-6	-184	17
362	-201	449	3	-95	513
-487	-569	-569	-189	347	125
345	-616	414	-469	-205	-253
229	282	-50	-319	-214	-648
441	-380	441	401	-535	542
-305	344	415	230	-258	591
-40	493	-384	557	-651	-170
-256	42	352	666	-406	-369
-377	553	232	-62	240	194
-143	648	628	296	53	-197
320	-610	332	496	-437	-111
-526	629	-525	237	150	-362
540	247	207	555	-574	523
-433	-384	-164	415	-453	-361
-213	-302	574	665	181	624
-238	-357	660	-189	106	147
-313	21	-309	222	-139	119
658	-415	173	-489	-334	-568
446	572	250	-438	265	-305
-154	-463	-552	234	-482	-38
-68	-296	-294	-400	190	433
-198	-12	551	153	376	214
-346	-408	-517	561	-420	423
203	-371	-657	431	16	-406
488	-398	-22	663	534	37
-225	-226	68	-178	137	219
139	-566	431	-543	-590	-593
-62	500	334	-412	-661	295
-387	532	-137	-160	267	-360
608	487	-312	125	-231	425
593	-314	-545	265	9	435
-421	180	637	-318	287	-257
-269	148	-436	196	-622	545
624	-17	-70	-64	-496	-561
-196	529	-361	18	-47	-77
476	344	318	-541	442	-610
-220	-291	436	-54	518	469
-110	-256	-586	628	-444	-331
71	412	173	-116	-377	65
664	-655	337	-439	286	-370
515	-326	-512	233	165	395
-380	135	82	386	386	-392
450	461	100	321	79	-142
586	-187	324	607	-523	-3
-78	-223	468	-291	493	189
-532	503	110	482	-194	93
-655	501	444	-118	-395	-216
-174	-81	249	-460	602	-366
233	-482	565	-285	458	-68
-292	574	-653	444	-582	172
-13	164	-404	-549	-457	-371
215	320	-604	-506	612	-340
561	-481	-341	161	-44	406
256	605	521	-248	456	-477
590	272	-181	-462	-155	-295
23	-635	-545	359	-259	-139
447	81	66	597	660	-209
257	-101	-273	466	376	-46
450	-531	134	572	48	-348
607	-268	-281	590	-538	255
-432	116	-105	579	487	536
-439	592	-175	56	-641	-52
-655	-378	-94	597	-580	-89
521	-391	121	569	450	340
-233	-325	-228	612	-408	-482
-61	510	327	395	551	489
-584	312	127	-541	38	422
553	609	549	527	558	219
-131	198	-206	-87	153	-146
-382	649	-260	295	244	249
-648	-22	462	-604	601	-142
-666	-281	477	-42	159	36
409	-70	-529	-179	-629	-120
129	-576	-328	219	375	349
84	-517	613	593	123	-459
315	617	632	274	310	373
-334	348	611	-526	-569	314
99	49	-312	150	298	-27
-54	-479	-184	20	-487	625
514	-373	-576	-431	-428	652
397	85	-85	145	-287	-137
-297	-46	-110	388	-200	-325
432	-15	-490	102	-593	89
67	56	259	-113	650	-573
-418	-178	-268	-347	183	66
-156	-602	-308	-262	33	-64
38	65	-423	-319	-288	10
352	219	-304	-534	-333	-661
106	-10	386	-305	587	217
-615	544	452	350	3	381
341	-113	83	-172	308	573
227	-660	-78	47	92	85
52	-638	-436	-322	207	-174
-547	-98	625	-194	-228	-520
290	-550	614	-34	661	159
314	609	-377	379	-350	-391
-2	510	-142	-378	-138	315
42	31	-206	-352	173	-507
143	-290	-49	-43	232	630
636	133	470	-122	-123	230
481	-131	80	-558	-607	-291
215	-192	594	375	162	-489
653	159	594	-482	550	-480
374	362	1	433	638	-479
362	-389	-306	-369	7	-358
-369	-5	346	-484	-531	573
78	306	35	-297	504	316
627	158	487	583	33	612
136	-420	336	567	-510	-196
558	572	640	94	39	122
-606	207	203	129	-527	-249
236	-145	-96	67	443	-305
565	-360	-577	-358	493	-125
649	653	-517	348	444	503
85	399	-108	528	-427	-3
-155	-450	130	-619	-42	460
239	69	147	-209	-196	429
369	-630	-198	-387	-657	193
443	420	-120	168	555	189
-574	-302	-448	94	-52	-85
-352	-441	173	123	82	174
-94	-226	-537	-211	-473	-449
102	62	508	-101	-380	-495
-279	-449	-244	541	-628	114
389	260	339	388	-418	432
200	-614	265	-413	-187	-211
-60	-488	317	411	-105	-7
425	-435	257	520	568	-363
-218	-565	475	228	-112	-106
343	-242	-638	597	311	-27
-573	392	140	-558	-286	-299
-340	111	-94	-426	-622	286
195	-325	-596	-588	-488	267
-559	665	-587	-420	-481	460
-491	607	-521	-323	-305	61
114	-229	225	372	254	-347
417	-270	-126	121	224	8
-625	403	511	359	32	541
-505	-70	-421	247	74	433
-589	68	93	218	635	-558
607	-55	-403	-136	139	-123
427	198	-420	-553	-266	-462
388	-643	495	415	243	-157
393	453	-79	387	-197	-415
-161	540	397	454	-490	521
29	184	274	620	-536	-193
184	373	609	16	-144	538
-558	225	-461	-320	-501	-210
17	-386	-471	422	-148	124
561	371	-374	-434	-200	163
-104	333	14	-176	25	-174
-521	-317	-369	-264	35	-570
547	-451	93	411	153	-392
275	-666	-660	251	43	-106
666	-488	270	-587	-64	573
195	304	-27	109	-111	397
-337	657	-146	268	97	-643
71	-483	-72	581	211	401
-640	-266	-125	295	-572	-484
-319	-544	-571	-500	-410	-612
-362	378	28	-155	-163	-665
630	139	550	298	-228	368
-267	-273	-212	74	-589	27
-290	-288	126	614	417	137
-653	-552	-21	418	-49	81
534	645	-305	446	464	11
-252	179	645	-358	551	328
-60	270	-346	-303	317	427
373	-535	202	-359	106	-619
-238	-486	182	102	-455	-117
-307	517	-579	-227	-351	52
-268	359	615	-646	57	306
377	-244	224	-376	225	614
75	305	475	-339	-327	-565
84	74	-412	-617	500	-335
297	436	-460	-263	-598	532
153	-340	400	525	152	-329
-515	2	-460	-141	462	358
430	-360	-652	141	-617	546
-481	-242	-119	69	-649	106
569	-317	-264	-554	-148	-137
317	282	-151	-224	-427	-114
152	-361	-166	382	-143	105
382	-555	-640	-112	301	-493
43	-298	-497	-317	240	368
616	536	-487	-547	272	569
-410	-394	426	328	-379	-449
-565	554	-317	-484	-121	-320
559	626	-202	583	-640	56
-539	635	-270	-483	541	60
-506	-9	13	424	-96	207
452	516	-29	444	559	419
238	-558	-560	-586	-506	-168
-545	-301	-181	-49	563	514
-614	-279	-149	-628	-252	-25
547	-310	348	634	-401	316
51	-525	3	435	-494	268
-147	452	-602	172	-250	393
-16	-628	664	-112	-255	-371
57	-182	-269	-366	-334	-571
-347	-583	143	171	322	-531
-327	-285	-65	24	611	514
625	549	-654	341	430	-398
36	587	238	622	-552	-92
159	120	-510	588	248	-196
79	263	623	637	-255	21
-553	-58	-641	-434	-503	-591
-496	-464	60	-462	-193	456
122	81	127	295	232	-523
-208	-278	-164	582	-545	628
-31	-250	-119	183	-129	311
-32	-102	-564	8	-356	299
206	559	-344	643	136	337
535	16	451	258	515	509
-297	571	-433	-441	-427	540
-50	-485	534	267	476	663
-666	623	242	635	-136	-185
-388	-111	-527	-361	-657	619
-458	-281	-123	-586	-91	-416
262	-267	-185	-655	536	590
-482	-496	-130	565	-199	-56
560	-284	522	189	-229	445
-209	497	648	391	-385	-19
566	-291	-110	-21	602	-561
202	555	-347	-54	-404	-146
-292	-450	525	-595	572	-603
-4	-400	-487	-598	185	-212
-145	488	136	-326	-587	290
-47	-60	5	360	131	-392
286	-335	-559	320	5	-116
590	-410	-565	-151	160	291
-18	-653	243	306	-562	-25
-124	-100	-137	-160	-424	271
-504	-182	-547	662	139	166
47	-162	106	-275	-325	69
-487	264	262	-418	-286	470
-392	22	-600	203	-56	-218
-551	-292	293	-149	-535	-65
371	-407	575	-662	358	-535
150	-212	-195	-146	254	-344
332	471	461	-636	647	-234
558	-635	-120	-376	-475	238
-325	-57	-179	-334	527	-504
454	408	-100	213	499	117
-154	-57	254	-123	4	-523
649	497	624	23	-416	-55
350	-395	79	-169	385	331
327	160	-447	185	-646	-574
-157	102	-101	216	-78	653
92	-519	-645	28	408	107
-136	357	-271	416	-255	-191
-451	-128	602	293	16	486
-488	-249	134	291	361	386
37	-62	486	-98	126	-593
-665	-546	151	-151	372	-45
-391	-66	-201	501	-64	79
487	-227	-48	-220	200	97
410	-6	-430	-215	205	88
-489	-267	-126	95	330	587
-461	46	412	418	232	523
434	-612	-6	-666	239	-233
369	-396	-663	546	-46	610
-14	-321	568	-561	-661	-271
-617	-642	-42	26	388	-409
546	-617	-545	203	-569	-585
-104	-545	-191	-293	536	478
81	-385	-269	481	325	237
496	349	482	631	-399	318
558	235	-540	-272	22	-524
-525	416	-395	-479	647	-202
128	-293	252	-453	-96	-91
508	46	14	113	-414	-172
-489	364	-535	258	-382	423
-308	569	615	140	648	638
-564	-378	610	413	-295	482
-495	-29	-657	294	314	207
-29	367	-338	541	-310	197
-515	-378	234	-224	584	-60
-202	-111	557	-663	138	-271
522	129	615	-322	476	-442
-61	-212	-380	-236	114	635
-442	616	261	-381	-423	358
570	391	440	-148	189	404
-646	-235	213	223	616	-652
377	573	499	-591	-382	303
-283	19	-472	-611	535	595
497	105	205	-497	222	626
-432	475	439	203	-360	-555
-527	-316	180	-131	-76	361
533	-637	447	383	-19	104
-486	-69	-420	218	-621	213
409	153	-36	-231	-300	38
365	-414	259	99	246	186
-266	-401	390	621	-142	-439
-172	-329	104	-480	-159	516
-482	202	-14	328	-499	-574
-485	428	-538	-618	373	-299
-412	-556	45	309	-495	-249
135	434	341	95	-415	47
-36	329	-653	9	262	-436
568	-259	-608	-573	112	-342
201	430	-393	-316	-411	267
-522	-9	-119	503	-335	-6
7	-350	286	47	412	-459
-34	-659	-147	-142	558	373
122	53	-609	570	-413	393
243	-353	-505	-623	-379	336
597	287	-392	644	86	-431
172	-106	-630	522	-337	538
-266	-298	117	289	430	613
289	472	-179	43	-519	-213
91	-160	471	-115	-223	35
411	99	-641	295	248	-29
529	453	-556	475	-295	-49
-499	-641	598	-186	591	338
533	-78	393	520	-53	-370
-92	-310	611	-492	0	624
-582	142	-574	-230	-270	-276
144	551	-365	-29	-352	426
-485	266	165	-606	392	645
-92	-270	-199	-103	-270	-93
-391	629	-173	214	-129	25
258	-77	252	206	-131	484
557	168	476	334	576	211
618	-274	-585	-312	107	-587
596	-98	155	-163	-517	471
50	424	-514	332	-616	129
-597	187	-221	118	394	-519
-23	146	-221	475	133	127
541	-420	281	-302	-545	-307
30	185	-302	198	-637	134
363	-636	230	590	-455	-460
390	-571	43	-536	582	573
-254	-276	-541	329	-639	-167
417	635	589	-333	627	608
-602	-123	-104	309	578	483
13	359	50	637	-53	176
186	658	-477	600	-86	374
-131	-642	-594	-7	477	503
283	-606	-88	-108	-548	473
-504	-422	210	352	453	-391
126	540	-436	59	-172	-478
-230	447	610	-470	226	39
225	-355	147	-387	607	-355
-126	-312	-275	-196	-218	612
271	-120	-292	554	269	476
300	648	-323	18	105	654
86	554	276	-108	414	448
-662	-162	579	88	-98	-276
506	134	337	73	-99	94
553	617	-98	-280	-493	-361
-156	139	-539	165	250	191
-388	-193	-154	-176	14	425
-46	99	363	-106	458	91
118	393	82	160	607	635
264	299	-402	-297	-197	-655
-499	396	-69	147	304	162
52	274	-495	-482	241	-145
-469	537	-1	-457	-285	-7
-96	-358	-259	43	-638	-243
150	-445	-622	618	-129	-625
426	-27	-86	-431	101	60
428	-175	-17	396	158	212
117	-581	-54	240	-170	484
-83	-545	-186	375	-132	610
423	-666	-497	-666	40	-559
-28	277	230	-627	-190	513
188	606	-106	640	161	157
297	-273	-495	-67	-69	-248
363	490	-254	-588	-379	-381
-526	236	569	114	-45	-457
-179	494	-73	-310	-410	-120
66	435	222	-440	37	-263
-196	-637	296	-184	-601	438
-193	204	387	58	-508	-20
225	375	140	-575	416	307
-372	-371	-401	218	-513	-313
335	-294	354	287	-260	179
109	-534	266	485	384	-224
-444	129	-329	483	-348	-357
-516	-51	-55	362	-618	-379
422	6	288	478	427	191
-242	302	193	458	653	-304
-101	196	-488	-353	-183	-90
468	-529	545	30	295	184
479	-147	-428	88	456	35
-661	-146	30	-601	-571	32
-406	228	511	-266	-33	-620
-327	6	-161	43	-410	580
420	-96	189	-89	-141	261
-68	-662	-159	-235	-541	-658
-283	-119	56	358	370	-639
-307	210	121	97	-658	357
-200	-662	307	275	-572	127
-660	-400	-86	418	-327	-224
216	-76	603	-562	-83	51
306	-82	-247	-569	186	621
533	-281	-37	-351	136	27
-629	541	297	-258	331	534
577	603	-391	-178	484	-412
-385	-30	222	-665	-446	-333
-299	367	-493	-635	494	-623
388	420	-318	346	-93	-545
-373	275	-559	624	82	43
-152	455	-581	411	120	63
-381	-265	-598	-568	-321	-346
23	-315	-569	555	-625	120
237	500	407	-324	626	314
-615	79	367	240	377	44
-9	311	-450	2	-621	218
-242	-332	100	-301	-504	534
-371	352	-432	464	-40	379
192	-202	-229	-506	344	101
34	95	-627	462	-223	-14
-224	26	650	145	-622	-272
-492	-571	523	81	326	513
-394	-627	-470	30	336	-263
-400	-77	452	-477	-279	101
-93	533	506	14	214	-37
-661	-185	-595	357	407	585
-128	185	-522	181	170	543
-649	-365	-87	286	-251	258
-522	299	-538	-34	486	-359
-465	-312	539	-22	-123	-333
65	-272	-597	-205	-360	-252
-289	425	424	-255	267	-419
-628	562	128	189	486	35
-103	13	270	273	-469	-614
-484	-312	-655	177	635	-612
647	620	-3	324	-283	-6
-507	30	64	476	-21	-333
-460	354	93	378	542	-248
-629	445	-187	472	-439	515
610	27	-90	647	252	-83
-209	-45	326	-336	-549	-108
-490	284	-337	264	-294	166
480	435	-653	200	496	531
-619	-430	338	341	-336	588
-602	266	268	-354	106	-622
97	-259	534	120	-579	375
-479	-392	-157	657	-315	-183
36	294	-65	-47	635	-413
-359	96	-426	-268	20	614
573	-586	199	-333	-1	-117
-576	209	-574	554	-152	570
390	-40	-491	-429	-332	-154
610	645	-643	219	115	-42
-85	-535	-423	-384	273	94
541	633	-508	626	653	-613
285	-343	139	-499	-153	-640
-325	-507	625	-340	58	318
115	-87	-307	-166	-469	-166
483	-408	-429	537	-111	-172
639	19	175	601	500	-456
212	348	-84	14	-189	-648
66	-585	-568	-230	107	53
-216	215	287	-552	-130	550
368	-638	315	-94	-665	-384
-93	-79	121	108	-459	-393
98	-412	-151	210	-506	205
510	-119	43	96	-599	-570
-545	477	-383	-293	-651	-120
480	652	-90	113	-97	-422
525	581	-575	115	-282	-353
-163	-495	-476	207	-126	433
515	-451	58	-29	383	498
-116	129	170	539	269	-620
27	-494	165	-295	144	84
208	597	545	-162	197	635
275	596	354	-14	207	-112
483	-454	584	-515	545	142
-612	127	-269	161	287	-135
522	352	305	462	-104	59
110	221	-258	-138	333	314
32	222	206	-593	428	479
124	-372	-93	-603	227	-4
-318	-309	-340	-121	-393	-447
-365	-83	-263	387	-394	-544
-525	517	177	-120	-488	28
123	513	655	590	45	364
122	-111	482	-450	-514	37
-6	193	-551	219	603	288
-630	302	159	371	-492	552
-345	557	510	406	32	-474
642	-480	265	-157	71	17
662	-529	640	257	-239	377
-552	657	114	-506	209	253
517	272	572	87	440	328
-165	-209	-636	569	187	249
364	-134	-46	654	172	36
-253	39	158	-591	-497	478
184	-437	-174	121	-577	-289
-184	-430	-394	155	-521	-45
-316	258	636	-250	624	-347
-114	648	-362	175	25	392
-572	143	477	367	-407	82
632	328	559	591	-651	-270
-365	-113	452	-333	409	-561
-655	-648	30	479	-325	397
57	101	-95	-510	-359	81
410	-171	639	-249	619	-525
106	593	341	78	-504	-658
-364	27	-354	433	213	43
-448	502	-265	-45	219	0
-572	-484	620	226	-410	104
70	-58	89	390	329	-531
488	-465	-179	439	-318	346
-624	-189	-310	-216	369	487
-529	493	634	-242	506	-47
21	18	560	-128	39	39
-644	-19	140	-51	519	363
306	-111	617	556	-67	108
-301	-109	666	-316	-115	-261
-344	-213	-578	-414	-502	-47
178	241	-46	216	297	-267
348	502	-325	581	-353	-530
-194	620	309	403	264	-196
-476	76	468	-11	300	497
-395	-421	-414	407	414	-52
386	240	-514	429	3	82
221	339	206	154	-286	-531
607	-35	-241	-66	115	-610
341	-521	586	9	468	-523
-541	-13	155	-220	392	32
-509	628	252	-560	-602	520
275	-399	-86	-635	542	-427
94	36	156	609	76	-174
208	-352	-30	-335	-238	-122
-59	167	591	197	1	448
198	587	-268	627	535	607
159	647	-470	-404	144	-491
-490	-386	471	-436	-613	380
-117	514	112	334	-500	25
-317	-460	649	-305	-480	-512
160	535	334	397	152	93
157	-164	492	459	-255	316
518	76	429	633	-85	633
-156	439	-137	-607	201	-133
616	241	-215	-388	644	367
-115	279	635	296	-621	141
-183	220	566	470	-368	-663
158	-356	543	374	-661	-478
538	-127	-22	218	-467	340
585	272	90	166	382	440
-646	341	-344	431	42	361
302	-154	-341	120	-306	496
443	77	-3	-214	30	-248
-356	-41	275	-9	-246	309
-514	133	617	153	-332	-613
237	-560	256	-181	165	574
93	-629	341	165	-87	-94
-101	-146	-271	-399	-436	555
-358	131	336	271	-362	-553
19	339	219	635	-152	226
-232	-164	49	-23	-82	-254
-308	-344	-516	526	-599	-615
-117	105	31	625	-140	466
-586	507	-408	-33	331	-444
605	-43	382	-257	-473	-484
-348	645	639	-365	-55	251
-417	-67	435	-509	71	34
-596	-327	586	-99	344	467
362	93	491	-346	510	-72
-117	-647	-525	431	-90	92
-518	-374	342	-478	293	168
447	478	374	313	459	-556
-248	-397	313	-271	212	41
56	-269	594	380	265	630
624	238	-315	-653	-621	-37
-570	270	-503	253	-637	433
-566	322	646	429	466	-175
652	-10	-591	186	162	24
-520	239	-519	-644	-394	221
-664	-319	423	423	463	319
423	71	220	250	-137	245
-241	-604	-185	647	0	-191
520	470	-362	-592	444	433
-587	468	-93	229	247	473
-655	-4	342	-105	355	491
-576	590	477	357	385	-333
-468	536	656	-395	413	-504
156	491	173	-307	-374	-563
400	-195	-301	102	599	172
568	-345	398	604	443	-254
94	-231	-368	396	-60	-439
647	-326	245	416	255	280
96	175	22	-200	365	-90
131	-304	116	361	193	169
-647	15	-572	-40	60	288
-627	-629	460	312	-325	417
278	556	273	475	275	589
483	-127	-85	43	-199	-72
-505	23	195	-637	-184	476
-512	-2	23	-328	407	-438
126	-301	285	135	401	70
-340	-559	438	-567	241	226
-257	478	281	208	-21	655
-227	-423	630	288	-386	-125
-94	434	73	-264	410	-544
-360	72	-229	-215	-268	-541
550	-243	-573	354	665	-373
184	561	106	22	-208	144
-154	-308	-603	184	-390	-261
-9	17	440	-471	-573	442
625	401	-212	63	463	22
666	220	396	-394	627	-154
-295	-152	14	-578	-646	-484
37	-159	618	325	-461	120
630	-482	112	232	517	306
-273	-183	-257	-436	-564	48
-578	-394	295	-382	455	-471
167	173	-171	518	75	94
-434	-360	483	-218	-567	77
488	-259	69	-78	-162	554
410	6	-318	-461	-14	372
321	-354	401	-260	13	601
617	-186	-394	322	-398	-160
400	-561	482	-49	-167	361
-581	-178	216	376	531	-558
-638	433	443	215	-295	354
-510	-402	487	-540	184	-353
-274	614	586	450	132	-406
-217	-323	632	616	-350	-398
-477	30	550	391	522	218
-204	239	396	-606	-194	-518
-170	-175	35	391	423	31
616	-645	317	-561	74	-174
87	-339	-84	500	-490	-494
-580	156	-322	-145	-35	48
-89	641	483	43	-314	-593
347	432	-55	84	319	-568
128	113	395	-594	350	-27
482	-102	514	216	-391	318
-658	-311	63	-411	-105	-629
-40	357	265	-192	-108	-550
397	-170	372	-160	117	356
32	137	119	-33	2	243
218	190	375	-114	-554	568
193	-364	-94	665	-560	-303
415	-433	-538	601	639	-215
47	-569	-476	-484	-492	-198
-176	-478	-241	407	-121	428
-618	399	14	-451	138	-378
-219	521	23	-165	628	385
551	-557	-289	267	651	97
488	-332	203	584	-510	323
-571	-64	355	-469	154	454
-664	-259	254	629	-296	0
304	24	226	-624	509	-484
-243	440	-585	-123	-227	398
-161	151	10	-533	-250	-325
-127	-565	-468	-648	-170	-59
192	-231	-422	642	-547	-473
418	-189	328	481	131	556
239	-63	-473	160	-390	604
492	505	-255	-610	-389	-462
426	261	-269	-58	-46	283
603	-211	360	457	264	660
252	-612	-175	207	-221	202
344	231	360	-22	-521	-598
385	79	104	644	634	643
367	3	76	-350	490	446
-623	-562	-302	-607	206	-530
-160	-512	-556	-45	449	151
161	461	-413	-358	-271	366
-56	338	-519	27	27	121
666	-48	142	-310	332	-541
-110	518	603	276	661	-403
-3	128	523	-111	525	418
311	226	-386	-623	549	300
25	173	547	461	476	-285
-513	624	17	-244	-460	274
-399	-632	-298	-329	273	187
-121	-49	21	221	-348	661
-408	-212	160	-276	-354	182
-71	273	-655	-536	-643	-102
267	-141	244	-463	99	287
131	-327	93	12	-58	39
196	-269	-570	-584	20	563
166	-561	-312	-312	-559	-147
-81	-7	390	-598	-308	361
637	601	-656	-224	-601	-503
-639	-183	624	246	-286	589
-192	-96	-67	-534	-384	166
194	-538	-366	-110	534	-628
-110	-420	-646	382	358	394
403	-68	502	-264	63	399
-587	-544	-352	-292	-428	72
607	-623	-185	150	245	-276
-647	-165	-186	-443	-466	629
-146	-354	-588	657	495	-600
-384	-380	593	154	-654	-524
246	664	-653	-581	-465	666
-469	-352	7	174	628	435
-125	246	95	504	-250	-450
405	-145	-542	-589	-329	124
46	156	484	413	-481	120
-456	92	45	664	5	-179
-48	-279	-256	100	327	368
334	80	175	537	516	554
603	-305	91	268	79	210
-61	-363	-482	74	-155	-37
-344	404	396	-413	-439	25
-658	556	-57	406	527	535
59	638	-458	-235	-408	-434
270	-239	-292	178	-340	-474
93	-598	-417	-6	214	-370
479	39	530	-114	241	340
-112	140	-194	-409	-636	35
-130	378	56	-400	-213	245
290	-619	154	581	-311	42
10	-559	127	-415	663	-40
-498	-293	145	588	-306	-134
592	-87	66	504	91	76
354	-314	-42	250	151	-446
341	164	-429	-439	647	-616
342	-447	-58	328	619	321
-455	-92	174	-621	-121	188
590	-394	10	659	310	-303
646	70	-456	336	354	13
536	-596	410	270	-565	329
-40	140	-84	194	132	-58
469	-335	214	-348	514	531
-171	-13	-62	481	576	151
-324	298	599	336	-130	-233
342	483	518	369	-118	-255
-631	92	-30	-465	-79	492
187	328	-599	-105	-218	303
-103	361	544	101	173	483
239	-386	-3	428	508	-335
213	-436	-324	308	82	-125
-132	-203	-324	114	-211	625
-159	563	-655	-595	324	-252
78	-600	-202	644	-362	644
-586	659	103	109	-13	417
-190	57	-136	82	-542	-493
75	338	-401	-652	-561	-471
539	300	404	490	646	94
235	-543	-330	332	617	-259
-222	-168	448	-518	-414	180
243	343	35	86	129	133
290	-285	-457	290	-463	629
619	648	-661	364	34	-620
-283	187	62	254	-522	-659
-605	-398	518	-308	449	658
158	640	-635	156	-80	295
-365	-210	5	630	307	381
-563	107	359	-179	-527	-161
-588	-412	428	-114	418	-506
-367	488	-466	-657	-112	-430
-73	447	-625	-162	145	508
388	-263	-404	-154	120	191
-657	-211	-428	-482	-171	-472
-76	-490	350	-517	93	556
244	-302	-142	-368	-533	-282
459	-33	-615	337	271	517
-434	-497	566	116	-530	-17
-527	579	302	-655	72	393
210	-377	42	-205	-350	32
-603	-608	71	-59	-612	501
608	-317	-368	-506	572	27
358	451	-235	571	360	631
65	204	-119	108	665	-327
575	-593	-581	-203	321	-543
76	310	-288	-342	380	330
535	-234	-24	-245	253	-286
665	-451	-652	435	92	256
-108	37	-167	494	-534	59
-387	-284	-611	210	506	253
-234	274	-261	-317	654	-518
-311	485	-425	248	106	-286
-515	-201	376	-577	563	254
162	-467	-356	-618	511	339
2	-621	631	-87	439	513
380	546	-427	-443	-591	-219
-243	282	605	65	81	445
334	260	-349	464	484	462
-488	397	395	219	417	296
-485	-418	-279	-49	370	-429
471	-472	-402	272	-532	-523
402	560	-362	471	-336	450
-657	379	308	192	628	-371
-424	-38	515	-216	258	441
655	515	-302	-103	-298	263
22	-159	376	-657	-548	-599
-115	-497	319	-498	-33	-369
-548	-182	353	-349	347	-284
164	63	550	-553	307	420
-582	546	-657	134	-591	-314
211	45	-19	572	-405	-442
636	-586	559	527	83	463
-100	-329	-449	-56	148	-189
-487	198	373	338	632	125
-251	-663	71	-418	-433	-208
121	656	-424	246	-621	-71
-252	632	-160	-191	-281	239
490	641	-379	177	-224	-119
-49	-240	-112	-175	-518	-105
177	-97	273	-661	448	-47
-512	-41	43	-445	68	69
169	601	183	-454	-291	523
550	368	-488	-436	325	-143
355	-571	402	-56	425	-163
-274	-528	605	79	250	-198
-586	-315	-613	-69	-304	412
118	284	-430	131	-191	21
-286	-28	-247	-568	62	-213
523	-96	-573	-590	463	-28
571	396	135	203	278	618
532	95	556	209	-114	-595
257	-457	-330	-555	244	-504
617	-123	-342	-77	641	371
440	623	475	537	-299	-191
-488	109	-277	623	455	-333
91	124	85	-72	322	-112
168	356	-498	154	-154	19
289	-173	-572	-58	-179	39
425	390	486	-624	447	377
179	64	548	659	355	492
579	95	636	77	587	-657
303	158	-563	500	408	-30
43	255	-583	208	-340	297
639	-198	-2	-34	320	391
-565	-23	-568	-321	61	-434
-581	301	369	605	-612	563
-354	-285	-467	-70	-31	-420
662	-170	-634	419	662	-452
-549	-324	75	143	-273	285
0	361	-300	333	408	353
-302	12	-197	-664	-135	659
472	7	-150	509	248	-218
239	-381	-642	-465	-53	-87
-483	-355	272	-173	188	459
167	181	449	217	353	178
111	389	629	-54	490	-619
89	260	595	175	-525	-244
-195	-147	-510	-157	-225	-333
14	-621	1	205	664	324
-631	86	-284	67	-660	-42
-496	-369	463	-618	-434	549
647	-246	402	337	-167	173
522	-106	-343	385	298	89
17	-567	-435	-70	369	359
-6	639	-37	-364	-185	593
309	322	-548	-579	592	-270
-183	504	-319	-301	574	127
160	-143	128	-603	464	-185
-13	437	-645	100	-406	-217
-547	-82	569	-178	-373	-71
-575	486	256	-82	-239	-651
181	394	209	-595	457	-351
53	520	388	232	464	498
-180	-311	257	571	167	-635
-621	200	125	598	-216	85
281	124	387	316	156	-345
-232	501	-541	221	-353	64
649	187	404	313	407	316
305	595	656	-189	452	550
-627	-355	632	244	-36	494
-119	-217	-335	-201	-507	-311
463	-139	10	372	-217	-486
-130	-37	526	47	-252	193
-161	349	455	-441	-446	-548
-89	375	441	151	-365	-484
-519	-43	219	-89	237	618
116	-571	52	-474	303	-148
449	288	-324	305	498	-550
-389	-239	249	-318	51	253
-508	9	101	577	84	-296
107	33	-465	35	-319	392
-413	-180	-475	-643	-513	531
-516	-618	-157	-61	13	241
347	-105	-112	-595	521	215
576	502	-477	478	82	159
314	85	462	-40	598	259
-462	-609	-494	174	-234	-502
-368	-650	596	-377	341	-546
167	479	-99	659	-377	-71
-30	-138	-607	122	471	-104
-627	-84	-493	364	-186	13
517	554	-141	143	-423	71
-43	-226	-338	-116	210	511
170	598	534	529	349	434
-215	-108	434	-423	-110	82
-471	403	554	18	-11	-262
279	-37	-82	-408	391	392
-184	-526	188	-85	-80	39
435	-1	374	247	-63	-225
609	350	-73	114	226	472
-103	534	-42	291	311	-207
-354	353	-398	601	-380	-657
-64	175	-131	-111	406	600
493	347	109	482	-508	-42
-482	217	-157	61	475	-335
158	-604	-577	122	624	152
-502	118	38	478	-98	-358
-50	-480	-430	629	-658	84
-623	257	651	-198	366	-434
-617	-251	132	244	-485	-517
331	-634	-51	661	652	225
68	-231	561	115	-134	506
-188	0	1	340	138	273
48	525	414	514	425	74
102	647	621	-429	566	-514
-434	580	127	392	77	646
-41	-176	396	279	241	120
-423	119	155	-412	-539	-332
-318	-578	179	-428	-435	469
122	262	4	276	296	257
627	-303	-580	-463	-220	-350
596	119	641	-235	28	329
-311	429	235	379	-19	122
-48	-479	-314	-41	-475	-589
396	474	-446	37	-547	-623
-201	-505	-195	147	11	126
-310	-42	-293	-198	-234	609
-436	-500	532	-557	-312	503
141	-184	-237	-552	-492	-197
-175	124	-471	217	-420	344
237	-91	201	-390	383	541
-212	405	641	-492	-546	78
421	-648	27	-503	-286	142
-494	-434	-647	-393	-401	165
-418	-14	-358	294	143	-425
-429	-478	105	540	597	-636
253	-248	-420	-424	270	368
-605	105	509	297	58	-344
594	573	-405	-333	592	-105
-492	125	-649	587	-373	157
386	470	344	-61	74	549
106	-82	-497	58	202	-252
324	-612	538	-360	-378	-200
48	506	584	-362	251	413
-48	305	-275	341	518	-22
-231	-612	234	50	-76	-660
584	548	-157	-331	542	-70
-376	-651	-422	-329	-311	117
632	-534	541	-170	-241	-656
-323	-155	-282	-538	-68	3
175	-503	557	-64	465	-213
-269	-619	637	-67	-280	120
-600	417	14	-401	-30	-584
136	-399	-133	-333	-638	-158
38	578	504	-464	15	268
296	-477	-1	251	-81	120
-78	-653	305	-196	600	-381
-268	432	-399	62	193	-86
5	267	-549	-500	651	-631
549	138	-403	-130	17	402
-417	147	-567	-219	283	536
248	169	137	-658	-493	-487
366	-211	-646	0	-318	356
-495	470	-646	-451	-567	-444
-345	-256	526	-165	-160	394
-661	85	-328	318	455	353
-577	390	-157	-34	-84	-510
-313	-289	-500	276	-453	-215
-453	220	25	384	-536	478
-133	183	14	600	342	456
-245	-193	-350	599	285	-23
345	-458	580	496	-149	-7
-261	-223	9	60	145	142
-167	-283	-72	399	-374	-24
76	66	-206	541	643	30
-343	-66	89	-138	-578	-94
-580	2	184	-344	-256	376
126	-548	-271	123	322	248
272	264	-463	70	-298	441
-596	469	-562	-491	-226	-456
268	283	-197	83	-624	-460
452	651	-300	478	660	-333
504	-351	259	-200	-559	510
-100	437	217	-350	622	-256
-498	216	66	256	99	-503
84	-536	-264	194	-322	662
-209	367	-486	203	-302	-299
165	183	619	-607	-272	648
-367	-205	-497	-593	-475	594
-199	302	101	-536	479	409
276	575	127	-629	388	-508
429	116	-207	-216	-228	-556
408	-4	-76	154	182	-132
-33	-168	304	-274	288	636
-27	43	289	361	-87	-33
504	59	643	-153	-407	-327
-25	180	325	514	-200	422
381	6	622	324	-589	197
-486	-300	-7	545	-204	616
508	-142	-417	38	-128	-138
392	395	-567	232	-577	514
627	289	318	31	-457	392
199	-308	-536	378	284	23
476	315	476	434	-400	194
-73	-579	421	-169	-148	563
329	344	602	434	-367	-382
24	-149	-284	-312	490	158
447	-506	468	440	-520	328
-409	-488	-185	111	316	-256
651	-557	225	-603	582	182
-41	470	577	-460	-320	138
77	469	136	423	-437	546
615	569	-91	-627	55	604
-591	-536	-181	-76	-509	466
-647	-13	-499	492	348	273
661	622	299	-435	-461	370
-210	460	64	327	-416	-180
62	-6	-94	-394	-383	109
-389	588	9	-99	-295	167
-82	-501	249	588	421	-597
364	339	-338	196	-371	-203
9	376	-656	-47	124	10
8	-170	-253	-341	214	555
586	-371	489	469	423	149
-374	65	611	-342	56	-649
-6	-495	139	601	-225	637
338	-174	-269	-317	-22	469
16	432	200	-420	-366	-599
312	39	-64	-334	-516	543
629	16	-11	96	617	57
214	-216	-653	46	16	522
-635	-236	-118	371	-546	-186
398	400	648	98	-167	521
68	544	-531	-189	-631	491
497	-274	467	-343	1	-252
-608	322	237	-218	204	-241
-153	143	-195	501	-585	-532
-300	342	-185	-89	-314	-604
-274	-666	-560	575	-17	-199
-380	563	170	36	383	412
456	208	146	562	-70	174
64	-406	399	239	-530	576
230	-260	411	-508	522	134
290	105	253	583	-291	60
-89	-499	352	503	618	229
-430	23	-449	633	-285	163
-91	551	-209	270	28	-315
568	139	-408	-598	402	-557
39	-88	-231	-374	232	508
102	-498	-8	-517	123	-413
-300	142	-452	522	-295	-58
599	-376	177	5	528	540
-398	232	326	176	334	-246
-374	-300	-114	-644	304	-383
-520	139	303	75	-558	-645
93	-376	-24	212	147	-446
614	113	-562	622	95	-182
-276	260	-371	414	-23	-271
72	187	-294	328	374	204
592	-161	-509	-635	-3	363
454	-438	-419	93	383	-220
-336	377	-581	113	605	-9
-355	592	-463	-207	515	508
58	189	131	303	-424	-643
111	367	332	339	-446	-236
-560	130	-435	-522	-12	461
-396	214	262	400	1	136
-125	398	472	-46	-632	-491
142	-199	-553	-211	-323	167
-349	612	-113	344	451	-529
-643	-184	160	-442	-442	660
-222	81	-263	297	-64	-253
324	638	-208	301	649	625
461	472	206	-494	62	471
293	-536	241	187	281	-393
-160	-484	13	-333	-557	-454
431	643	-45	-185	210	579
209	-10	488	95	155	170
400	-283	127	439	-441	-462
137	-605	515	-469	95	-413
36	293	-450	277	-491	434
-23	-596	-48	-449	435	620
-373	-603	598	209	-33	186
359	-10	-197	-475	193	538
473	-206	-164	90	-99	103
40	537	5	394	-142	-456
-525	-124	-233	-223	113	-639
666	-393	390	-466	-215	-387
3	-618	68	502	-37	-325
-597	315	103	496	543	-58
-556	184	-8	412	333	-400
312	145	331	514	143	-400
244	206	264	175	379	-214
-326	-453	496	237	88	596
-123	-123	-476	-546	-530	-391
-143	-30	51	-376	-159	-521
-334	644	299	-365	-463	-204
-633	499	287	-74	322	166
79	322	240	69	139	620
94	187	-183	74	566	158
-233	-29	-578	-630	63	-294
-502	548	-419	-427	-80	552
-645	-8	-85	571	553	-37
-428	-219	565	-140	-231	-403
473	352	-104	-57	-362	219
196	375	-496	319	663	592
-130	-366	-261	-45	349	505
495	35	-552	-255	504	-495
-428	-133	-416	-312	-179	308
518	147	-432	-431	643	603
-376	-219	474	-42	-516	409
-88	526	-132	129	151	-425
-377	-608	451	600	83	-407
443	-449	-660	-442	-464	-74
-588	408	109	-332	-578	399
179	-491	418	55	-212	-26
229	497	486	-459	-665	629
-268	595	-218	149	363	214
571	200	4	332	-129	409
-635	192	358	199	500	130
-537	115	465	-205	209	-511
123	577	202	168	634	-368
76	-93	-312	-475	109	303
-107	635	542	-556	218	-131
-191	-319	-350	-617	-84	538
185	-610	346	295	100	75
8	135	-540	663	-114	470
295	-52	604	511	-653	244
-118	-165	58	14	215	42
534	-286	-144	-212	-243	251
-335	-385	615	45	-81	473
-59	-576	-449	-353	-118	36
641	-226	-170	-313	487	215
598	467	-373	156	100	-468
-315	344	613	-501	78	-401
-236	43	626	-215	-366	-118
-562	267	-161	436	562	-577
-642	553	304	644	-564	279
-86	-289	-312	-248	304	222
-334	-451	354	545	174	-606
217	628	-502	-312	-132	-314
-434	577	257	330	-401	127
-649	208	-449	-190	486	-371
-10	-431	654	461	83	443
-504	493	260	-412	-593	-661
286	-228	-533	-22	-96	-95
-646	-395	-556	-272	-262	-364
-41	464	-523	-363	82	72
-362	-159	-210	-54	181	-137
453	-602	111	256	-455	158
533	60	110	94	514	-306
-45	103	583	-444	179	130
118	482	113	-542	-351	430
211	-130	566	-40	-299	403
-6	-414	320	319	120	-521
582	664	407	-201	601	349
-621	341	-583	-438	-151	-596
-516	190	-91	288	343	-341
193	570	-193	-529	475	-350
-377	285	-576	-254	27	266
-122	302	-468	-137	-403	382
404	-29	481	8	-262	593
-236	-190	215	-599	436	-650
185	-476	-25	-539	-128	-128
640	-99	-54	177	166	-233
-614	555	-69	-298	398	-168
-628	384	-117	586	-254	-405
-371	131	172	-543	-658	-183
142	-96	111	-130	516	340
-406	443	-97	-600	264	387
401	-629	62	-192	-390	-266
-362	200	119	8	499	-439
-506	376	561	324	-574	-594
-461	-321	-470	552	518	398
254	-10	-499	420	416	107
278	-561	165	201	536	398
-10	581	150	401	-616	-507
233	-641	83	-508	429	-84
-311	351	63	-511	190	268
-382	132	200	-192	405	-535
532	588	373	-319	-202	141
54	214	491	-185	304	620
12	398	649	410	588	220
-426	638	631	-104	-461	470
-215	-151	-380	615	-538	-57
344	-262	-372	362	538	586
-196	99	128	-410	657	514
538	-486	-100	-633	306	-383
-177	322	-371	-346	141	413
337	151	458	267	437	640
-304	466	-314	352	-445	98
-70	634	-537	55	617	369
380	-567	-87	481	597	54
261	-405	-151	73	329	-123
-244	-640	-186	500	266	-130
111	-587	418	321	72	-413
-355	-503	-417	73	-157	-107
368	462	168	-535	249	97
184	-476	-558	93	-379	-359
230	-582	-348	295	272	397
127	54	543	610	-553	-322
35	225	-484	373	207	-301
334	88	560	64	-394	639
99	78	-627	173	270	492
116	454	-508	322	40	344
-662	-77	-102	372	-390	-610
215	-577	-153	156	63	-59
166	226	-626	269	-155	-222
528	-168	-95	-261	-544	107
-179	-88	-278	-94	560	606
-58	-387	-525	-228	-88	-420
-45	-453	-50	225	-605	-169
663	247	-315	-43	-620	-376
274	170	504	-83	-39	-409
545	378	-319	-158	189	85
273	-109	-165	-37	-228	26
-320	204	552	502	93	-284
462	251	-323	387	-343	-324
-176	498	-471	489	-40	581
-68	339	-131	596	-67	35
443	-214	-273	-472	462	3
-600	-202	515	-488	-336	13
238	-517	-410	-61	500	486
-612	-108	304	257	546	-91
-256	559	578	-145	522	660
-48	-115	333	-467	483	-370
645	544	-88	255	-453	45
599	-412	39	222	495	195
498	-652	285	488	-368	-58
380	-220	277	3	-407	-7
-502	-5	421	-58	107	-124
319	635	-528	381	-509	-302
-402	262	-524	-140	633	-561
-362	-52	-306	182	-180	-381
656	565	297	-517	583	-484
-495	-520	571	509	490	-398
-331	58	-384	-629	420	-409
119	-93	156	-192	248	-74
626	544	-526	102	54	-150
-627	-101	-219	183	338	648
-34	-164	515	486	-101	118
269	-192	-498	-576	-551	-404
185	218	-485	294	-636	-277
-600	-482	-191	-124	-408	-257
-141	-646	239	-4	-332	-21
109	349	476	-263	-16	-24
-497	430	-456	491	-627	-391
-429	-22	482	642	-53	-477
448	-19	485	134	87	-151
-216	317	412	165	-480	436
-276	-559	-638	356	-225	375
-492	-57	32	-269	-15	258
53	-573	-317	39	-209	379
545	-149	189	-429	-247	-27
-114	-25	315	-616	-477	334
68	-389	527	-212	-468	-395
-437	103	-223	-33	-7	-242
-434	-567	235	-552	-646	524
-566	-519	534	77	126	310
-247	499	-626	-178	-578	-420
637	-244	44	-117	-582	513
-313	513	613	499	222	111
462	-18	-370	-533	-652	549
-443	-283	-633	245	68	527
338	527	72	173	72	597
370	364	549	-475	-250	579
127	0	-452	-416	563	252
121	7	643	585	-223	-483
355	524	332	542	328	201
-23	-226	433	-329	-393	-124
229	-264	416	-646	64	456
320	557	-98	-138	-83	226
-93	-459	-449	-243	-68	-201
586	-630	77	12	603	325
-509	384	92	383	258	296
-325	270	418	416	-322	-463
275	481	-161	23	481	-115
-523	-363	-143	-520	-391	473
136	-130	-411	576	325	-40
567	187	298	-368	99	-66
-95	273	-126	-379	190	-211
-605	469	-590	118	-541	3
460	-358	-634	-626	-555	168
-38	259	-665	438	-59	-665
526	-340	289	481	124	536
-569	-538	83	462	-105	212
642	-451	-401	-70	-84	-503
-443	-390	599	532	513	562
-629	-450	195	233	110	567
-266	215	-658	286	-345	-279
90	-333	-431	-193	-22	-355
407	-14	420	355	122	-436
-305	632	143	152	-311	568
-143	336	630	171	147	311
-236	-19	-348	458	411	-143
-608	304	165	335	557	-426
235	481	-606	133	413	272
-484	592	224	170	512	279
220	359	-98	392	414	-598
-596	97	344	-47	611	-10
-43	270	-298	620	197	-390
46	-216	507	-132	110	-265
498	-203	14	-533	609	162
-422	-79	453	40	-432	-630
583	-513	162	-569	23	-154
436	352	207	-386	124	-435
-428	-473	373	292	322	488
-281	-567	-259	366	-506	191
45	653	405	-557	394	276
91	-433	347	-268	-551	253
168	-407	-307	-35	490	-596
-599	-657	-201	-272	-595	377
-342	278	-271	-297	-461	636
-235	439	-188	-629	-451	25
85	225	207	590	460	-365
223	300	-617	158	63	393
486	308	591	432	41	663
413	-514	275	199	-135	-165
18	593	-666	-109	-407	5
-326	-369	365	188	-465	121
96	-112	-184	666	272	-117
-480	376	418	622	-416	325
-290	190	411	164	-95	-158
-70	156	-404	373	359	-603
-310	-199	585	537	-236	194
-631	-45	-498	-123	-517	460
182	226	556	190	-528	580
-93	57	-556	239	-603	150
537	-256	305	-245	-573	203
379	637	62	-33	482	-341
595	252	-436	-174	310	320
-343	-97	448	598	-204	-501
-499	-386	-48	326	37	-544
-301	445	-259	-251	395	-411
-245	-174	-476	-449	592	-598
-179	77	-666	-571	52	337
362	93	-298	207	651	541
-373	-390	-362	306	430	-234
-283	-474	444	473	-527	-430
-615	-502	-313	259	515	-664
-273	-225	-320	487	312	-513
-614	22	-209	-551	-62	12
-193	-445	-491	107	159	492
269	-588	597	-39	588	269
-374	6	-378	-348	-388	-428
583	18	236	305	38	144
64	123	-410	96	235	-266
293	-638	-142	388	329	3
-636	547	523	-513	-506	182
-13	310	-382	-522	475	640
539	-243	-257	266	600	386
-562	535	254	-222	-538	434
-297	-194	328	-616	241	-502
388	140	552	601	-255	224
-466	-153	122	250	-20	-53
253	366	-633	104	240	-224
-29	342	547	-152	-441	-546
245	642	-424	-335	430	161
584	221	-37	-207	170	-455
89	433	-3	297	626	341
-590	504	451	337	432	246
212	22	322	-174	513	-473
-441	-589	-173	-428	-216	-465
473	-502	605	-487	545	-439
185	216	-621	41	90	-52
-358	-534	-352	302	226	-238
-363	-470	-337	-523	403	-243
77	-531	177	408	653	-358
522	-374	314	-96	-152	292
-36	480	204	209	7	-130
-502	497	-129	384	12	344
-228	577	-208	-144	-534	-156
428	-15	229	-111	218	246
326	143	-618	-416	141	543
-438	317	-567	-430	283	280
-278	210	-633	-639	-420	107
32	438	-47	-408	-164	-421
576	165	-572	522	-482	-320
584	-107	-631	140	-583	379
253	-652	-410	-263	-243	457
-160	208	174	65	-135	-626
381	197	341	519	291	-244
479	70	-650	72	-560	561
-556	-498	-50	312	287	332
-190	-470	246	496	163	142
649	-111	574	-392	-102	-599
-258	-98	-374	447	-165	64
-524	-614	-229	-568	-95	-249
61	112	-4	157	-212	-641
-382	262	220	150	-24	-37
66	318	626	276	-564	154
-461	-535	-365	650	-418	485
339	-275	-614	-398	318	-328
-328	-129	-182	-254	-331	-145
-389	-61	-52	-608	-380	79
-128	-60	-534	454	617	-478
-469	569	256	249	284	-635
-627	-317	595	479	550	541
278	-10	356	-22	530	-367
636	-17	-655	211	-445	635
-550	275	293	532	347	-402
-233	51	-539	7	-210	-612
178	395	398	142	571	201
-592	-184	-592	168	373	-17
-153	102	-47	11	-331	234
-106	-88	457	-119	479	3
-220	46	-486	-560	-355	-309
565	-200	-68	149	-628	56
104	-297	-541	-144	-399	-183
663	-524	70	582	-200	458
-395	-99	556	172	-335	-163
-214	-513	176	-642	249	319
-153	-229	18	-238	379	611
656	654	540	-59	-223	-465
-568	476	-641	357	-282	-21
-113	-665	478	-239	10	614
-464	-107	-98	-449	-525	468
-536	139	638	-44	607	-652
300	195	-46	-505	386	332
510	124	416	-213	-207	-582
596	-655	285	640	-577	256
291	418	-114	68	184	-576
-291	117	-455	-321	369	337
499	655	131	-193	60	-142
141	102	-640	-382	-9	-420
-547	-138	-244	-233	481	-300
-15	302	33	558	-639	439
632	536	603	-214	265	-241
-342	609	-67	-237	242	-385
-234	259	-105	535	-536	331
-518	558	-503	-651	476	333
-357	-622	-326	-369	32	147
61	61	451	-141	525	-473
248	8	-159	-559	448	132
498	-155	273	-506	-10	246
-228	398	-134	-121	408	-358
87	-200	130	-513	37	-10
-46	-418	572	-584	-323	-79
-365	279	-618	22	355	-96
353	-571	647	181	-255	-25
-468	-537	-364	-61	-282	479
216	-628	-215	-324	177	334
104	-494	47	382	-532	-241
-125	639	429	-354	138	416
89	372	542	-123	123	-340
-623	-510	609	231	55	95
-504	-365	-285	324	507	-47
-76	342	-314	-402	-38	62
-379	-508	-566	56	-166	-294
198	-361	60	559	-487	-49
-232	336	-168	252	447	594
262	171	364	651	298	261
-505	358	34	-272	16	-39
548	410	508	298	452	110
-557	272	-535	341	134	-233
-466	-352	639	368	-333	506
-127	-428	304	8	-43	-79
185	-536	-313	582	-263	146
289	-369	-363	-109	387	-21
-339	-15	-202	-551	450	437
443	-173	186	88	486	280
-593	662	356	-40	-620	-509
-392	282	-560	310	34	-610
284	-424	405	38	-466	-362
-629	660	-142	-662	537	605
388	320	-96	217	329	-332
606	185	202	-36	-558	-57
548	591	-110	-436	579	620
-653	-348	635	348	-265	-393
16	374	-588	127	398	-7
547	-550	344	60	-164	-90
504	-453	-119	-137	-318	-90
5	-620	662	-626	-256	495
524	488	491	-157	-273	-583
227	-181	532	68	-449	491
544	447	294	137	-12	114
-133	-201	381	-582	244	-49
71	-351	659	376	-396	-28
182	68	117	414	-113	-60
-576	-581	628	-547	-371	-587
300	-369	-299	-278	144	-208
-51	-3	-203	-199	640	-446
-140	324	612	-107	-340	251
569	251	536	-272	-453	-636
649	-666	-72	575	204	11
39	-75	-141	-261	-349	-319
608	666	-345	-533	-615	-273
563	-461	-132	-440	500	309
419	261	506	-148	-309	-24
51	161	-95	403	417	-307
-569	-81	-410	347	466	461
461	-357	-363	200	-587	-511
-198	439	494	273	-181	-79
-62	-175	-410	70	254	-96
-5	264	480	-567	-46	-158
128	-172	-77	279	481	3
510	-536	478	-540	-263	299
53	459	433	-642	-180	-618
20	-95	-452	-118	-434	-544
-226	-571	-129	-97	165	140
-350	-450	543	-6	-174	-641
-524	-488	304	-457	461	518
486	223	-5	338	69	641
-547	473	598	654	358	-320
163	97	-172	-47	-656	-657
458	527	-659	-341	-42	523
428	296	-519	-592	-33	-315
-359	-465	-47	-632	-439	545
666	-524	-526	578	-50	-249
-229	-497	446	48	-179	-481
446	-49	-107	207	507	-445
-6	186	-542	247	-77	-52
-114	74	-288	311	-494	-112
17	129	-415	388	664	558
294	-454	-48	401	146	311
248	606	-595	-21	-240	368
217	33	-628	46	544	-604
186	-462	-119	-95	-665	-138
521	-198	-666	34	-464	200
82	-649	550	149	-254	-351
353	66	-144	270	547	424
-586	195	-203	324	81	-601
-260	270	78	-519	-661	-434
256	71	128	200	99	-209
146	-606	200	324	-32	625
533	-577	604	516	54	-30
255	-294	239	-34	-35	141
583	352	649	360	154	-114
18	-557	371	-88	-524	164
220	-343	-495	427	509	-69
419	-458	168	56	489	-301
-423	-320	-58	211	-484	578
34	-408	254	430	33	-60
-295	187	401	336	-217	475
-502	29	-460	78	-657	-9
507	4	44	130	-59	-613
-393	318	-50	-82	312	110
-433	-227	-197	374	-73	131
589	-385	-469	-558	-171	597
-212	41	404	-574	642	-610
-593	318	-375	319	46	-94
-186	-465	530	507	-263	80
55	14	317	412	-121	260
325	-124	266	629	-425	-212
590	528	651	568	454	212
216	213	232	-68	228	461
410	140	355	-352	604	-579
-376	265	-158	369	-275	14
-634	-171	23	313	-571	-567
-496	-245	77	-151	434	-473
241	-499	568	-421	91	-223
-552	310	514	179	36	356
-652	-391	-632	449	451	139
-211	-31	-230	283	618	187
-269	-303	-475	430	-472	-466
-263	-356	423	124	-214	299
320	146	-199	337	521	227
-321	-226	-658	-393	168	209
-428	-399	-557	263	601	-132
-576	490	-532	508	41	-578
-335	-529	-22	-396	186	-599
-144	-585	218	558	383	-385
412	233	-106	551	265	-478
80	245	642	-32	67	-576
-652	-433	437	-387	479	-35
215	613	28	-381	344	-469
-142	2	-550	-273	-449	-403
489	290	176	-581	-459	-610
-157	-617	-381	563	-592	164
-362	195	468	180	-94	467
-1	-593	599	-537	284	146
180	-142	307	63	454	-171
-190	-455	466	232	-596	-539
434	590	313	199	-324	-256
491	20	-633	258	262	345
-251	218	598	621	139	-62
323	-362	444	-9	-452	-342
-130	362	260	207	-16	-584
-91	-492	-44	582	326	-249
-97	210	-391	256	-440	581
-520	-243	-37	186	53	71
60	-85	-441	-473	409	153
79	-562	368	489	-156	-173
-205	533	-331	358	-618	615
-40	-406	319	-621	-210	-566
-520	-350	-164	390	174	-136
-251	210	-614	-593	609	-624
224	-467	205	-492	638	-388
656	-158	-379	104	487	493
53	39	-76	663	251	-483
-610	-386	-494	-216	110	-283
331	-624	-570	-530	334	425
-100	-50	422	246	-237	-483
-16	-160	51	399	-330	319
-435	-547	591	114	-414	438
284	560	-376	-471	295	-367
-30	-100	-180	-591	425	233
664	-463	295	-46	642	-161
-157	198	-131	406	-429	319
355	166	199	269	316	604
-225	78	-586	367	-632	280
-84	-626	-210	465	-416	568
-410	413	-134	-276	-81	665
-160	506	-225	-554	-405	-239
-594	489	-353	-264	-326	374
489	61	-105	72	-593	-63
528	558	-590	-346	627	63
-485	130	-473	-286	595	233
-295	265	-166	-641	300	-205
-568	-549	-428	-236	389	-286
-361	347	579	-298	-30	505
55	654	0	-515	276	566
382	212	398	-81	-132	-211
-654	539	244	33	-496	518
482	-425	175	532	636	-630
156	464	168	-386	-567	-363
-615	-199	-625	156	-605	-434
233	-135	226	460	-419	302
275	-490	101	-6	-311	65
-142	-193	-451	-278	364	382
150	315	-327	-406	381	553
-266	-639	236	664	-529	-540
410	96	-349	140	463	174
616	463	-660	-627	-111	-588
-24	-560	-159	-263	-515	-413
-605	594	172	196	-633	58
603	-145	-440	-453	-34	492
-371	365	551	-308	-465	-444
-159	-134	428	234	-70	125
347	-186	181	-69	-423	-602
-400	-319	-649	-471	-463	-54
-299	69	-383	10	97	-493
300	-637	-569	412	120	-314
-30	248	91	-209	-324	269
-249	327	-384	-403	-495	384
154	-578	-367	-402	638	278
149	-24	316	643	-363	478
267	68	-488	-350	6	-195
-423	78	-567	583	581	-561
-505	-572	-534	509	-423	112
167	-553	425	-370	549	-179
-415	-560	-297	-466	-266	218
344	386	-162	-23	312	-359
-217	-80	91	7	640	-653
-602	-337	5	610	210	-82
158	452	-371	291	616	-417
435	552	-246	550	30	99
188	522	301	-379	604	-28
436	441	-234	210	-269	-354
-469	-369	-57	-564	-666	546
-189	-81	615	-58	-593	-294
505	142	484	200	611	423
-533	-535	355	26	-344	-216
256	171	-549	340	-572	392
536	210	363	442	206	-321
26	-75	586	596	100	-152
196	649	-276	654	-658	-137
-38	-147	-598	-262	343	478
40	276	-236	-285	431	-314
310	428	479	154	588	323
-255	-145	-91	163	503	-76
159	-307	-264	83	180	-580
-149	-378	-122	662	640	-472
-102	31	22	444	-493	-627
-112	201	-60	-91	-445	-385
-576	514	532	-302	-351	121
162	545	241	-346	209	-248
579	466	-128	554	-504	-206
-93	-383	-210	145	-399	428
59	524	641	-36	69	-419
503	222	-659	-663	11	597
-666	-309	243	-567	-257	295
-491	-462	-201	299	154	-371
609	222	583	-334	34	569
392	95	-479	-381	-656	202
-154	575	-149	549	-518	364
-313	-211	120	-465	658	143
591	626	-291	412	-451	664
-528	-378	569	353	-163	36
195	197	499	244	141	29
518	-465	613	36	291	558
-279	111	-160	542	-583	150
228	21	480	-534	275	324
-246	612	462	-603	572	-384
-507	500	487	111	-94	-541
-266	614	584	-47	263	402
-220	-435	102	490	-361	-509
-506	475	-335	-262	-504	239
-241	-360	244	-551	-419	-268
-310	139	77	-70	373	189
504	269	-166	10	-125	357
25	-398	619	592	53	537
-412	-387	-305	46	-382	-99
476	79	-472	570	240	211
-93	142	-609	359	-207	-596
281	542	-79	89	-578	-501
304	-487	-631	-542	541	-468
104	-52	432	-483	-212	363
365	426	489	289	269	230
445	120	201	-663	334	-325
-602	-252	372	610	621	113
-15	-35	502	-594	547	516
-651	-578	-502	613	-278	542
-512	-110	195	-70	-605	-183
-243	-571	434	-496	-359	272
-453	-228	576	-526	595	-340
478	147	468	-554	-273	610
-573	-120	233	-568	-137	-193
123	-272	488	524	-331	160
-507	389	333	342	-120	-281
-55	-498	-244	429	194	283
-187	110	-153	-375	-353	-478
-575	-39	341	482	552	32
-348	-233	297	647	241	-169
59	-498	70	-629	-663	172
-211	-395	417	-128	607	-649
399	26	-448	53	-48	204
4	-619	-303	165	-496	61
-258	306	158	89	377	517
649	220	-365	-336	620	220
-291	-640	-517	648	538	-165
-438	-109	104	106	355	621
-151	570	640	168	333	70
125	-343	162	-170	153	-532
441	-338	-217	-205	-254	-372
448	-193	265	482	-132	24
542	-328	-617	-62	-463	-306
-566	-119	222	-596	-220	638
156	-292	485	-666	-189	-429
-46	-402	520	87	426	-234
-601	-61	-298	-554	472	349
244	306	-570	105	86	-496
-562	-468	323	-438	40	-160
59	432	-226	-491	120	-541
380	-498	-89	-214	235	-293
224	-66	-554	-569	-390	568
-531	598	-359	596	580	-404
-348	-567	-616	-459	-256	364
539	303	-659	-533	-635	322
642	-242	551	-570	308	130
466	365	-422	111	160	-313
484	213	434	621	-509	-478
91	592	372	-75	456	482
-612	275	478	425	53	-349
148	-552	185	-485	3	-564
626	-611	-392	451	589	616
-516	283	-385	641	346	333
585	-532	664	653	-557	273
358	-628	353	-634	-292	488
-139	351	-344	588	-167	-367
-353	-601	100	-194	638	-314
-197	-184	-184	546	365	149
361	328	-381	610	-32	221
-1	-16	-100	211	147	342
585	-632	334	-333	-353	-514
-550	-504	-215	174	238	633
-450	-207	-287	-419	-504	-428
-213	381	-311	477	-332	418
-567	453	-296	-119	-315	-508
-49	-377	528	-3	26	-291
-458	-354	271	-112	497	-349
-467	536	-130	566	-532	-575
-409	388	650	-513	-565	555
-587	311	-441	-440	-113	19
416	-585	352	488	565	227
-474	494	78	133	296	31
-349	135	272	-617	-371	192
-487	257	-133	123	-664	-295
-206	487	-383	33	7	-277
-131	-254	397	628	-400	635
-419	-616	-452	-550	-227	-297
528	-97	-518	320	549	-466
-114	-87	217	-133	-425	-57
-386	-492	-570	-79	173	-448
-473	-179	19	35	222	-457
172	214	-444	-34	350	207
75	-504	426	-570	-395	397
-621	21	-63	-598	-322	-536
175	-38	-301	616	177	266
-574	339	-283	165	-478	23
-131	540	504	-513	612	394
396	-12	597	157	138	-561
-490	-468	-608	642	-79	-50
650	42	-94	-595	-55	108
-135	-664	441	-576	-420	-294
239	-369	-662	562	-298	-335
167	623	249	302	182	383
-133	386	22	-184	452	338
-615	-42	664	-620	61	-524
-115	-277	458	-224	234	309
-505	-429	-518	570	637	-290
-426	300	373	-507	473	-605
522	-55	-645	-369	-189	-643
-447	228	558	-621	168	-497
-364	359	-78	-593	-70	150
-3	-214	-195	659	-656	188
-387	-371	280	29	151	140
156	225	532	-204	-538	473
511	-649	597	-114	119	644
348	-20	160	157	-259	628
-132	-189	-333	-18	-429	539
297	369	377	-644	-156	-541
659	602	583	305	439	225
127	-29	87	569	-232	-356
-80	481	10	67	-419	592
370	364	-226	495	82	445
298	439	422	523	-138	98
-383	-254	-231	305	-177	-337
141	-241	-457	-472	-334	285
642	118	158	141	318	-448
136	-380	-486	277	-557	-578
-183	433	52	-429	369	176
172	213	390	-19	-14	-536
299	-546	578	514	-520	-571
-273	-49	624	576	170	-14
-519	-477	416	9	210	175
618	-322	558	-399	-43	363
234	-112	148	477	-659	253
-571	-225	-389	551	-108	-644
109	-660	47	335	-320	171
-315	2	125	307	-156	-380
-526	-531	302	-531	-123	436
-151	659	-510	-5	-485	-330
-596	-38	-619	-138	-595	481
-395	-653	-400	-6	139	-202
469	560	-404	119	220	-257
-351	246	-410	5	544	482
-220	340	-229	456	285	-82
194	623	-171	168	3	422
268	262	-375	540	-561	-186
-592	-561	-26	635	591	-615
134	-591	-227	634	-621	14
-258	-139	304	-353	570	-665
88	-198	280	258	336	271
167	-270	-312	580	-453	-400
-431	-148	273	-317	342	217
258	505	-124	199	-72	522
629	-259	269	-657	247	198
575	221	-323	-532	130	-339
511	-236	-580	355	164	-255
362	-118	-606	-624	-588	562
-261	473	545	607	347	-439
-35	287	158	-16	19	-384
340	246	-144	12	41	110
-161	-129	-23	662	540	-604
613	-49	66	452	381	-48
-404	-416	-268	212	-384	39
438	63	185	-515	26	322
211	550	589	-380	436	-27
204	295	223	-491	640	292
520	1	253	-626	592	-51
200	583	317	-291	431	394
330	-456	456	-320	-442	-75
43	-74	33	435	660	342
-178	-351	-278	-56	429	571
-659	35	-519	458	623	-662
362	460	-546	285	-352	529
-481	7	136	-294	177	-85
661	5	-614	-455	25	-546
-610	-495	-597	-419	289	618
-428	313	337	-476	-578	-140
-247	610	-177	-602	396	-6
-88	240	25	32	633	249
-332	-128	525	-259	275	635
-148	3	-660	-620	-387	-620
-484	-318	-28	-274	-640	-383
-29	-15	-414	470	-63	373
-488	-390	-665	-159	139	510
-227	566	-359	388	-309	-468
-658	-182	-23	-216	201	393
-440	556	-442	35	447	564
-412	282	128	123	284	-231
324	-586	665	459	355	-58
-631	208	31	379	307	-40
275	-255	-92	105	-591	-547
605	75	-423	-638	524	-112
-277	-613	279	594	567	286
62	-364	628	-290	-382	-401
-318	-324	-74	-507	508	530
397	-665	-581	562	-390	-512
575	426	-203	-360	-53	-359
-550	395	-108	-2	-48	-86
-264	-531	-133	344	221	48
-379	211	403	-73	86	25
-224	-404	613	-580	628	276
602	112	-650	316	-636	-212
519	402	130	-459	-104	51
496	-163	292	-60	-353	-571
372	-487	588	398	-639	-253
-303	471	44	67	-233	-535
-415	204	47	-1	-539	31
-84	90	-473	43	11	-320
25	39	-10	-187	195	359
-305	101	324	-548	-115	451
-494	190	-155	-586	591	-87
-387	-648	-104	-664	363	-517
532	-471	-328	-66	-434	239
-23	-68	-210	-59	-289	-652
-265	-549	506	-15	232	-351
-92	329	-183	-438	171	100
654	326	-482	-459	193	-445
-330	-503	-153	-582	-405	201
524	-633	-268	348	271	177
379	189	56	19	-665	581
435	228	-349	-182	35	612
247	-556	365	-615	411	-555
-571	422	-455	-447	240	-466
-174	166	-134	-109	-623	173
-9	-25	-282	-474	17	-1
-192	523	-96	552	-124	435
196	-86	290	-383	215	170
-419	523	-221	627	-381	-432
435	98	562	-599	122	-456
40	-123	201	-175	517	-269
188	-68	592	67	-612	261
-32	-375	651	593	-328	304
-240	632	502	495	-656	-439
162	-467	204	602	483	-145
577	511	131	212	431	358
459	167	352	315	-410	-508
-225	-462	-110	326	-219	-398
-130	655	-310	398	-638	-155
-580	-117	396	382	601	85
-572	194	156	-468	0	617
-13	171	232	-246	295	-311
-374	164	43	490	153	-442
-174	-11	-437	479	663	-172
-331	-511	-486	133	492	371
-502	561	21	561	-136	287
-68	18	3	-503	-197	-568
540	-202	-370	20	-236	-91
313	-135	586	-641	-284	-3
551	488	557	61	96	-300
472	595	545	-133	-182	-561
-448	69	228	149	8	276
325	513	613	-654	553	-160
303	256	53	299	141	11
275	-422	-183	-152	324	-646
-59	61	64	324	-77	166
58	-138	436	-632	266	-475
431	109	516	-127	558	156
274	313	-480	513	-115	10
405	269	622	-639	324	328
86	-295	381	-71	-529	-666
-36	-181	449	-370	-511	454
-297	-169	148	-479	-183	-40
-600	-541	255	-487	-166	246
216	-418	302	-254	477	581
-9	-243	-492	-153	569	-301
159	-516	-581	40	-653	-403
174	548	-369	-387	300	595
630	-154	573	138	-457	-430
-338	161	-319	379	26	-113
-44	95	226	559	634	395
-111	-284	594	419	-419	-566
601	-371	101	-486	573	364
5	-437	504	424	-227	61
-216	-100	467	37	-88	295
-241	-93	386	-542	-59	-484
-92	-112	-469	-44	-410	-455
154	-385	252	-213	240	570
175	-641	-186	478	-271	341
463	345	440	-514	-625	337
110	-423	-594	544	-567	14
-247	-301	372	266	-13	137
-287	-169	174	409	-74	-549
90	125	-167	409	-220	604
-417	599	371	593	-479	-38
620	542	180	-52	-355	-315
-95	379	450	-368	607	492
-454	417	536	-594	135	-45
-350	466	433	252	-395	662
-532	434	-97	-127	375	440
89	-306	-55	-596	497	-578
287	70	291	632	430	647
161	206	251	-3	12	425
-485	-392	62	103	170	100
410	550	592	275	-191	-221
47	235	-476	174	268	-500
-18	271	-1	-224	-449	-91
92	-166	-122	584	-92	-155
-277	-227	554	610	-196	604
-338	-315	398	-641	-302	305
-371	-399	530	-45	-633	-136
-569	31	312	-200	78	-559
501	-248	-33	56	-278	455
-657	184	368	250	-510	601
386	-612	-411	-528	292	272
665	-658	379	529	335	162
412	589	-212	495	623	410
-41	556	271	-266	-90	254
28	-100	540	-335	-487	441
38	609	-142	68	-539	-301
-169	-114	666	-170	548	205
293	341	569	-115	443	232
-249	550	475	-339	-165	579
-67	644	-373	-341	-29	220
-535	-98	85	-597	53	-585
-414	513	293	-167	13	-624
528	255	-648	-449	-434	-532
575	80	-137	-391	614	41
-4	-292	-553	-233	625	624
455	38	-123	260	558	-143
-220	-500	262	257	562	-595
-486	-90	141	373	-569	-408
-397	-197	361	-493	26	146
-413	499	21	-395	129	169
120	-49	-59	-495	-523	415
536	378	142	-165	-300	-210
626	195	-519	317	-205	499
632	-12	-494	-457	179	110
255	-78	665	491	160	-244
575	-389	-66	300	-426	495
-527	-79	510	-217	255	128
122	139	457	-260	-371	267
575	-250	580	373	-79	256
552	119	367	665	-68	455
318	-305	134	330	-162	242
-645	-268	-643	133	-73	-436
-573	-659	-63	-471	201	-12
588	494	-500	-251	-357	-485
-87	-138	475	72	212	178
409	428	297	-406	445	122
-70	636	473	265	-171	362
-547	59	-347	-566	541	-531
-626	-438	-122	-452	249	555
439	-325	-601	-25	313	-190
-270	-482	-320	-32	151	605
-75	-6	431	40	343	-666
-218	107	-339	-273	-598	-508
-290	-449	-386	446	-332	455
279	-528	-513	444	231	184
-320	69	-472	-610	2	618
-170	-77	-97	-113	-598	49
-412	-466	524	114	-580	-628
-258	413	-665	289	-547	-214
-233	-494	-401	-39	-622	-379
-556	541	-123	-144	98	-546
-94	-619	358	585	-505	45
-559	-579	-473	-452	477	509
620	-587	-532	-324	-490	450
118	262	313	342	-620	-371
-562	12	-166	353	511	356
442	225	-652	576	-62	-224
-309	324	30	389	-342	-614
317	189	340	-658	-313	252
452	648	183	-211	458	-494
-581	468	375	484	-520	396
301	-468	135	-414	624	-414
12	282	529	-121	349	219
666	-604	-413	558	125	298
-49	638	199	-452	-59	-314
-483	-27	-505	57	-63	-161
363	54	215	-218	499	109
-466	-291	-645	-411	237	-156
134	226	109	-654	-251	233
-262	-151	-109	107	232	-599
-240	578	299	-422	101	-590
144	29	258	-278	439	167
-564	-581	-526	61	-468	-29
-368	627	24	-363	454	492
461	35	662	464	173	602
412	659	163	501	28	-75
593	595	110	640	321	-558
156	76	362	268	-529	-149
-108	-467	145	148	-606	161
-388	390	-363	-537	233	-48
-534	-11	-419	33	296	233
-298	268	-409	-217	73	514
310	-582	-572	-344	574	-359
-517	452	-337	105	162	247
-100	-638	84	-637	166	-559
653	-178	-640	-408	489	-388
-500	399	-89	-453	116	-588
-202	139	-93	-576	177	5
-536	132	-526	-360	-621	603
308	377	-136	-154	45	-333
571	-617	-445	604	603	236
563	436	-305	-317	304	270
-506	73	-419	-122	96	-102
-455	-409	410	631	665	-208
-600	-160	-162	-450	-297	-190
-463	143	-513	-1	256	-660
26	638	-496	61	-199	-100
56	-153	461	62	-71	-278
432	423	281	-182	-571	544
43	2	-485	357	195	322
264	298	469	602	275	-357
-616	94	443	-535	-168	-126
-86	593	-43	582	179	-338
350	638	-247	368	-225	457
-485	-30	39	-641	457	392
-70	325	279	-402	97	-457
-610	121	277	-503	-123	575
-439	56	-53	639	-580	486
429	120	226	531	-38	15
-330	47	7	-539	-323	430
311	41	34	178	254	572
38	576	-197	-325	-420	366
190	-542	388	370	228	401
-323	28	-561	440	-87	-42
267	103	-440	660	65	-386
-568	-508	-195	395	-453	86
393	357	-262	-169	-541	-252
-397	547	460	-511	-149	-82
-471	-543	297	562	-644	-15
-421	351	317	-55	-165	531
596	536	435	-169	306	401
294	548	-391	-616	-352	-50
-472	398	-283	183	-579	369
330	260	106	-89	432	-130
435	-555	38	-262	-213	358
-511	-622	-12	26	-530	480
-476	583	512	-52	-2	302
248	-617	469	-312	584	161
-290	-207	-267	-386	-638	-187
409	-229	-608	-65	-499	-563
157	-614	-549	386	375	-512
149	589	573	-655	608	-48
-658	-198	38	531	-117	317
220	458	593	399	-343	-276
-32	252	604	280	-397	-257
366	-458	-423	479	391	-102
399	100	-369	411	-73	62
-121	423	594	-32	-418	-417
-480	-357	355	587	-225	249
265	-437	-662	515	544	622
427	154	-47	-527	-38	205
293	-129	-39	242	-508	58
333	-239	-94	-280	-419	-311
161	497	-651	-76	-348	184
-372	89	363	41	163	562
579	-456	-186	-540	144	559
644	367	-569	-256	-287	-291
219	-553	519	242	573	632
204	293	-12	91	-52	196
159	-502	-405	466	167	515
523	-551	640	-438	-579	17
22	-301	309	127	-71	-277
-659	-115	-44	226	452	32
-345	207	582	-233	-558	-27
-541	72	259	319	654	136
477	-584	-10	-426	-635	8
84	-243	-612	273	-552	-402
454	163	528	-314	-397	620
337	166	-337	-171	25	-201
-541	525	-552	256	-77	-304
421	107	633	1	642	-93
360	447	216	455	25	306
-450	461	522	442	232	310
-516	158	279	636	-46	-575
106	-24	62	-584	61	-508
77	-599	-86	-432	-277	-203
644	-71	435	356	108	345
263	-353	-624	-661	319	-225
385	-558	518	-72	-211	613
591	-69	490	346	266	-468
415	-187	357	646	339	626
143	-223	-420	-448	-165	-500
-568	-447	-212	-89	-666	486
400	501	248	523	-296	210
551	-449	-374	-220	371	506
506	-365	-285	400	38	507
-164	262	284	156	-275	-98
-4	294	269	176	-464	-460
-438	-139	-209	588	-472	-250
-297	423	-109	-19	-210	481
-146	289	-251	-654	254	413
-418	463	-415	-514	572	379
-374	-181	319	99	-279	-525
-357	420	652	-407	-94	614
39	524	270	313	-451	-299
-214	-161	-304	-383	469	-77
511	-533	330	469	661	-354
13	162	-460	-371	63	-36
-657	569	9	-449	317	-315
59	-479	-64	385	3	117
296	473	-265	153	-476	595
-11	-428	-95	-220	538	339
600	-354	-183	-417	-415	-133
237	355	89	-226	-368	227
-198	93	160	-646	547	-159
-574	-257	-566	-548	-419	-217
258	-345	320	162	621	258
-590	193	-125	620	-606	114
-534	112	-2	178	29	111
500	231	-609	-284	567	-284
-222	16	554	57	-595	542
372	106	487	251	-116	-207
426	379	370	-317	230	-349
-260	269	-12	174	-251	-589
-499	346	-353	305	-510	55
-30	130	353	182	-566	513
-37	654	55	-94	-53	288
-250	-108	-567	-102	-372	492
210	111	394	-180	23	91
133	354	-377	200	-372	-437
-561	-257	434	-51	-502	-573
593	-308	-578	-354	377	418
598	-262	-390	-637	417	273
391	347	-342	421	596	-46
28	637	-297	490	-558	-15
485	-483	-133	-392	-97	-196
447	-170	-181	284	-389	113
308	474	-319	-235	-583	-556
284	-236	-388	-370	-599	-545
-550	45	-360	-552	-519	-8
-390	-661	627	608	101	-533
-282	-307	303	-32	222	-128
-251	-146	604	462	-293	-225
-29	-493	143	495	236	-271
-260	-201	167	-527	-220	-560
-33	590	-266	633	-136	616
-475	592	-490	394	-568	283
-118	411	576	250	603	-644
596	-476	-291	297	12	-502
412	170	591	-218	-71	-46
-468	-652	-153	517	381	281
648	-634	372	-44	-411	-15
153	-556	515	374	-489	290
300	-89	128	-623	-653	-41
-615	124	-132	-229	-4	-161
-214	62	-62	-263	-533	-30
-365	-636	288	-546	-426	288
662	242	-301	-369	-35	-410
-177	-356	-338	-432	594	148
584	-221	537	509	522	-439
377	198	230	516	101	98
155	216	-539	625	-559	656
521	-475	-239	-30	-189	294
-107	613	-25	424	-214	458
532	-474	-44	174	-480	534
-402	258	-201	-450	-606	631
-55	447	-309	-202	294	-492
7	-556	551	-664	655	135
-626	250	386	-304	354	-123
-500	234	-499	344	90	322
-12	-665	319	665	-203	-301
-162	-74	549	98	327	51
-455	-370	-306	-590	169	-572
503	306	468	-562	-164	-520
608	-601	-414	-559	-436	-405
-470	-631	222	-17	-166	-455
-448	321	-599	203	46	191
-527	472	225	-28	-596	434
129	376	117	-214	465	554
391	74	482	51	-635	-217
64	297	48	-256	338	-86
-368	32	119	-390	-295	-478
-197	626	50	358	-319	-301
78	-419	633	-358	-529	-570
424	266	307	-155	-40	529
-15	116	-470	-604	270	54
222	522	-328	81	51	216
306	343	-304	221	-278	458
-132	-10	-184	-559	-422	-158
-12	-559	-50	627	334	248
-11	367	-76	453	624	-185
322	-243	-105	292	625	-547
-124	594	-360	357	-507	-70
239	646	296	533	-517	-592
-320	-62	-429	-33	497	-127
-171	-56	-430	357	-659	-283
447	-328	11	163	415	296
12	-50	268	309	-640	18
-470	-491	637	54	-115	253
22	-388	-158	236	-212	-492
358	271	580	443	-472	105
358	-547	229	118	245	645
-424	-535	442	435	-180	-231
-102	185	-170	-652	-134	-601
-327	-632	186	-618	-260	-333
323	598	-106	-610	-568	334
613	-499	579	567	99	-650
-164	90	398	402	-29	520
12	95	-403	108	-253	-316
141	-632	-432	65	-258	-472
-88	-232	549	-535	390	-411
-115	-631	-247	-624	612	-25
-291	-14	38	495	34	223
-583	-67	-365	329	136	84
-127	375	-367	-487	403	-261
-86	627	-217	-445	525	418
-293	-5	-286	239	363	435
534	265	218	468	341	175
545	629	376	-284	-390	-35
-475	-93	-340	521	-628	217
66	275	-178	96	311	-475
129	-387	-501	110	664	-302
-237	648	660	-377	-7	-77
-254	253	70	9	-379	273
-635	268	-73	-584	-355	-399
599	-274	431	-300	-437	308
-148	517	-473	540	275	-524
43	-227	272	-508	59	620
351	250	403	379	-393	-65
-194	374	10	-496	613	77
75	-408	-4	-299	228	-388
471	-49	357	-210	-90	487
636	-169	407	-225	-510	49
227	653	-589	349	469	-74
425	500	-369	308	-43	465
-293	-302	-537	-540	353	318
359	236	584	-106	443	611
-60	589	38	275	525	461
-613	242	184	183	92	-36
-369	136	-498	-324	-645	-241
-317	-362	104	-538	-606	298
-442	241	207	-120	25	-426
-372	-558	203	-241	152	492
-596	-114	602	99	83	213
-223	-127	574	470	-128	-429
-522	-41	552	-37	-336	524
-356	494	-253	528	72	-327
-616	106	125	-502	106	397
159	392	-315	-219	225	269
-64	-314	85	232	-590	449
-77	-220	114	179	-516	-266
-279	52	-531	-444	-144	25
425	-77	-11	489	25	-61
-169	152	-411	-391	-490	-290
-552	-91	-124	193	-121	-59
599	592	-344	-522	-374	-665
252	-211	-236	654	-413	-83
-450	-23	-387	-463	118	417
-198	-289	196	-212	51	-223
179	232	447	94	-310	20
268	-346	290	635	154	-661
166	31	437	-248	156	-278
-411	-340	-302	-542	-429	601
502	118	-255	-137	93	500
-151	485	517	-170	-129	419
-628	-143	-19	-259	-508	366
348	606	249	138	-111	85
-9	633	77	-310	-131	341
151	139	218	-277	519	-192
120	565	-556	-467	-16	382
-295	-110	77	-323	-381	327
571	399	474	500	222	177
225	441	-414	-30	-559	17
663	-9	-507	108	635	-468
328	295	234	-332	-519	341
575	-201	74	48	573	176
503	-89	429	-366	-255	-549
-538	360	119	37	200	94
513	153	-96	-151	-623	-55
-322	-646	460	-304	-62	-441
379	21	-116	188	180	315
154	295	-461	-330	135	62
-409	-603	-518	-582	-434	-172
342	-479	-175	172	664	467
-481	-415	-138	433	-566	-636
445	79	449	-335	541	434
-532	269	-537	-6	-444	144
537	282	-552	158	-132	-618
478	272	-8	123	569	100
1	554	271	-77	469	-550
-293	133	-260	-558	-517	-250
265	-571	-102	-54	213	579
411	-467	-606	356	338	-79
160	367	641	-71	-66	567
-635	-275	79	-92	-520	-583
9	-214	375	-79	-640	154
-572	103	83	101	-548	-184
97	-650	33	-207	65	-260
497	289	616	-501	-361	548
551	273	-391	-111	-3	-330
443	228	127	42	218	-9
-247	19	-335	549	-349	121
-550	-266	560	-539	-246	-636
-165	308	575	-284	335	651
-262	-138	-461	501	-456	-9
490	-53	130	154	-156	477
-428	-625	328	-368	209	-337
529	-569	-311	-528	234	-441
-582	-529	536	42	575	348
-51	-235	-264	611	-98	302
412	244	-265	-623	318	210
-95	-157	-609	-546	-334	-377
-309	17	-96	-547	-401	-476
24	176	561	403	240	206
-523	-425	-190	-644	-263	654
108	187	409	-463	-252	-386
155	417	662	139	-150	567
-585	116	247	-271	398	401
-487	351	404	-630	-140	307
-505	-477	416	150	149	620
-385	-605	562	-318	269	429
106	367	-138	285	-296	77
615	576	89	169	-20	-162
-486	337	306	349	480	451
634	648	-181	441	577	482
-226	345	-350	14	8	-430
-332	106	373	-315	291	-402
627	-308	-286	246	100	87
395	-84	-249	-288	-553	426
-514	131	467	-605	-597	72
-217	301	-45	502	-383	307
-1	-581	-300	-30	-171	299
103	444	28	-393	-513	492
293	-417	-506	334	-159	-609
-339	576	352	-650	-299	396
620	12	-295	54	-96	-480
-564	643	54	-547	291	-160
-289	-259	229	355	528	-454
-51	553	-69	484	201	352
522	-289	-178	-328	187	82
-368	364	-346	573	-293	-195
-259	-158	99	-15	78	370
-651	-46	-483	-150	460	-297
372	102	-316	272	58	305
394	-64	-271	-219	400	436
377	-448	179	607	-408	342
650	-67	-318	1	-206	329
233	75	141	-600	-259	-633
-246	-526	564	345	604	-1
136	9	-375	32	-638	472
-521	-193	-635	-58	480	522
259	617	-256	407	-461	-497
183	48	-53	-399	-171	-428
-115	614	49	510	-386	551
-149	96	-657	541	-20	-55
-123	-570	375	-653	-649	-292
203	-609	-393	27	-403	65
-63	178	580	-547	-164	568
59	-600	170	238	429	-609
-604	-487	-27	446	37	-533
-350	154	-148	10	-497	121
-71	437	62	-204	188	-130
152	-217	-485	184	118	-95
-234	-572	-164	-497	-322	-209
622	274	212	254	151	512
29	-39	-285	604	276	-504
65	-429	306	653	357	661
-151	-461	-449	-52	-52	126
378	-64	297	155	39	-619
-489	443	-311	233	-521	-565
-464	-173	165	6	-77	639
511	-444	-635	-185	-13	-367
-397	-649	483	-207	-32	-126
-315	-174	-427	-351	-334	145
-215	-25	-84	79	430	-64
434	-345	512	-654	-17	170
43	577	-343	-162	334	205
345	615	-219	-463	-651	591
-84	629	386	297	-650	87
195	641	-373	536	-232	-264
26	487	-101	490	561	75
465	315	-267	47	-148	302
352	-141	-436	-65	635	370
-112	-601	-556	-440	65	174
-280	528	90	194	-20	574
502	485	5	-360	-46	117
-68	315	-629	-362	-149	363
-283	534	652	475	230	251
490	167	578	611	-6	-544
-43	613	198	44	133	-601
-57	-663	-200	141	-94	-359
-644	-99	615	-203	35	-430
-13	296	-302	-251	232	43
378	390	-172	626	-361	-516
-536	237	546	-626	632	345
-65	-34	-324	175	524	-404
206	623	-451	-426	564	147
-313	-499	390	-406	-249	396
547	-242	349	-317	-459	240
174	-457	-166	-443	-83	-46
572	-375	11	651	229	46
-252	-456	-168	588	-465	-257
384	521	340	-449	-638	-578
329	-461	485	-158	-228	-470
140	500	-64	-651	33	386
-198	-42	579	-36	267	495
40	-216	-77	498	338	601
-518	268	350	-421	-465	359
-529	-121	18	-414	92	-519
-206	512	509	-525	403	616
-305	657	96	-121	-226	-403
436	-422	-317	-418	-429	-215
544	592	-164	-661	561	-235
-378	438	-557	356	429	88
519	-165	140	665	-35	558
52	-494	625	-406	-120	-493
-78	-114	12	-35	-438	-357
269	481	-25	-536	453	-297
-144	566	69	-100	469	99
-381	-122	525	499	-660	-152
-333	-481	-366	307	-4	-453
350	-239	-385	-58	375	-3
84	469	-593	452	616	-633
-101	21	-150	538	342	-244
-181	-100	-207	-627	618	454
-260	359	11	-454	574	345
236	-278	309	-104	-65	535
644	529	659	486	-497	18
287	-327	-253	97	-292	32
290	311	81	557	477	181
172	-201	-613	36	-235	206
-452	-65	467	661	204	-131
-79	-19	143	-352	227	626
298	-70	-616	-166	612	171
-85	46	418	87	78	-606
124	-11	-489	-512	161	237
335	-596	-122	271	29	-363
-70	-470	-226	338	-203	598
475	434	-394	-634	324	-462
209	-354	314	11	-27	-156
-400	470	-289	47	-192	-210
82	-526	150	52	487	471
489	386	-261	85	-477	-244
37	-576	49	245	-432	-186
503	-651	-259	315	-316	-34
-142	367	-465	-446	-337	154
131	495	300	417	-376	422
637	-558	141	135	123	-565
-77	497	-558	-305	-274	-403
651	82	-552	390	564	288
-35	-213	194	-625	-594	318
-542	398	278	351	-584	653
102	-260	-504	-518	130	-438
498	-349	540	237	-1	-70
-216	127	264	-377	-409	117
597	606	83	529	-513	-623
278	-284	-526	490	561	36
-327	-528	210	520	165	-74
495	-189	156	-141	-586	-653
54	-170	129	-567	-257	-22
-272	-112	545	-407	-572	-593
-308	-32	257	663	554	-161
-608	-295	-69	-160	-602	-240
-358	-297	70	208	-348	-363
588	252	-510	-229	78	-83
594	566	-534	453	-646	-192
-265	-446	-280	-210	-55	474
281	-301	301	431	125	-296
244	155	-100	590	-296	113
-597	-515	115	131	258	200
582	-182	499	-162	-518	155
290	413	-296	512	-388	-660
56	-50	642	64	496	-430
203	-522	-482	335	-506	-71
441	41	109	170	1	-121
172	426	-570	211	-661	-473
-621	430	75	-90	364	387
85	496	119	480	47	-86
357	-378	514	-118	-74	-215
-441	-425	-383	632	146	-217
170	-269	314	-574	36	-259
663	-177	397	72	537	-298
617	631	497	296	126	-606
4	104	426	556	-280	438
-152	-607	-374	-65	338	-352
-586	-39	-430	497	510	600
-63	269	269	431	-655	-154
258	2	-578	460	-104	-286
-2	128	-228	-16	-473	-415
323	481	596	-180	386	263
59	-220	300	140	-211	-99
-427	653	576	-530	-509	-115
-601	527	4	-542	-579	112
-248	-491	-444	90	380	-539
-103	651	-259	292	-506	488
-480	-208	249	655	-123	-219
-361	-94	-239	-143	120	225
-257	177	-595	83	273	-550
-473	-181	-181	-512	-117	-651
50	589	-54	495	216	115
238	-24	216	415	92	335
450	-446	-93	220	-82	-536
215	333	-653	491	-124	545
-152	189	396	-44	-21	-330
2	-523	51	-69	230	306
343	538	-415	-28	-410	359
-20	-377	-651	655	-633	341
376	630	-462	264	140	225
-377	-316	452	-387	-127	138
-9	421	-60	-606	-626	-631
-640	580	-501	507	347	185
339	226	-578	539	533	150
531	369	-356	-53	388	-71
-409	-606	303	-490	120	222
-285	6	504	-3	-96	-598
258	66	470	-52	436	-368
-23	557	-166	-208	-318	68
622	271	188	471	488	609
246	-664	-131	-574	176	454
642	421	-75	-656	568	593
450	-375	619	486	-654	-413
-539	-170	642	-204	-348	628
618	-109	573	506	208	62
-588	-429	-480	-341	-192	137
-361	183	138	-351	-570	-298
-111	-439	-299	-290	115	45
-356	57	-359	-310	299	-51
240	-518	-309	-556	-43	-584
-373	98	117	432	641	216
269	-660	-37	169	-414	2
265	471	-478	318	-349	453
-630	662	-411	-513	-217	447
393	-211	521	-594	412	-454
-405	-180	-272	30	542	134
161	45	-112	93	-482	-387
-653	197	-320	239	-424	296
120	579	22	276	-164	-96
251	188	-31	655	-344	443
-2	85	-364	64	613	254
492	-479	-62	-91	74	89
-593	-68	-119	214	471	-223
597	174	534	-336	-360	500
-161	-529	509	-250	408	446
-438	-459	-640	-372	-118	-433
58	67	-636	-484	150	-204
-281	-291	111	634	-232	-174
363	-210	569	-630	-616	-43
226	-276	177	-608	-661	390
-510	-189	-18	595	-334	-167
-335	602	432	-530	625	243
-13	-278	-586	645	501	-619
162	-485	239	-584	-146	42
166	-121	519	-94	-225	138
156	-247	-547	607	-650	-574
102	333	590	-15	-386	159
-8	192	36	635	664	-514
632	-601	-507	141	233	347
-399	163	-457	-38	-206	319
-491	283	-169	330	219	265
-335	84	-409	-590	-571	-122
239	-235	387	-64	176	555
573	-467	465	-599	70	-618
430	-10	-242	-666	463	39
78	273	305	-177	292	568
222	-550	77	-426	-491	-270
-507	377	-169	603	-129	-321
-643	-9	327	-292	-502	136
-70	-421	265	-244	-571	-317
-245	-231	-631	86	50	52
326	-604	397	-11	-90	-100
-130	-223	-511	-113	417	-451
49	-287	575	-285	587	-665
-305	432	-627	-85	435	-26
623	-631	-574	318	-542	8
-132	428	-101	-381	-93	597
561	365	339	-143	-474	515
-602	-229	-356	103	-160	-168
-165	373	-365	-186	30	-492
-455	-72	-588	583	497	-198
-374	65	603	-160	-588	74
-389	230	-385	-29	-35	-492
-75	157	83	-5	-255	74
466	-173	599	-32	612	-502
-646	231	-105	123	115	0
98	439	-122	35	-399	-620
-38	-390	-599	450	-593	-191
-321	-158	543	649	-143	-157
-31	-375	-520	254	-293	-588
-489	-149	-362	-300	594	-468
-317	380	-329	363	-351	84
-662	603	271	284	-294	-622
-339	45	-397	-102	55	304
94	-164	-41	-143	-311	588
178	-103	90	505	376	6
-317	354	-530	436	180	-591
457	477	104	-460	-340	-11
345	32	512	-197	661	-518
-105	141	-140	425	-616	-233
273	-218	321	386	271	204
-324	-454	-54	635	-464	-18
-587	-292	352	335	263	-601
513	275	462	-462	360	186
328	292	41	63	181	-422
-518	616	237	-605	-217	19
-288	255	293	-1	256	-236
408	-276	-272	127	297	40
473	-415	471	121	-608	327
420	-357	333	-156	305	264
169	-148	93	560	149	222
253	336	-154	-596	513	362
192	-546	-197	446	152	-477
-173	-637	-320	-151	-205	203
423	-182	121	-322	626	-570
-347	-68	590	-583	-330	267
-263	-88	-517	410	491	17
112	125	523	-238	-62	-545
145	-237	100	-170	-63	621
534	-441	-153	501	450	-154
-341	-88	-341	-652	-194	-406
142	-593	315	-255	-524	-616
-445	665	-211	-202	-544	-533
-40	-625	-217	-260	-13	-661
-252	-388	-438	-148	665	-95
-490	564	42	515	439	561
-420	506	-560	-631	7	571
-571	247	224	206	556	-502
197	-484	-290	6	501	-164
-253	212	279	-342	-172	587
645	-128	-584	25	-385	-148
435	-453	-353	11	400	-520
298	-86	-104	567	661	540
-504	-51	107	79	-368	-47
423	-304	-611	424	-389	-80
319	-158	582	243	-449	436
520	-107	-122	490	-409	-27
-75	-446	641	-599	-182	-592
35	-532	-153	522	-441	477
197	-166	-387	-285	-538	494
-39	51	-368	-147	-366	361
-509	-624	-503	-420	287	524
496	-643	-85	-389	-113	-662
-270	-171	351	100	531	273
267	253	-124	498	-286	570
325	349	-542	465	38	284
89	562	384	-569	54	479
-81	-275	-79	-250	-455	-176
-56	-266	-544	-340	-321	-654
654	-157	516	-138	-176	-274
-353	372	-619	-503	-161	-30
-56	-299	43	457	-282	-252
497	-514	501	288	200	146
-298	159	120	-556	637	-100
641	-639	355	-114	-405	-546
-13	-46	14	-500	477	-209
-482	-605	-200	16	-165	-356
240	-57	630	-100	-560	178
-231	-215	-140	371	-543	520
-551	514	180	-397	93	-205
501	-473	568	-103	-170	237
494	240	-346	400	11	-170
-283	-369	277	44	-218	25
-76	-640	-166	-40	427	543
-355	-149	387	-151	282	573
467	186	-180	14	583	188
100	-110	-558	564	-552	302
-347	-428	208	-260	424	-133
70	463	52	367	-588	165
500	-215	254	205	583	537
471	362	612	0	60	321
483	-342	242	-225	-305	276
604	-505	397	38	208	-315
353	-402	-529	73	533	58
-108	449	-485	-176	526	157
-416	-201	-312	216	-262	10
-356	-309	-566	-10	520	273
342	581	-596	-50	-464	226
-98	-483	-65	-598	70	-362
-470	452	210	-179	-403	239
-178	-306	-218	209	-580	-17
12	-386	-452	-590	610	-553
-165	493	433	59	-582	577
295	-334	-536	340	215	-61
452	-4	-347	329	654	380
-204	-555	-306	-310	-600	-308
428	-367	237	194	-421	-24
-336	546	540	160	531	-181
-364	619	52	582	74	431
55	340	-583	-24	-249	426
191	612	546	332	403	4
574	-469	-156	508	-632	553
-633	-328	-655	-72	458	396
28	571	-63	-635	-164	344
665	419	260	268	-650	48
566	-71	-54	-71	-159	-450
358	-298	-294	-345	-23	-390
345	100	448	-14	-114	-415
-341	-580	534	-72	271	-256
-224	441	-176	-249	138	181
-626	574	614	101	255	136
604	-595	-541	514	-357	-233
141	-408	659	-184	-601	-373
-168	557	100	585	627	421
264	81	-264	-213	613	-665
585	-274	-278	-393	640	429
462	-87	-244	-37	-344	-492
9	-240	645	398	37	-128
409	-337	-243	505	633	-640
453	-489	181	-114	650	317
-83	-394	461	-267	-634	186
565	656	-554	665	-269	-52
127	-449	562	-441	267	249
-177	-663	579	-555	205	-117
-359	503	441	426	-429	-417
-323	-191	-494	-288	-265	275
-394	-221	6	373	507	534
-439	-356	-263	-479	-101	-227
-175	516	-160	-163	-82	133
137	-218	149	-88	559	-240
-411	-245	94	353	326	440
326	-49	319	491	109	225
-455	365	27	108	-113	-616
275	314	205	-100	436	-335
433	540	-20	-159	-128	438
461	-297	616	-288	-586	399
1	362	247	-468	-117	235
-622	443	-10	110	629	-439
-93	182	-660	80	647	129
-236	-93	106	-165	614	273
87	-288	-649	341	41	325
571	549	-586	-89	-561	-542
-484	618	-266	-60	-322	190
-355	-291	659	303	652	224
-203	162	-55	-63	594	-311
-361	10	1	627	-208	41
-325	479	-390	-491	333	339
351	-586	-211	-421	336	-27
344	-581	-75	-360	634	-587
-418	476	467	412	-377	347
-221	-128	-36	617	-627	-659
512	-190	-119	258	314	-324
-184	189	161	89	-242	161
494	410	-71	25	98	225
-444	400	-622	209	299	-658
-491	-485	550	464	-20	568
356	69	-13	659	-307	279
-91	-276	-63	-148	-399	512
372	476	174	512	-284	349
17	508	451	105	3	564
581	602	-285	157	-636	-151
-341	623	302	-325	-459	-418
75	47	-20	-215	226	291
-28	27	625	4	-106	497
567	-5	-75	-282	-590	-519
-465	98	13	-506	-304	229
-173	-98	-71	541	107	571
501	-568	623	-515	438	-636
-1	318	-475	-429	-33	326
225	278	637	454	-528	-22
185	-629	-376	-425	410	442
544	-44	-576	-525	367	-609
464	137	333	-251	362	489
496	-287	-431	-451	-643	481
297	617	295	-263	-304	-104
480	-94	435	-141	520	576
68	61	360	-103	-488	-514
522	-614	390	-522	-628	586
99	-36	641	-633	-580	108
5	-252	21	-327	-249	412
385	213	489	521	482	-393
371	446	243	-602	-230	248
442	218	439	305	-417	397
455	616	-338	-169	-220	474
-357	286	384	38	323	-245
-75	-34	627	282	62	-540
-329	-72	-291	-505	-322	596
-579	43	84	-616	376	16
-600	217	-132	-512	-27	171
-477	-578	371	486	-658	-41
559	359	111	-136	588	93
347	486	518	290	550	-468
2	138	-580	-172	335	664
-337	-91	-192	-210	-639	232
-150	299	333	117	-115	-666
243	237	70	-434	233	270
-365	-615	-58	-210	-620	-427
-262	-583	-328	-272	423	387
-498	254	-252	-15	510	462
268	156	47	-536	145	-47
34	-631	660	-82	-521	148
-99	414	178	-392	-601	-182
13	322	247	156	-144	-456
-111	562	387	-299	-444	351
403	-44	-269	-265	-112	-227
-132	400	-311	628	-341	580
-629	-598	114	284	214	257
-386	331	372	-126	-451	321
-249	547	573	561	230	559
498	-210	576	-175	-449	566
184	19	-642	323	47	-109
47	489	-408	407	217	118
215	-527	327	-375	494	459
20	-603	-108	549	-520	146
37	-348	637	-276	-160	-136
-662	46	512	76	186	-371
555	472	322	461	-400	462
-425	420	-12	268	317	-623
201	-356	-207	-229	-396	-95
-546	-333	-371	-423	-28	-228
-61	-237	-477	-115	-57	-647
-455	243	177	150	538	-306
-242	-320	-99	-255	-412	-593
511	-264	267	51	-263	577
351	96	364	-270	-389	447
330	-603	189	-339	-258	-602
-657	-137	-1	342	425	659
-648	534	-563	-441	-64	-480
-453	400	-507	-467	-414	367
601	-623	-29	627	-653	-346
-28	-275	181	411	-639	298
382	-486	-82	-554	-268	358
-380	-35	-469	-272	336	-493
480	646	97	616	-342	61
406	-530	-333	163	255	-52
-359	-485	647	-102	51	-301
396	330	567	-561	-623	409
-496	-572	571	65	477	37
-125	546	132	351	-520	616
-191	340	22	-628	577	-255
-417	-198	589	562	-122	-170
403	-553	-71	-374	-532	230
96	191	169	-322	-236	549
-617	-136	12	-577	-506	-664
-254	392	-589	154	-527	2
-574	311	114	-653	630	-474
315	153	168	390	-561	-654
-85	-416	-119	625	-32	-523
39	-158	-227	232	-233	-479
457	-438	103	-422	-611	-620
98	36	90	472	425	-307
658	-99	462	390	417	-290
384	220	-289	-273	610	-31
568	-531	399	-199	222	-67
-26	-242	-115	-511	254	-346
-638	-56	123	-617	-355	-653
-403	-498	-32	519	380	323
580	-121	658	356	-464	-485
139	521	-232	-101	-635	452
642	-486	530	467	-101	538
311	-303	441	501	-127	-403
-109	-16	-598	-145	25	-220
-319	206	136	-85	240	-588
271	446	607	-301	-359	441
411	-133	76	-429	274	508
44	-10	-339	126	-505	-320
-206	-179	331	152	-150	226
-126	-373	472	-286	-510	-576
-522	144	148	76	44	415
-579	-412	267	-428	-573	-386
531	42	-395	589	-275	329
-270	-604	392	-60	190	-244
-409	-545	316	-17	-293	248
236	440	552	335	185	-142
-423	97	304	202	-12	617
-347	-6	-186	474	309	176
583	435	-369	-451	-212	-248
267	-610	-446	353	-186	46
-74	86	-567	8	10	-239
527	-474	-411	-220	73	-262
413	167	-354	-419	-226	521
433	208	-117	-192	-155	-664
-1	236	-371	-536	651	-350
434	19	-633	117	445	-33
334	-345	-278	-103	-556	580
-47	-510	-464	11	-26	326
577	303	-601	320	-267	-395
169	-210	267	-593	-146	5
268	551	523	103	338	-187
615	378	-657	660	-360	158
-606	308	127	162	-442	-458
-484	-620	366	-543	-420	268
511	479	-545	523	380	440
-596	-286	-590	508	-665	-190
-114	359	74	34	625	69
-328	-543	-393	414	37	566
-95	337	306	169	-601	604
233	331	-546	-580	552	-97
-19	-436	-282	386	-103	252
-358	262	-81	-195	647	-457
-153	381	333	236	536	434
206	-552	571	-53	53	-14
-413	372	29	-198	347	-489
145	136	118	-67	-481	606
-120	357	285	-626	-513	517
434	-244	-17	635	-387	-158
29	-136	-312	-666	-444	-650
463	530	-412	88	630	-394
-532	-310	187	-202	-34	-477
173	278	-624	-336	-263	-316
-241	95	406	324	-503	27
284	-301	394	240	-617	294
203	-87	451	-126	-162	-74
487	619	517	267	242	584
561	-382	-88	588	-367	630
-621	68	309	-310	-4	-334
504	-493	-563	305	-454	-201
-443	540	72	-36	53	-372
128	-7	172	-412	-289	537
109	524	585	-553	-34	-621
546	-152	-608	-630	513	408
-601	-570	253	164	-208	-85
-454	206	-322	657	99	16
-101	649	528	-508	-305	-238
-559	-24	527	-200	-32	-504
205	-244	-376	-119	-412	596
478	-377	215	265	130	-38
-173	-507	551	-500	-256	-442
-148	-557	603	-115	241	-490
116	463	276	-577	642	142
520	146	27	542	601	-478
326	271	-1	554	-351	199
530	451	339	485	-73	373
-658	9	405	-533	-39	-431
-498	-526	341	579	-4	-407
232	402	504	-566	-163	576
240	-193	643	126	-298	-436
187	580	320	431	-339	-75
-618	459	283	-13	497	-329
58	146	-139	-165	568	-81
253	-193	-450	-566	-491	-73
253	-508	-78	138	230	-177
3	-13	-180	-111	246	196
278	337	-205	31	-41	-194
486	-272	-263	171	355	59
580	30	305	-251	-318	230
-458	-501	144	210	373	-538
-517	-269	-212	-227	-492	444
-8	-541	-16	-661	-82	385
535	-12	35	535	-213	313
-6	601	268	-257	14	-189
-665	430	-169	368	-481	-180
509	-152	561	-643	579	251
-536	-201	575	223	-132	12
636	-498	548	-18	-11	-115
-582	-286	507	-417	-552	-257
-139	231	-631	442	-35	-419
498	-6	-54	129	304	-526
48	-366	441	-553	302	-542
460	-460	388	-435	57	-525
406	574	285	507	32	-310
389	166	520	349	-461	530
-252	91	-346	-220	244	-519
-362	-226	-281	-290	-388	-602
603	40	422	464	354	156
147	212	128	437	338	61
-541	329	469	149	540	-648
-428	294	421	-528	-93	125
113	-338	-279	444	-595	567
98	335	-351	-645	379	-630
85	-506	-584	341	-272	-306
-510	-172	276	90	265	-402
-342	98	198	630	7	492
-502	544	242	312	403	-588
-530	-249	-17	-114	82	415
-237	-318	593	-526	116	401
-137	301	622	333	575	531
-114	631	620	494	-324	-585
-246	104	-555	-420	603	117
-239	-568	-547	-89	-340	413
56	-540	-582	-421	591	462
-1	-241	400	-382	-553	206
-91	-143	450	-180	397	499
170	-528	274	312	381	-173
189	318	-417	580	234	630
102	-65	496	-611	122	-511
-266	349	-68	-140	-78	-73
-339	-431	-153	-502	290	-594
529	517	369	-427	-407	552
85	557	-526	-645	59	-640
641	366	-579	-406	-267	-97
166	281	185	401	-384	209
-383	250	-15	237	316	-151
172	-423	112	-420	-387	294
313	-384	103	264	183	178
550	208	121	604	43	464
325	-422	193	-604	646	-485
506	79	579	139	484	549
-359	156	356	-79	-310	628
493	606	-573	164	11	-303
-23	-184	-473	-327	-645	-359
283	480	-274	-269	-652	-312
605	584	455	3	317	-634
-578	-471	629	449	651	636
-231	-539	-154	295	-666	-177
-465	-379	-469	-49	-176	596
-331	-594	-610	-585	315	337
290	-56	291	-529	-650	203
565	-358	-402	-397	-70	146
331	632	383	-367	119	-102
-509	-105	1	121	-189	285
56	428	-642	536	639	-242
261	-415	615	562	-499	101
-188	-424	-503	505	475	-246
527	144	-609	661	-345	-91
97	32	488	-497	-199	-658
-166	-226	-155	-42	-106	-557
-346	534	-196	515	352	-339
-326	297	-254	90	392	547
493	529	-620	598	379	-624
542	444	-85	-444	623	-27
-117	508	374	-352	301	-129
40	-625	-604	323	23	78
367	489	273	-487	-507	415
-160	584	-615	-489	482	-196
22	-242	-209	337	76	303
190	-174	288	-525	321	406
-141	-247	-310	254	152	-644
-644	-114	-197	480	-563	204
603	-575	-624	-50	655	352
-586	-377	4	-76	-529	-489
149	-53	-221	-202	652	-149
256	567	-594	512	423	139
523	153	69	518	-654	-529
215	-195	-363	-82	-459	271
-8	-441	-651	-429	19	-512
262	-260	-348	-484	641	134
262	504	-177	242	-607	-294
-14	192	-214	-141	-615	565
-319	246	529	235	114	-11
592	627	475	615	-562	-366
383	511	-415	269	-231	-104
236	329	87	-336	584	-312
-27	-118	-644	-576	305	-517
-214	212	224	-343	-160	-345
4	423	-378	-640	616	279
-581	100	152	-60	38	207
-122	651	311	653	-531	328
-395	253	-497	252	464	519
-224	-591	323	-206	-552	659
-518	126	-15	-342	628	-308
62	-159	-604	-442	-98	-191
165	103	-313	504	268	294
-592	225	517	-395	-530	-570
-340	377	555	-536	162	522
-586	458	-515	-101	-131	222
104	-517	625	317	558	-610
291	449	-159	-136	-630	264
555	167	-514	-653	-149	542
501	443	-280	-493	562	67
-171	-665	-541	-479	-362	-22
-279	575	-355	394	-258	125
-506	359	266	172	-273	-12
-432	-180	170	628	-103	124
521	7	304	-593	70	-377
55	-477	446	249	608	232
-12	-490	-257	-295	-211	430
372	72	366	603	364	651
617	-593	372	265	446	-586
-618	-395	-567	164	-195	-629
-8	-359	524	-367	-281	-28
-321	-10	634	541	-169	-150
15	-538	55	-357	-501	-46
152	257	-207	380	-131	106
-221	-554	-597	-60	547	424
-385	291	-152	608	40	530
-32	-583	276	-578	-189	343
261	-264	224	-221	551	-431
-169	605	24	-370	-512	-451
-297	-428	606	636	375	293
55	-649	-662	-454	-213	60
481	496	301	-394	-187	396
-37	-495	-379	-365	-152	256
604	-520	-644	-421	553	-217
467	461	75	646	432	24
-4	185	0	-132	-196	-625
-276	608	41	27	586	403
65	89	555	350	-206	-4
-540	-115	-420	545	86	113
347	-114	87	343	-589	153
-647	531	-308	-537	-486	-520
-467	572	578	13	-154	482
523	-482	-110	-53	18	-129
277	-493	-441	-303	81	-627
-63	-158	-18	236	-98	231
532	-561	-639	534	293	649
-496	10	-380	656	650	-473
-129	236	-538	-184	-94	345
180	-589	-294	-1	-281	19
-326	613	-585	-68	106	462
-285	23	449	-116	-87	521
-610	119	353	250	561	-140
220	-449	212	328	-387	614
-418	557	580	-622	374	647
378	-140	-485	-424	-106	-346
87	324	-349	-148	69	-166
-575	144	598	-107	-427	340
504	216	554	391	388	-65
129	278	-164	-49	241	114
-456	-140	-526	372	129	-36
-564	12	-658	507	-434	-510
247	496	-635	-240	146	-649
354	397	-643	325	-494	-538
-627	267	268	219	-473	167
-198	-505	111	-122	-164	-217
631	467	325	-545	194	573
-233	-531	-422	91	-624	-75
27	-521	-351	490	-379	-531
-659	-279	633	183	-399	211
563	459	507	-299	-591	-113
-373	-145	-103	613	95	442
-592	-609	433	533	-109	647
620	-546	-65	18	-420	414
-76	461	304	5	22	-620
-92	640	421	-439	-114	-400
17	171	178	-461	221	-167
437	-418	134	288	504	89
-647	-239	69	406	-507	371
179	310	-253	259	-341	178
-66	-554	-60	-72	-42	309
-83	-412	-440	666	-13	396
351	164	-628	455	398	71
591	-17	324	438	268	365
-466	-308	-257	-31	582	262
254	-350	-5	-168	292	171
549	-218	212	415	-56	38
-166	-509	-5	83	342	189
-616	-503	520	48	-623	521
-285	49	474	-473	265	-600
-447	-536	541	127	-541	-93
102	-347	-6	73	-80	464
312	-203	-621	63	592	-598
498	639	-246	126	-602	-586
261	315	-655	-282	277	-388
496	-14	128	61	602	152
545	500	41	610	-500	204
-621	-136	504	-467	-652	-11
575	-249	-634	347	62	-577
-588	396	-345	195	-174	244
-227	-284	647	557	582	-435
642	-355	-563	-264	186	32
-237	176	-350	328	420	-580
-317	-102	535	-373	-208	401
-70	-333	481	603	-471	-314
75	635	-535	-365	-324	-351
613	-292	-484	604	-126	-469
-376	57	-466	-45	579	330
107	-597	350	17	-267	635
-178	-402	-352	-430	-521	-382
51	660	-462	215	-521	47
-345	-466	-91	-474	-66	418
-559	342	316	-535	-463	582
426	-446	268	498	-619	153
-319	466	-86	-276	-419	361
273	99	-421	568	-210	-315
-37	501	642	143	32	-38
-624	-212	469	-362	223	-380
-447	-318	-578	-505	417	-439
-372	-147	155	235	122	-63
268	-569	-382	492	276	498
-428	171	410	-309	191	-437
29	329	-178	73	-44	-331
-555	-165	273	248	107	422
397	-137	-202	399	-144	-295
-90	213	-366	-351	198	-342
-150	-435	212	258	-636	118
158	-385	159	148	238	-316
449	303	-579	627	123	-152
-163	492	-22	-395	501	-364
79	-287	-203	45	-620	-509
-59	501	431	130	-465	8
-351	477	-621	353	-599	-452
178	577	249	-338	-105	222
305	65	262	-39	261	320
-333	475	-167	37	48	127
-444	-481	-386	-522	-615	113
212	256	-192	246	-321	-572
45	309	401	512	165	306
-546	-401	276	-450	459	-5
523	-507	-651	-244	-23	-289
141	-632	645	445	265	-53
-641	447	-477	-123	-503	-21
307	-303	-619	252	170	501
120	283	-502	-663	312	-355
282	236	-422	-598	264	-460
502	342	57	391	332	-277
495	235	60	-458	111	-590
-348	203	-631	-272	379	465
0	309	666	-210	422	-483
-183	354	-197	438	-620	446
-140	-139	100	-315	446	-110
389	3	-369	21	73	-98
-390	580	-294	-50	-396	172
396	-198	346	169	175	-130
342	-416	-661	-356	573	-398
-97	-426	278	142	-660	89
-102	-264	23	531	-658	427
45	47	-455	-622	-92	318
-392	108	545	-218	533	79
207	-307	-39	549	144	-391
655	538	635	-660	227	-537
-525	59	-96	-15	-273	-272
-79	560	-644	392	-519	-126
229	-389	67	-566	-417	141
360	111	-270	38	347	105
306	191	208	-65	613	58
626	517	133	-664	-145	-566
-76	287	-271	-497	44	419
-132	-325	-442	50	-69	-374
-522	157	-436	566	193	-144
203	-123	556	534	-272	-603
-485	406	-483	500	182	508
11	-85	442	221	114	-392
-636	-412	-60	-239	-611	-622
305	-309	-50	-356	-369	286
-472	192	406	-169	-488	-613
-321	137	274	-111	288	-607
-276	474	131	-398	608	451
-591	107	270	616	-66	-127
-84	40	-300	494	-628	-570
-15	453	472	264	-509	632
-621	198	-178	431	630	247
-413	409	154	-340	644	63
-78	-225	173	-637	-533	-256
199	497	-170	485	-51	554
-15	-387	-600	5	-32	49
-100	-112	187	-210	184	-116
187	395	326	556	-663	265
586	-109	-96	297	-182	-484
-274	-389	549	283	-138	-597
-539	454	123	-118	-521	373
224	-414	97	-226	108	-320
268	-324	-443	19	29	544
103	289	-261	477	-503	625
199	462	-167	287	331	339
449	39	-108	-57	-615	-223
-481	419	-543	-130	226	210
-33	-412	-360	483	-662	525
-147	602	418	536	-528	-651
-126	-67	-118	49	-511	365
469	606	-357	282	-206	-548
139	494	-445	-274	37	381
3	-349	-286	525	-478	243
-96	-234	-63	541	344	386
-588	138	336	158	-268	364
-628	-125	-124	-631	390	50
95	559	-315	-620	-589	-175
-583	341	-146	125	-71	-324
-659	470	269	117	365	-121
-608	-381	523	628	24	-469
529	-140	10	378	-499	-315
50	125	404	571	5	-524
-163	-160	371	-141	-254	-508
172	640	213	463	493	638
314	200	-483	508	-157	167
641	233	-627	-529	98	627
283	-649	251	-162	360	467
174	-340	-337	-302	-181	-305
-122	-427	-415	-485	-89	-80
-63	-242	124	-362	-563	-638
131	-593	-227	115	-596	444
492	-492	564	-32	-547	-14
482	-380	-133	95	89	-96
-216	568	-241	-218	-598	449
-336	-505	279	-418	-502	511
-101	652	-407	56	3	634
-437	338	-266	572	473	-484
-446	63	30	620	93	-180
-346	389	-512	-154	-392	475
522	411	-219	248	-647	88
-294	232	-451	586	644	436
313	-267	-331	544	-484	55
510	-642	-340	-166	369	-48
-285	-631	382	522	593	-400
170	-475	243	-176	361	-295
579	162	-43	133	408	-647
-423	-252	91	-641	511	-528
209	74	300	-538	539	-95
143	-272	-79	317	252	643
630	-383	-536	-289	-327	264
-447	157	437	378	-539	630
-11	-570	-414	-587	-260	-664
-302	-382	32	228	620	538
-318	248	60	-400	-27	-258
666	-479	272	-253	-553	165
416	298	402	-51	-479	-409
-242	204	44	-94	234	29
-353	-147	-386	-477	153	487
528	223	30	-649	322	-433
-47	-401	-259	-502	186	106
463	-216	552	660	409	-569
-369	-652	307	-484	-438	-127
280	-389	-197	-111	74	90
-406	219	351	-465	-342	-646
356	585	302	148	188	-257
25	-610	-518	-654	-524	-371
50	351	-298	-460	-555	271
-540	-104	624	215	-514	-429
330	337	-441	-489	-531	-212
143	-627	634	-422	-273	647
-475	431	227	-455	23	95
-67	-508	243	-540	-647	586
373	613	-360	651	218	497
-479	177	59	258	51	530
-269	-588	632	-296	-63	510
-47	-251	-143	-348	625	-104
-519	42	-28	569	248	455
-351	71	-585	25	-285	-503
-188	-564	492	401	-434	-307
339	211	-637	122	205	638
-175	-194	123	-308	131	-403
-420	-650	-204	-27	-539	261
246	610	-607	-566	555	374
480	-475	-194	343	548	579
204	315	232	120	-390	205
49	-561	-609	141	100	457
635	589	663	-238	-456	384
67	-440	-344	34	454	-434
179	-121	316	413	-640	431
-524	-10	39	279	597	-594
-550	366	-319	-552	498	345
536	-417	559	133	-561	491
387	-530	-179	65	-196	113
-58	-337	-376	-376	-43	167
317	653	305	-589	-118	232
-99	-481	-642	27	-140	-558
56	81	-8	610	19	-79
141	319	183	-628	477	543
325	341	-142	-595	653	-656
-351	232	-49	118	464	-176
536	-563	-385	-640	-424	-271
-104	348	183	238	401	309
-411	69	454	650	509	-635
-253	456	-596	-102	32	-601
-500	-168	-600	434	-74	-619
-630	9	-179	8	-409	-171
492	173	-244	-518	-503	-240
-281	-163	112	212	185	373
480	568	509	318	482	-521
-453	-52	-546	70	340	182
137	-455	-190	-418	-508	-398
-75	-101	564	584	-592	452
-376	-214	556	58	-517	-477
321	52	-588	583	47	601
448	-336	645	301	610	250
-205	387	-114	-480	339	189
-83	297	-425	372	215	-182
-541	600	38	341	156	70
-97	-100	-192	-664	-198	-270
-422	-247	284	-62	256	-398
527	534	-210	-104	-562	296
132	-536	-217	-467	150	-92
-260	373	-242	155	93	-104
219	-463	-179	-568	-627	-303
-232	475	17	-535	507	-54
658	-332	-430	-218	-172	-317
319	-28	516	440	-260	209
-168	-585	252	-563	270	-419
-571	-22	-397	244	-641	296
-606	-316	-230	470	49	-203
-154	243	-164	116	24	25
154	651	-418	-426	-11	626
-530	177	585	-317	87	-222
-274	600	-457	-182	-181	494
508	-24	204	-288	213	-622
-582	285	83	83	-117	105
558	-272	-285	-164	417	648
23	519	371	1	-262	159
-518	229	-121	422	605	524
-577	-13	-394	-96	-425	286
-532	-163	430	600	310	-389
114	-143	190	170	147	458
276	-88	465	-652	179	424
-659	524	1	-514	-490	-119
102	638	344	-653	-83	539
413	-618	-79	604	-456	471
351	-226	-434	212	306	-409
151	-196	184	457	220	468
-508	507	283	-492	411	532
271	-122	526	-103	93	-315
-168	574	22	138	82	406
-318	337	97	-234	155	-352
419	-503	-173	-269	569	466
-621	-348	-394	564	133	154
143	577	230	76	275	0
70	37	-333	-351	598	294
-313	-471	-569	251	-108	374
69	397	-662	140	-360	-344
-321	2	-210	-666	-114	336
79	13	619	511	211	65
164	-6	298	-458	131	7
-292	206	-483	-541	111	-619
-528	-136	-382	-493	-430	239
487	-160	-328	-465	403	299
301	319	267	265	-462	-139
562	-592	-651	-306	-629	134
643	579	-574	651	602	-344
563	117	-362	-228	538	-59
-213	642	-234	12	628	94
107	211	664	-262	360	-495
-221	659	162	-498	222	584
649	-88	-479	325	381	441
-3	4	-474	259	391	-253
135	404	-42	-611	241	172
316	402	-530	188	383	424
579	-543	314	-471	-535	25
-645	-19	-322	-618	-72	-610
180	-581	184	216	581	-484
445	-408	470	-91	616	216
227	-278	420	-34	-538	-419
-442	614	-195	-172	-360	-655
45	598	-484	-569	-531	184
378	142	257	-368	488	137
-194	-646	607	649	-54	-176
-95	229	-663	-299	-430	193
64	-429	656	-340	191	162
359	563	356	597	-608	-545
-370	-398	584	473	237	631
573	565	-314	615	-503	25
-256	510	478	-52	-34	338
604	-222	-179	548	-538	-63
93	-167	-17	-356	284	-67
-622	-177	-546	-42	-561	509
-235	-474	574	-371	-156	-258
469	457	-383	-120	-202	526
142	-408	360	109	-429	95
69	619	571	-393	194	48
-369	68	384	130	-352	-92
-5	271	-497	-474	-207	662
-475	-321	451	-334	96	-76
392	56	-415	-633	183	-359
152	-24	142	-138	-158	421
590	-20	15	-133	565	-250
-317	-91	-129	605	-280	407
211	-329	-445	83	-602	-163
-255	-595	257	29	-356	-335
-72	-584	-340	-503	-322	322
-603	487	77	331	-167	8
583	-662	268	604	-659	-597
-477	397	331	349	-19	-402
-576	519	-613	260	601	605
335	-572	-91	-69	366	-634
273	30	-627	-492	-281	-69
-398	580	-272	196	375	649
-649	416	96	-284	-391	-582
-337	-594	-163	-125	628	367
133	-217	-163	-75	-253	-516
563	-261	475	440	617	470
31	78	-256	585	-474	-541
304	-391	-212	-240	-647	-500
169	333	194	-111	-191	-419
33	615	397	309	-274	163
103	482	-273	256	-296	-167
501	-37	-278	513	-580	-358
-79	396	-149	-278	-231	494
279	-188	84	-3	-309	-227
-499	500	58	-10	-197	215
477	521	467	-93	-575	76
-433	463	-188	-533	-71	-320
-471	-574	-90	-461	619	441
-526	-50	643	65	-272	-173
243	-335	-336	-37	-207	-5
272	255	358	-313	57	373
545	-607	-573	-622	-31	-143
615	474	413	609	-324	-556
-244	405	-582	-178	-470	-445
-504	110	468	76	-524	-600
-559	192	-628	-21	-108	-381
-210	74	-541	-253	508	-124
33	66	60	183	-527	-190
-504	-53	112	139	-347	-369
-119	-130	281	-486	-452	-131
396	-101	-212	666	430	-592
270	-126	429	238	259	-29
-332	529	-230	-463	-24	-101
-338	-618	-458	-69	-108	173
-77	445	-95	282	99	389
13	-206	-503	335	-50	105
272	-169	-473	21	-264	556
-6	-541	127	74	-485	-162
-639	-31	-315	-360	-24	-500
-538	-657	249	-328	-515	415
-5	-507	3	-165	42	-151
-482	-40	-400	-558	-464	444
-366	257	28	148	452	658
-492	-385	-291	-443	-392	-648
-163	-234	79	-640	-223	238
142	169	-166	-25	-194	-410
275	-303	105	656	-177	-463
233	318	-119	186	108	570
-285	-423	305	150	460	-287
-350	354	-364	-49	-340	-394
-369	-282	266	117	372	-251
-498	-55	-179	597	628	-548
612	-565	-151	-192	268	145
-148	-60	67	291	-446	-613
-4	486	-374	233	254	-553
-418	464	282	177	3	354
344	-380	597	-568	-7	527
-72	270	-660	-302	-332	368
367	-564	-616	-258	598	-69
-114	-259	-457	-473	509	387
311	624	-519	-337	570	-594
260	29	-165	359	-543	-153
649	-340	37	469	288	-216
-28	-471	-438	607	376	-661
112	-179	-188	-250	642	660
587	-456	367	-221	-109	-120
234	440	-452	-166	586	-187
141	-163	-151	614	-34	-260
231	-363	-327	-99	138	102
-612	-90	126	379	13	-143
584	485	645	-137	544	-155
-16	-509	-548	-271	-469	-173
436	627	327	8	72	647
235	128	333	-658	-116	-532
411	256	-137	-82	471	-307
-357	-143	-367	-472	-74	289
-531	-368	47	-412	-536	529
305	494	-422	22	446	613
-409	505	-544	-154	11	-582
491	-335	-404	391	-292	134
507	-53	-220	50	234	237
-433	524	386	-137	-170	522
648	454	417	-660	127	188
-278	-328	387	-556	-482	-314
218	-186	93	-73	261	435
-203	-202	504	363	-495	210
-501	-34	153	628	552	-311
-552	-571	-619	-393	75	186
-569	-451	551	523	-565	-460
262	-227	-597	290	67	-405
-143	195	408	-630	16	195
629	501	-88	-659	471	-277
299	-379	-347	305	345	-300
-237	-606	-307	-432	-590	78
435	586	-392	545	414	-128
-239	112	-150	-575	605	583
133	157	-271	-125	-427	442
-643	450	-5	-333	-336	-21
633	523	397	97	-361	616
-288	-154	575	-391	-288	-164
147	-430	-36	467	-620	494
175	373	-310	-31	-124	-310
340	362	649	-119	-354	-636
-318	-7	-295	-620	573	-357
589	-381	207	174	-216	-58
-569	42	-15	-5	330	-290
17	-167	-99	206	526	117
-353	175	-305	647	-330	416
-230	450	-452	-75	0	-650
73	-191	601	-594	150	-432
-96	-358	285	61	391	530
-547	-287	-177	-463	-100	368
568	-435	-61	643	537	403
169	-349	-98	-645	-284	650
-179	-25	399	74	562	238
-652	294	-10	242	-351	-174
290	-294	-65	382	609	37
44	-627	59	-154	424	-202
146	191	-355	-152	-79	558
-515	-206	212	-663	-343	-421
-578	6	158	-579	245	-452
152	-280	-381	511	-665	-569
-39	-168	-174	-439	508	-134
-402	638	585	-96	439	-173
-548	-600	-376	-159	534	-54
-219	346	310	664	640	472
-287	-204	347	-172	-235	291
-585	206	-482	409	-217	-570
-144	371	203	-37	441	-552
463	502	231	174	78	489
568	-96	125	-443	40	-97
-595	592	178	511	-433	-341
-597	84	255	-361	-571	96
-211	-599	-280	-152	114	-534
-590	292	431	-76	-560	-149
-149	-421	-159	-596	41	36
645	463	260	-458	610	235
422	346	-207	50	-321	-602
-29	-505	167	345	34	-82
560	130	554	-251	435	175
-171	-416	-331	-4	-111	-3
-254	291	631	-309	288	461
-363	417	-639	-535	429	-641
-271	153	131	-427	-553	445
624	453	-350	-126	450	189
-478	113	-54	326	164	344
430	-67	-80	72	-52	17
467	-96	-631	297	-556	-448
392	623	355	-306	11	311
-572	-361	-241	167	346	-453
497	-388	181	416	651	-74
-472	342	247	482	-551	-566
353	-100	-551	-261	-147	-281
-199	636	369	41	339	525
-155	421	-2	-73	66	18
498	99	-559	95	235	201
-332	601	217	552	-418	215
123	23	-172	-179	-497	514
-498	410	178	489	-492	-594
164	103	456	-396	-46	-393
76	92	660	-171	-176	330
435	550	-278	-396	134	200
550	-122	-114	323	-567	398
543	489	-276	-310	-157	-489
-478	-483	651	573	97	-61
665	175	-112	143	-373	637
8	-121	331	399	639	215
-462	393	517	-378	564	-178
-461	-1	406	497	244	353
269	-584	-490	-591	-163	-145
507	-530	-386	591	107	518
568	603	597	-75	143	340
160	-299	-212	462	-145	212
666	18	182	-80	215	198
-564	1	59	-332	-35	69
214	-502	-81	502	624	-451
186	110	-119	-408	429	188
-107	-35	-213	-621	73	309
-59	-606	239	-314	-378	617
-233	-484	-196	642	593	-72
338	83	-361	422	-90	93
79	-35	-130	-115	-341	-565
181	-95	-521	-660	-493	326
-593	497	-192	-404	-128	227
333	-531	-364	356	347	368
-134	-431	-566	-573	-652	559
-199	-357	546	-117	441	-553
223	66	-286	-84	188	-85
104	-643	329	447	-659	-334
1	479	445	-178	-402	-1
562	392	422	402	501	-302
32	278	272	-367	-531	67
-152	-588	69	-464	-489	-484
-211	332	-35	295	-258	474
-604	-529	-662	474	-421	-623
383	-420	-219	113	-233	-586
221	-573	444	568	77	-390
-644	-55	487	-296	86	469
-108	332	-143	-181	369	-40
56	-280	-650	167	-82	-289
-163	-423	-327	-66	174	422
-623	326	457	-555	47	605
527	-632	-288	272	-237	230
8	272	465	373	351	-112
-183	-519	387	-62	268	261
-224	241	377	154	-401	-114
77	-183	61	662	75	-290
-115	21	-539	-464	-54	600
517	274	77	-441	-318	473
-266	-257	480	-131	-361	10
119	129	-71	-131	-398	7
-114	-223	431	-545	64	-389
64	-629	-193	91	67	-242
402	-610	-387	-397	132	537
-169	-20	-44	-140	-640	-93
404	-312	305	525	533	-349
-68	-128	-186	269	255	223
-400	632	358	79	-489	565
-77	-394	-387	271	301	-561
530	-199	-164	-652	-303	-106
113	151	319	-373	-39	-309
-608	-169	-335	451	406	548
-142	-98	-167	59	188	-645
-210	291	493	-27	461	-243
291	211	-142	635	-482	-525
260	82	-562	-56	-321	-391
533	-225	-399	52	291	-212
-371	-11	-423	643	399	-466
624	-559	254	-565	84	-653
224	-48	-138	310	-117	-648
-5	-426	598	387	-410	-518
-78	-502	95	-618	552	-567
580	164	-294	284	299	179
196	-521	-63	228	364	-513
366	-53	406	619	-19	332
72	-163	-307	339	536	-44
-651	188	435	12	-239	363
330	-224	-373	490	159	-361
-646	-99	263	461	646	-35
-632	488	574	578	316	-92
419	164	441	-387	92	-222
-414	-218	33	-26	-501	661
-440	130	222	607	-28	-395
286	-207	467	113	-2	-530
69	175	278	-45	-422	-375
502	-344	-330	363	-26	-613
646	240	-288	-5	444	-42
-21	-142	-462	201	26	-371
419	235	-171	-393	-52	-356
255	-446	-631	-374	218	410
-644	-122	605	89	-606	-17
95	-565	583	-167	441	306
-459	87	238	413	-296	159
-450	-237	-18	243	23	-313
600	-222	-138	-548	-573	-532
235	438	554	237	-575	-23
-661	-360	-250	-324	-566	-438
171	-88	31	-81	-486	511
-412	-627	-515	133	-559	-306
-410	-623	-339	-240	639	-457
506	258	466	-490	-512	192
-557	527	311	375	172	-429
-128	-142	-214	-395	2	-223
276	-333	167	-199	653	-575
-265	-579	436	27	559	538
-656	532	-621	530	584	536
216	-244	-451	105	221	168
-607	645	-492	-57	173	-102
62	-107	-642	583	-248	-351
322	335	-306	-149	-597	-412
419	495	324	580	-94	-508
278	175	409	370	-334	283
665	356	-243	-140	-40	-283
132	38	449	-2	350	-656
-270	-626	332	-7	-20	53
189	-659	-397	-149	598	-280
338	277	-496	-273	409	280
-318	383	-368	227	454	149
527	-354	-205	386	372	20
54	140	-92	416	-517	-222
-113	-75	-171	309	-136	360
142	303	172	480	294	-567
17	6	124	-175	-130	-637
-378	-420	484	60	-643	545
-181	-515	461	-563	-429	395
557	274	-369	-268	-467	-264
-631	-434	548	-645	-580	244
370	-378	26	-112	-51	220
514	-653	415	-507	-131	-590
-399	72	-327	615	610	-105
-286	349	-363	589	-557	100
-592	-135	-602	612	210	-385
-622	1	299	238	150	-642
110	-471	472	-70	-628	299
120	408	-424	-96	-3	370
-656	-633	-458	-389	158	108
198	652	656	-609	280	104
-149	-347	262	48	363	174
497	-521	-142	-46	-351	-427
516	-562	662	-215	433	430
228	-76	-627	170	-207	-438
-4	606	-28	106	-523	-410
294	52	-367	-288	41	124
245	-315	289	452	-590	-274
-308	-41	-184	-49	-111	446
-388	-136	-652	-655	107	-522
12	-392	-296	-538	490	-345
-228	147	-576	-24	334	-304
59	-345	-552	584	-586	-484
-596	-359	-394	596	638	469
340	-71	136	-16	122	-180
370	307	405	318	525	-545
550	-502	-115	600	-285	-562
94	-583	-466	-71	-451	-440
-610	363	40	-607	-560	443
83	460	253	-247	149	179
-394	-457	-587	-632	-137	165
-61	188	383	498	240	-537
216	411	369	-658	33	519
-331	-179	111	-113	-413	36
604	114	-202	93	287	-280
40	-215	-23	347	-244	70
368	137	199	-168	556	-385
-317	536	350	512	221	-177
-471	-325	-210	-267	-654	325
98	188	185	232	276	-68
-60	306	-354	135	221	-36
-300	647	-521	604	479	523
219	-108	-449	-359	-67	-433
359	561	-448	166	-227	-407
-337	641	518	-113	-219	197
-273	530	86	223	-32	-111
-187	-299	575	154	543	-658
273	-418	-179	274	-391	330
-351	226	65	297	662	-523
289	-665	357	447	240	583
521	-38	646	-504	-503	303
50	-457	400	317	339	-177
-43	594	482	500	-278	264
-189	-159	455	276	-170	225
458	226	250	-350	-413	-486
-594	-164	-620	-40	-188	233
510	76	-156	-148	421	388
-332	-211	277	-28	292	454
